date,1d_return,5d_return,20d_return,percent_ma_gap,sma_crossover,20d_drawdown,10d_volatility,volatility_ratio,volume_zscore,rsi_14,target,predicted_prob,sample_split
2021-08-25,0.0020983548005446,0.0221549250876633,0.0229701706811293,0.9108524517936109,0,0.0,0.0059350345029773,1.167475946752636,-0.8434188511776843,65.2452025586354,1,0.585319858306191,train_dev
2021-08-26,-0.0059031877213696,0.0145500841176737,0.0127311925564508,0.2892310319951819,0,-0.0059031877213696,0.0062868415651806,1.1940563646131797,0.0489696309737194,57.43003547497037,1,0.5819627550029961,train_dev
2021-08-27,0.00894097611258,0.0155404186214362,0.026772479532964,1.087547091866732,0,0.0,0.0068584789959508,1.2681672150184315,1.0443346035262109,63.99999999999995,1,0.5057488996708794,train_dev
2021-08-30,0.0043975569128262,0.0111121048159907,0.0334559747709044,1.412322955069396,0,0.0,0.0069337223887753,1.2873333303421828,-0.4409618476581409,65.69175156095955,0,0.567685141211502,train_dev
2021-08-31,-0.0014815470004201,0.0080139295042078,0.0235974158449507,1.091599430469857,0,-0.0014815470004201,0.0064742174777481,1.2441241460885923,0.1268133980774732,62.96666666666664,0,0.5639498278384213,train_dev
2021-09-01,0.0005314908317832,0.0064378160433049,0.0292040639664676,0.8603715626437081,0,-0.0009508435972845,0.0047789693368599,0.9545295786393284,-0.4313974407253519,61.57039086821164,0,0.60957182449701,train_dev
2021-09-02,0.0030765825586542,0.0155290637744811,0.0258737776168054,0.8705058549364653,0,0.0,0.0047572011164448,0.972610446206598,-0.7564376135659786,62.32621227534749,0,0.6075341472515032,train_dev
2021-09-03,-0.0002427238023787,0.0062853970016656,0.0239327442428076,0.6283162058496151,0,-0.0002427238023787,0.0045080128246315,0.9196065358261208,-0.5250473989449551,60.70052539404541,0,0.6158945554677437,train_dev
2021-09-07,-0.0035755275006621,-0.0017026734183933,0.0211023906995679,0.1750722811097202,0,-0.0038173834374104,0.0041759230255644,0.8352520095573405,-0.3238282669932282,63.619676945668,0,0.6136008640205413,train_dev
2021-09-08,-0.0012182696141407,-0.0014394543360792,0.0185913074907382,-0.0121960684310201,0,-0.0050310024493037,0.0042218117240015,0.8401632037311942,-0.1179412928921263,75.57784561709548,0,0.567809963376691,train_dev
2021-09-09,-0.0042802333059812,-0.0062416998671979,0.011717517688945,-0.4417125675208258,0,-0.009289701891039,0.004456105570277,0.8667092913118769,-0.0593330042458711,68.85856079404462,0,0.583157149296019,train_dev
2021-09-10,-0.0078845382867833,-0.0171009951675897,0.000741389768821,-1.208720530506342,0,-0.0171009951675897,0.0047811524427196,0.8787429870152405,1.524043017984592,54.29397192402968,0,0.5664655870294136,train_dev
2021-09-13,0.0025592672413792,-0.0143462523174715,0.0014800861141011,-0.8752050394763509,0,-0.0145854939429378,0.0037424726741636,0.6859316606487715,1.079344410258423,48.41565703634669,0,0.593835206101949,train_dev
2021-09-14,-0.005396569483631,-0.0161476099765205,-0.0062644025326085,-1.233442364865008,0,-0.0199033517950527,0.0035015115738556,0.6296710329202383,0.7617126553251419,41.79620034542313,0,0.6347248782399366,train_dev
2021-09-15,0.0083526577661705,-0.0067197445166441,0.0086478695613008,-0.3269173849279723,0,-0.011716939914826,0.0047548360321673,0.8376889046220451,0.8725240595682402,48.01388353258768,0,0.58242327830524,train_dev
2021-09-16,-0.0015852460480485,-0.0040313599714909,0.0181929960380708,-0.3822796879385749,0,-0.0132836117301793,0.0047356674280905,0.9400895228610489,0.8843201921961149,51.896623593163866,0,0.5865861883801753,train_dev
2021-09-17,-0.0129033700829662,-0.009069683908046,0.0035011139908152,-1.408733837085419,0,-0.0260155784549527,0.0057807417628683,0.9791745585337164,2.7090497806429057,32.82887077997667,1,0.5794137942935739,train_dev
2021-09-20,-0.0166742183960125,-0.0280800752384789,-0.0210212919523637,-2.638609430622938,0,-0.0422560074141088,0.007193412226704,1.07169010336538,3.206207065188144,20.802568218298475,1,0.579667268960414,train_dev
2021-09-21,-0.0009446133996867,-0.023729653060765,-0.0304744443947592,-2.33998468537453,0,-0.0431607052229748,0.0072689668544332,1.153485844181405,0.7126417734460568,20.97766267400445,1,0.6226724700350126,train_dev
2021-09-22,0.0097548601342158,-0.0223720639456996,-0.0225684755675603,-1.096642309386404,0,-0.0338268717315033,0.0084649836613153,1.2518403089973384,0.9343389083826384,30.017201834862348,0,0.5725786129891567,train_dev
2021-09-23,0.012150002283835,-0.0089227810452401,-0.0127642511862066,0.236353150055969,0,-0.022087866016461,0.0096753546065972,1.3144486200395256,0.0270572449286126,37.10383921669672,0,0.5820475854350413,train_dev
2021-09-24,0.0016471862448665,0.0056864521975532,-0.0052659884372338,0.436216859510128,0,-0.0204770626006751,0.0094159463355959,1.2954653318870502,-0.466310694076117,38.37179812325644,0,0.6162869845946992,train_dev
2021-09-27,-0.0028609402806876,0.019813842042208,-0.0169017212659633,0.2382311113526554,0,-0.0232794192281383,0.0093887766359792,1.3496863927597214,-0.4612365794558277,38.715455475946776,0,0.6062005397034138,train_dev
2021-09-28,-0.0201518163744802,0.0002075502156215,-0.040930499966831,-1.5487704945941665,0,-0.0429621130210285,0.011173264375161,1.385688827300828,1.637699915094745,31.88619599578503,0,0.5650224710132533,train_dev
2021-09-29,0.0016831135294659,-0.0077878774037364,-0.0378908672158738,-1.081511839708561,0,-0.0413513096052428,0.0106522134901391,1.3140919155479742,0.0663744503482403,34.29189189189184,1,0.5843934763598022,train_dev
2021-09-30,-0.0122223500978247,-0.0316801299697639,-0.0501549358123063,-1.8877587180524928,0,-0.0530682495200688,0.011021226225859,1.3118581002270258,1.6958242201802305,33.027905039566804,1,0.5541749184618809,train_dev
2021-10-01,0.0118842335834459,-0.021783694893109,-0.041814691409784,-0.5589892850845165,0,-0.0415820605632558,0.0115825143482151,1.2977018314627091,1.2259310339885732,38.130050019238176,1,0.5185996429616019,train_dev
2021-10-04,-0.0128960943257185,-0.0316284113500813,-0.0539419087136929,-1.7198566518625804,0,-0.0505471138085322,0.0110861947493637,1.20105075561159,1.095616547796892,35.92532173282579,1,0.5761122489866132,train_dev
2021-10-05,0.0104050018663681,-0.0014294936825601,-0.0406680547556814,-0.6851828071398433,0,-0.0394979042380962,0.0116798210095193,1.206439754579001,-0.1469585066722662,36.78469241773968,1,0.5738517922888136,train_dev
2021-10-06,0.004156084045255,0.0010357923811714,-0.0355059768024662,-0.2046848037596038,0,-0.031359971490935,0.0112845302516279,1.1539538489486156,0.5074040686951853,39.23873004736008,1,0.5655879418153504,train_dev
2021-10-07,0.0086456656702691,0.0221839026890993,-0.0229854336496057,0.7626223181880945,0,-0.020585871215504,0.0108914505766169,1.086138002228994,-0.918154532012093,47.50909090909096,1,0.5942156398232028,train_dev
2021-10-08,-0.0018237359230384,0.0083364038319824,-0.0170168821839079,0.7188287117439359,0,-0.0223720639456996,0.0108539846674597,1.096016936941434,-0.8047027308105142,53.94302229562344,1,0.6003751306509851,train_dev
2021-10-11,-0.0072397569999543,0.0141144083613289,-0.0266245689462134,0.1728349541411123,0,-0.0294498526390997,0.0110103448929995,1.1043726034535004,-1.0652361379447357,51.03515625,1,0.6154400513989049,train_dev
2021-10-12,-0.0024615243046768,0.0012006465019624,-0.0237521669630997,-0.0714400940243823,0,-0.0318388854157363,0.0089557250003509,0.9020829851424798,-0.8467521930382632,45.58701082431307,1,0.6344150313504502,train_dev
2021-10-13,0.0035976200359761,0.000643826166935,-0.0283558095918549,0.2711962820533547,0,-0.0268130688552452,0.0090156563617412,0.9253092674302756,-0.7723034088166335,40.96657633243001,1,0.6306176330780038,train_dev
2021-10-14,0.0168206259478835,0.008753932430584,-0.0104434555090905,1.6449249894909357,0,-0.0031763195242279,0.0092427586987842,0.8753217137125545,-0.84197564308567,48.61411440927853,1,0.6088729284994098,train_dev
2021-10-15,0.0076158192090396,0.0182935184762251,0.0101268690530131,2.1461528240420287,0,0.0,0.0088840709438515,0.8641262228054076,-0.8804455048076284,53.04889560128376,1,0.6264786498918608,train_dev
2021-10-18,0.0029605041828335,0.0287561250546366,0.0302967468436088,2.015024283859965,0,0.0,0.0070126770430286,0.7418152781877899,-0.9866079966837056,64.84461097641608,1,0.6252156183800713,train_dev
2021-10-19,0.0077148415662247,0.0392509570591761,0.0392269907524849,2.392351020537987,0,0.0,0.0067994361997268,0.7133432745186247,-1.396257750047614,66.83302141817421,1,0.6292955410132193,train_dev
2021-10-20,0.0039277472039767,0.0395928121696769,0.0332297994792856,2.387170655091422,0,0.0,0.0067992320267344,0.725720618144562,-1.1736194592723648,76.11672278338942,1,0.6000983268828252,train_dev
2021-10-21,0.0026082535752967,0.0250621468926552,0.023489327135701,2.308533793461212,1,0.0,0.0066037302186324,0.7301025630858214,-1.3316741226630435,73.81245385183354,1,0.6024433138369328,train_dev
2021-10-22,-0.0010361780462531,0.0162603449435934,0.0207474488071905,1.851955916301208,1,-0.0010361780462531,0.0065392621927655,0.7219439248028209,-0.7431688606601746,84.47887323943664,1,0.5616985297660126,train_dev
2021-10-25,0.00536281779661,0.018694514635837,0.0291659136092536,1.9202759935297296,1,0.0,0.0053576838301828,0.5915615534000999,-1.1369712477568452,83.53749626531223,1,0.580881109914694,train_dev
2021-10-26,0.0009000109757435,0.011805432274099,0.0512773217744164,1.5046716280684944,1,0.0,0.0049474030258023,0.6596231191156772,-0.7115055201277383,82.82418952618457,1,0.5862348482153127,train_dev
2021-10-27,-0.0044302131765944,0.0033818881103422,0.0448613189089652,0.6347031659783268,1,-0.0044302131765944,0.0057885590070195,0.7557295398335223,-0.13486965714846,75.18127883981545,1,0.5854256325168264,train_dev
2021-10-28,0.0096488522712252,0.0104279194867611,0.0679964580323437,1.250610282795659,1,0.0,0.0043136769401584,0.6141968440011405,-0.8041413706913418,80.15919811320761,1,0.593720451096377,train_dev
2021-10-29,0.0020291499389073,0.0135284251412428,0.0575948784082533,1.1570561038949565,1,0.0,0.0040808093873453,0.6063387436028226,0.0551103327574262,88.7626262626264,1,0.548014983214175,train_dev
2021-11-01,0.001720195971693,0.0098562177587531,0.0732549458753266,1.0450665741232992,1,0.0,0.0040998862439318,0.7271565437762701,-0.9783085808900328,92.07006369426765,1,0.5773973635608911,train_dev
2021-11-02,0.0040431266846361,0.0130274585489955,0.0664973447240822,1.20330931973146,1,0.0,0.003766080867888,0.6966230996651427,-0.8667429743443704,92.14511041009476,1,0.5663801579763218,train_dev
2021-11-03,0.0061052175795628,0.0237476318456184,0.0685674867785699,1.5472894574107705,1,0.0,0.0039190957674949,0.7202799504621481,-0.6610105383610838,90.84558823529429,0,0.554482961493107,train_dev
2021-11-04,0.0047125150628335,0.0187423634142085,0.0644006747822916,1.729738915966373,1,0.0,0.0039700732711937,0.7478700330497009,-0.5579550621031293,90.43043812451975,0,0.5522770877449452,train_dev
2021-11-05,0.0034696194127346,0.0202068590092541,0.0700452199333119,1.7411055520811558,1,0.0,0.0037208731606475,0.7185331853066607,0.7687489836608384,90.53951367781168,0,0.5122833214083322,train_dev
2021-11-08,0.0008537340191663,0.0193244065733413,0.0787687777496606,1.5329652484572878,1,0.0,0.0037238879478203,0.8121568447554781,-0.7078425398638444,89.29952728835427,0,0.5710543519423719,train_dev
2021-11-09,-0.0033053973940673,0.0118640398354623,0.0778561874452286,0.9477485572104868,1,-0.0033053973940673,0.004184474473988,0.9000131647423719,-0.5612391121196636,82.47288503253804,1,0.5854069609365288,train_dev
2021-11-10,-0.0080448457358037,-0.0023670166982269,0.0653522680270233,-0.0732821794982394,1,-0.0113236517177404,0.0049366773306445,0.92310516406302,1.336115433614022,69.56691377292246,1,0.5542085109430204,train_dev
2021-11-11,0.0003235408308528,-0.0067250647876465,0.0480677966101694,-0.1582329576646136,1,-0.0110037745505726,0.0041799062755516,0.9711009310365512,-1.947640997843055,71.03911497431845,1,0.636028260104304,train_dev
2021-11-12,0.0075468443409447,-0.0026892621603739,0.0479960526610894,0.4218720113817378,1,-0.0035399739833238,0.0046415728199217,1.0794636145015164,-0.0674765156495632,72.21379833206974,1,0.5477153789405316,train_dev
2021-11-15,0.0003424144498898,-0.003198771671678,0.0452604038551847,0.2969663938752858,1,-0.003198771671678,0.0046627075382113,1.0792543918180053,-0.6521989387213458,71.94795254496752,1,0.5811391783425608,train_dev
2021-11-16,0.0039578118648779,0.0040652146005391,0.0413633942836852,0.5347226982930088,1,0.0,0.0046578255923077,1.1231166380529392,-0.4727812974667408,79.54545454545452,0,0.5402077287772318,train_dev
2021-11-17,-0.0024292533242413,0.0097493637030325,0.034769346389337,0.2170720533646068,1,-0.0024292533242413,0.0045196661329337,1.066637369122042,-0.5640292204234115,71.61091549295776,1,0.5739473482739313,train_dev
2021-11-18,0.0033964198743965,0.0128511977920089,0.0355827950351639,0.4967822544757476,1,0.0,0.0044090313893051,1.037502887129623,-0.3425660145958933,72.4123182207015,0,0.5556982218162353,train_dev
2021-11-19,-0.0017882613416217,0.003466946305134,0.0348031426553672,0.3093418676889695,1,-0.0017882613416217,0.0043432856651078,1.015044149381733,0.3790942934513469,68.88604353393079,0,0.5537190060827752,train_dev
2021-11-22,-0.0028151592057839,0.0002995100870717,0.0263856876303369,0.0560658067056417,1,-0.0045983863070274,0.0044253471162891,1.0283778101973284,1.7553092490560362,62.38532110091744,0,0.5181160321824513,train_dev
2021-11-23,0.0013260046624035,-0.0023227071258097,0.0268225282919554,0.1713775891174134,1,-0.0032784791263066,0.0043146935199163,1.002918113399482,1.5900529313421947,58.385693571773736,0,0.5309056794764836,train_dev
2021-11-24,0.0026698562549392,0.0027769470671166,0.0341454817817332,0.3139083404740879,1,-0.0006173759393695,0.0032418578983907,0.7927847979617053,0.6250938756432547,56.405063291139165,0,0.5878106657660992,train_dev
2021-11-26,-0.0223031697341512,-0.0229067762331551,0.0014182230755803,-1.8227088863742744,1,-0.0229067762331551,0.0081473936334324,1.2725135627608513,3.3202986599431106,33.28671328671339,0,0.5438645568081287,train_dev
2021-11-29,0.0122665969453341,-0.0091492674187975,0.0116494284158954,-0.5616149855315581,1,-0.0109211674791901,0.0088080627889257,1.2670828277153576,1.558616079700163,43.600354714750246,0,0.5189161700822034,train_dev
2021-11-30,-0.0194575979337064,-0.025685993541074,-0.0097382836275107,-2.248104764213995,1,-0.0301662657271198,0.0106260824261594,1.2861853961467236,3.218031417869116,35.69699903194579,1,0.5250585652846159,train_dev
2021-12-01,-0.0111072087101589,-0.0377838057199,-0.024680666810998,-2.9427416036315126,1,-0.0409384114278416,0.0106738273799778,1.2530892703396626,2.13407547402305,34.60816518066635,1,0.544593293841549,train_dev
2021-12-02,0.0153163152053272,-0.0256475800954328,-0.015751420210019,-1.2276363950462783,1,-0.0262491218359484,0.0123170868864923,1.3447421500245167,1.7052271953329916,43.5487137938019,1,0.4849151511523622,train_dev
2021-12-03,-0.0087013554875381,-0.0120922936139616,-0.0288920777023409,-1.7410186064049704,1,-0.0347220743831563,0.0122950177911153,1.3322184354750026,1.728817827798793,36.1083249749248,1,0.5349158094739318,train_dev
2021-12-06,0.0118433240703983,-0.0125053809728798,-0.0207884233666999,-0.3592184934541557,1,-0.0232899750920742,0.0132216394743914,1.3710672790977243,0.5880450388134166,42.15401380312387,1,0.5272942728792219,train_dev
2021-12-07,0.0206848449181542,0.0279216788128895,-0.0013861343910606,1.68615571696903,1,-0.0030868796968471,0.0150426862658793,1.3934488549101105,0.4310818957867567,49.20255183413077,0,0.4995673216424159,train_dev
2021-12-08,0.0026479883830188,0.0422197558268591,0.0045787153921861,1.9259825289592083,1,-0.0004470653354055,0.0150589565264398,1.39669815498155,-0.2675377003773888,51.098726114649686,1,0.552936645553113,train_dev
2021-12-09,-0.0067515760776962,0.0195671184958461,0.005888443121522,1.3057768296842038,1,-0.0071956230174781,0.0151943024188229,1.4156603097223588,-0.5711475802249876,47.374961168064615,1,0.5963579828260006,train_dev
2021-12-10,0.0094135306100568,0.0381985796832957,0.0150290014446816,1.998630600022545,1,0.0,0.0133486176427373,1.2220996735231562,-0.1822123789402104,51.3616958633888,0,0.558603599627552,train_dev
2021-12-13,-0.0088583931682032,0.016957649469256,-0.0014980632182677,1.0519521867480386,1,-0.0088583931682032,0.0133231201919034,1.210613012617833,0.0890238764640263,49.29358575868889,0,0.5842885743578324,train_dev
2021-12-14,-0.0068799965707181,-0.0105065345519773,-0.0087071861027319,0.1874622967266448,1,-0.0156774440243021,0.0117275254100204,1.0555038801923655,0.3193012998948339,46.70846394984326,0,0.5946832445415918,train_dev
2021-12-15,0.015625,0.0023002215028113,0.0028128196385954,1.3125857098877682,1,-0.0002974040871818,0.0115132087527461,0.9887693720092564,0.8638417201677263,50.730846774193566,0,0.5355467139187586,train_dev
2021-12-16,-0.0088185295367616,0.0002144312211858,-0.0036100311872516,0.22388957645764,1,-0.0091133109572163,0.0115081610092776,0.9747255926682166,0.7713257226266322,55.12048192771082,1,0.5671350075102236,train_dev
2021-12-17,-0.0141065494693964,-0.0230913030547648,-0.0209907819385605,-1.3266731466163704,1,-0.0230913030547648,0.0121753014088927,0.9999797601174308,1.3051340855177818,46.80362211109608,1,0.5704300785839984,train_dev
2021-12-20,-0.0106334398851849,-0.0248408598924062,-0.0296658064791315,-2.296036695356366,1,-0.0334792029570463,0.0121241564367359,0.980502590334983,0.2303229988550796,49.5847651775487,1,0.5863658367651529,train_dev
2021-12-21,0.0177590223746098,-0.0006474447513812,-0.0096456145603867,-0.4493174244867193,1,-0.0163147384968347,0.0115716519888564,0.8847288764152959,-1.1485566040889703,58.61926983255561,1,0.5752511008970548,train_dev
2021-12-22,0.0099987042715845,-0.0061835954101148,-0.0010679425019757,0.5856329588981612,1,-0.0064791604707482,0.01205669456638,0.9077557952603552,-1.474869933204311,57.28856778580538,1,0.6143829917206621,train_dev
2021-12-23,0.0062220701746884,0.0088969878872333,0.0024710293115202,1.1190566232337529,1,-0.0002974040871818,0.0119861606887952,0.8983352843417746,-1.5302328567845465,62.35615650172614,1,0.6097248786859314,train_dev
2021-12-27,0.0141521461963449,0.0378150346837149,0.0398500991350196,2.4066397164216147,1,0.0,0.0124419650771867,0.9895443027081976,-1.3525995368620858,63.04194322835758,1,0.5933549211752885,train_dev
2021-12-28,-0.0008171646482001,0.0481120049232932,0.0264098148945328,2.0973122032054983,1,-0.0008171646482001,0.0119522088129888,0.9676929496608788,-1.5083993477861293,56.959974072273575,1,0.6311853525249754,train_dev
2021-12-29,0.0012791746178204,0.031140672914957,0.0481166037404514,1.9198012320538989,1,0.0,0.0115307514249782,1.0168959655169858,-1.1844892326152554,56.51604453176167,0,0.6327906821352455,train_dev
2021-12-30,-0.0027645136969087,0.0181102867283884,0.0569589345172032,1.5175613271306183,1,-0.0027645136969087,0.0107448935672912,0.9801222453311348,-1.055666326564887,58.28127638021274,0,0.6425576430718573,train_dev
2021-12-31,-0.0025201612903227,0.0092647683807904,0.0383909051158724,1.0783305986681968,1,-0.0052777079668259,0.0102644753633039,0.9671088146640732,-0.643103750514774,53.76516773733045,0,0.6323204181591426,train_dev
2022-01-03,0.0057899612598955,0.0009428822863848,0.0535706409068854,1.2790532504234802,1,0.0,0.0086235084361881,0.8339880940466663,-0.2964880426898136,60.19772976931526,0,0.6130000233442066,train_dev
2022-01-04,-0.0003349312344308,0.0014259651477341,0.0408901676148127,0.7629754353981747,1,-0.0003349312344308,0.0071994769355923,0.7108891012718532,-0.3043567143453181,63.75799883653287,0,0.6163342335515503,train_dev
2022-01-05,-0.0192021777824311,-0.0190583898802044,0.0002135474502436,-1.2827051885698897,1,-0.0195306776077536,0.0090902720126968,0.8918424113311121,0.9980469387637672,47.92523364485979,1,0.608868617620344,train_dev
2022-01-06,-0.000939408172851,-0.0172631048387097,-0.003365138865224,-1.3806373566622128,1,-0.0204517385024386,0.0085535068949276,0.8405320441896316,0.2720681934861969,51.49628439445673,0,0.5914413442432489,train_dev
2022-01-07,-0.0039534983117494,-0.0186752568637359,-0.0005575211750832,-1.6770736646696458,1,-0.0243243809005463,0.0083452212412512,0.8263197027089423,0.1584524154911505,56.90190856635594,0,0.588447697210367,train_dev
2022-01-10,-0.0012443948593618,-0.0255385066253585,-0.0111101669711518,-1.555412221247071,1,-0.0255385066253585,0.0064607727690642,0.6555298573404506,1.3684874728425025,62.92024539877297,0,0.5345780734630629,train_dev
2022-01-11,0.0091082898326566,-0.0163333682336928,0.006815697537347,-0.5089451936130795,1,-0.0166628289129388,0.007432375507923,0.7527343043898292,-0.3135588127776088,59.06258466540232,0,0.5883558881338898,train_dev
2022-01-12,0.0027035657264502,0.0056364490371065,0.0165314226519335,-0.1032858472939065,1,-0.0140043122396432,0.007504390678204,0.7709289986208188,-0.5115241611957531,54.96274217585691,0,0.6150854101288574,train_dev
2022-01-13,-0.0137786081270434,-0.0072872590503056,-0.0128984275393115,-1.2361165444865811,1,-0.0275899604362479,0.0084819792632848,0.8828683643468731,0.4512146714572133,41.82601669808773,0,0.6200809254777642,train_dev
2022-01-14,0.0004090155641187,-0.0029393464781478,-0.0037088648300995,-0.9801414812920748,1,-0.027192229595361,0.0085292400961593,0.9062405255194352,0.7136815620983297,29.54990215264199,0,0.619486556217805,train_dev
2022-01-18,-0.0177095885694612,-0.0193765977100384,-0.0073499032335224,-2.291961866275106,1,-0.0444202549664021,0.0093025568593196,0.9568204317652697,1.520453225711996,23.532467532467606,0,0.6337372409753669,train_dev
2022-01-19,-0.0103835790488291,-0.0383182543906333,-0.0070992131522265,-2.769587058615906,0,-0.0543425927864185,0.0093459815750804,0.962652729424714,1.4793838333773393,19.821721792165192,0,0.6452876754721815,train_dev
2022-01-20,-0.0110680686220254,-0.0515264744596831,-0.035222217423228,-3.3960060978906146,0,-0.064809193862385,0.0083183067153965,0.9244089996617784,1.7879168633950668,18.24659900669407,0,0.628547080137947,train_dev
2022-01-21,-0.0196306659205371,-0.0571545433018318,-0.0635249844982787,-4.674845851316425,0,-0.0831676121496304,0.0094111738762889,1.0019991717011167,3.234334161164486,15.682999257609566,1,0.573496826514527,train_dev
2022-01-24,0.0042467692588701,-0.0535376140471682,-0.0653633659158522,-3.7199507917536847,0,-0.0792740365493709,0.0100017424355916,1.0757297363971403,3.078725180550585,14.266842800528394,1,0.531713576048821,train_dev
2022-01-25,-0.0122089850854855,-0.0482376393787377,-0.0896576289653438,-4.244815198466046,0,-0.090515166104959,0.010055647326267,1.1795692385116163,1.2577865708965408,12.989690721649495,1,0.6015535553918905,train_dev
2022-01-26,-0.0025088038299537,-0.0406640841173215,-0.0911988592278818,-3.7132325985962953,0,-0.0927968851395197,0.0085710417574865,1.0091723109469573,1.4375033638171266,15.083798882681576,1,0.5817048528312985,train_dev
2022-01-27,-0.0049379297614102,-0.0347174034695019,-0.0968417525341376,-3.334342041850208,0,-0.0972765904000334,0.0078190942111236,0.9336950334937086,0.6753827669853227,14.588961790814352,1,0.6136634746915159,train_dev
2022-01-28,0.0248353585010665,0.009064340837481,-0.0718455981182796,-0.4296428804772668,0,-0.0748571308953131,0.0129287521876361,1.2064157502086168,0.8628517951060953,30.10876730388925,1,0.4955307791907014,train_dev
2022-01-31,0.018011087227062,0.0228946889778103,-0.0527412834765032,1.7030761162450023,0,-0.0581943019823741,0.0147947793343247,1.2575907449650268,0.5547920662100125,38.53952394945639,0,0.5070571640769883,train_dev
2022-02-01,0.0067569069369428,0.04253458236472,-0.0518306085281865,2.47227513562672,0,-0.051512930583185,0.0141246878815117,1.1967261107534697,-0.07507863996543,37.43643434041278,0,0.5552785152665519,train_dev
2022-02-02,0.0097140964786401,0.0553094282154229,-0.0422992356821274,3.33678278827427,0,-0.0290221222028788,0.0140214152382696,1.157484668062347,-0.2495057511786519,40.23431918845553,1,0.5599478337504199,train_dev
2022-02-03,-0.0235049743085165,0.0356182172340229,-0.0465007045561295,0.911274451100063,0,-0.0518449322746379,0.0156942045220424,1.258891389552296,-0.2511967403044559,37.92592592592596,1,0.6142989090910358,train_dev
2022-02-04,0.0047021943573666,0.0152732209525965,-0.0411163824421935,1.1407924010287596,0,-0.0473865228652711,0.0141049640676534,1.1227699667492894,-0.2817139441775275,39.48266806722685,0,0.5823404476198056,train_dev
2022-02-07,-0.0032092712279919,-0.0058900669022694,-0.0403999227616983,0.6478674830832145,0,-0.0504437178888369,0.0141997381566975,1.13075700178341,-1.0203330993883182,43.34726827158712,0,0.6184230234802309,train_dev
2022-02-08,0.008227876402987,-0.0044375758913787,-0.0312990053919357,1.1012761530666315,0,-0.0426308861619464,0.0134140240288556,1.0509220355588245,-1.024739834844724,49.40711462450592,0,0.5956249029369779,train_dev
2022-02-09,0.0146360934935911,0.0004154367552202,-0.0259925492283128,2.028346906191199,0,-0.028618742303936,0.0136110771281234,1.041998764205322,-0.8155925074624553,57.717064797596926,0,0.5615977300637798,train_dev
2022-02-10,-0.01796564234821,0.0060904612628749,-0.046070230563458,-0.2069951938025979,0,-0.0331382337751765,0.0152485688606581,1.125915265437436,0.1394759658573283,58.17474048442905,0,0.561716772298033,train_dev
2022-02-11,-0.0197186860144218,-0.018364163137954,-0.0518158138333368,-2.142398517672616,0,-0.0522034773627131,0.0150638060032011,1.086058674817992,0.3760159877321211,50.40597171293872,0,0.5778594094130316,train_dev
2022-02-14,-0.003269309358398,-0.018423288467558,-0.0553021174040283,-2.225765789039992,0,-0.0404773353149452,0.0136351861427216,0.9842753739503076,-0.3678203084653505,53.14096368907907,0,0.5748580552411221,train_dev
2022-02-15,0.016126827934946,-0.0107331352286335,-0.022760630024754,-0.4971795266422616,0,-0.0250032784018883,0.0146180540728662,1.044502036167227,-1.133781263103475,58.11017597551646,0,0.5707885791701075,train_dev
2022-02-16,0.0011208249271463,-0.0239104777724351,-0.0114001106806861,-0.1462256346505556,0,-0.0239104777724351,0.0141350089978746,1.0222640296301415,-1.1618839566373338,60.00260484501172,0,0.6094208734852832,train_dev
2022-02-17,-0.0213613972234661,-0.0272856761328229,-0.0216899832120872,-2.070356262603632,0,-0.0447611137824015,0.0137894895024715,0.9562259280885808,-0.735747062821968,46.76630075386855,1,0.6604382933373142,train_dev
2022-02-18,-0.0064750835125612,-0.0141443036825136,-0.0085620347961093,-2.387979849523311,0,-0.0509463653451064,0.0136315635734365,0.9868432611522212,0.0233966680376485,38.87627695800228,1,0.6270721477395286,train_dev
2022-02-22,-0.0107316399143311,-0.0215252152521524,-0.0233493997817387,-3.049986007167943,0,-0.0611312672116099,0.0138388000908863,0.9915396359429148,-0.0283031581917543,33.78640776699034,1,0.6394543810132879,train_dev
2022-02-23,-0.0177386689014595,-0.0541358439811702,-0.02881671922112,-4.142576416733864,0,-0.0777855488044761,0.0137375347700266,0.9646693733551784,0.3130749788080761,26.5002655337228,1,0.6633149551578674,train_dev
2022-02-24,0.0150491764427065,-0.0409762651141961,-0.011721814573815,-2.0493481010197474,0,-0.063906980810421,0.0138087145091176,0.939355694670374,2.731701344358429,37.09813874788495,1,0.5056579602413064,train_dev
2022-02-25,0.0220639738501049,0.0015787306090697,0.0150960022261386,0.3774329059123546,0,-0.0432530489137562,0.0157763415208034,1.0185729449197858,-0.0516845141165295,43.004982752012296,0,0.5780827859858592,train_dev
2022-02-28,-0.002558537978298,0.0055270248485825,-0.0120375608100463,0.2086197360237381,0,-0.0457009223237313,0.0145826502700139,1.0104069255147443,0.7433512835613486,43.18152661962799,0,0.5785620586131882,train_dev
2022-03-01,-0.0152302865126078,0.0009544428149079,-0.0442977484385765,-1.1124220074192106,0,-0.0602351706954583,0.0152834457162972,1.0840920403882683,0.5241748653018873,37.04893722194764,0,0.5965268969906479,train_dev
2022-03-02,0.0183962044746266,0.0377769877947624,-0.0332487029473451,0.8972432925649098,0,-0.0429470647375093,0.0155957305869866,1.0600266244868572,-0.1244959112561317,38.05180591025173,0,0.5556681200751257,train_dev
2022-03-03,-0.0049784192377081,0.0173009572729394,-0.0473160599103532,0.647483177680194,0,-0.0477116754819251,0.0155903975247613,1.0764122566281482,-0.5023959780046541,41.06838167738549,0,0.6014445575567196,train_dev
2022-03-04,-0.0081246700787219,-0.0127470017133066,-0.0323107926556202,-0.0573519141201315,0,-0.0554487039384534,0.0143065959021459,1.0453419469045442,-0.2163529060177617,44.15126287568791,0,0.6089893355706488,train_dev
2022-03-07,-0.0294791401531804,-0.0393926207544145,-0.0652328950300868,-2.6704537543683737,0,-0.08329326397692,0.0168943302672099,1.130761649091869,0.5226119744401775,38.07959109163931,0,0.6103099169535398,train_dev
2022-03-08,-0.0075817180459194,-0.0319317177543142,-0.0693332737110405,-3.10889512716304,0,-0.0902434759802421,0.0167699677111143,1.120101724962785,1.2555995975176868,30.93139133767725,1,0.5554579073793623,train_dev
2022-03-09,0.0268108108108109,-0.0239329511977892,-0.0521798908945757,-0.6374490877643294,0,-0.0658521659308475,0.0182747524312099,1.1240462023806757,-0.3585397011371022,39.21061509052063,1,0.5425397428502237,train_dev
2022-03-10,-0.0045155705294681,-0.0234789194647815,-0.0700703763605368,-1.0212389792262746,0,-0.0530579542419655,0.0176935418380358,1.1235078438698782,-1.1479208500844815,42.87998032464339,1,0.6115055246739438,train_dev
2022-03-11,-0.0127150512362508,-0.0279982414327695,-0.0650983708715392,-1.8761883850110448,0,-0.0594043887147336,0.016108302053416,1.036761629926641,-0.9921552225637696,41.561382598331335,1,0.6327508637159158,train_dev
2022-03-14,-0.007308305758564,-0.0057935769973536,-0.0532624982972346,-2.1446053987079354,0,-0.0662785490371697,0.0161311639022553,1.0692894877391208,-0.8947719855623221,42.36423277852023,1,0.611262141731116,train_dev
2022-03-15,0.0219904076738608,0.0238318318318317,-0.0292697371418158,0.0967685868498148,0,-0.0457456336766681,0.017600366400465,1.0962332744416377,-0.5122492050053965,52.51609825900312,1,0.5253941263407739,train_dev
2022-03-16,0.0221742497125561,0.0192087223041108,-0.0234924904729881,2.370920097478223,0,-0.0245857590685176,0.0180907493642295,1.0994735381593368,0.6942325869141301,54.20883164673413,1,0.49259219351261474,train_dev
2022-03-17,0.0125109039988982,0.0366409701983641,-0.0123824451410659,3.521277170022552,0,0.0,0.0184380804486892,1.102209989615317,-0.7957848873756568,52.00096432015429,1,0.5786897306356558,train_dev
2022-03-18,0.0078218876822273,0.0582045849501273,0.0170685947009563,4.029468619383939,0,0.0,0.0182132938302959,1.1332433190851414,-0.678052128456636,54.62539570875835,1,0.5841492434064298,train_dev
2022-03-21,-0.0002924502834518,0.0656834532374099,0.023397738525666,3.395083271676472,0,-0.0002924502834518,0.0143680887983202,0.8991120145388669,-1.187669823556826,59.14688333121745,1,0.623212392031325,train_dev
2022-03-22,0.0117014334255947,0.0549545955839219,0.0466047442791628,3.799765429476471,0,0.0,0.0136345069189278,0.8585988777974514,-1.471183985903714,57.69129634499079,1,0.636028994684681,train_dev
2022-03-23,-0.0128784003202917,0.0187778338919242,0.0517833866571868,2.076725448569476,0,-0.0128784003202917,0.0132630456309457,0.850735646752437,-1.189736890890429,55.07719342286936,1,0.6860790167527991,train_dev
2022-03-24,0.0150743578188372,0.021357154193212,0.0518094793369132,3.0228324704074256,0,0.0,0.0133368537540443,0.8554120209646365,-1.775008144619177,61.06013040328423,1,0.645795912550165,train_dev
2022-03-25,0.0048835712224466,0.018379375506164,0.0341290691033695,2.759378390771201,1,0.0,0.0116791761853347,0.782583459553862,-1.1707413200588022,73.00774764803542,1,0.5988560575623473,train_dev
2022-03-28,0.0071130354105459,0.0259231755890096,0.0441563795433204,2.5842380604151463,1,0.0,0.0104654998397866,0.7008579998145925,-1.3503261073616997,77.41980088495578,1,0.5985229629272384,train_dev
2022-03-29,0.0123708626702638,0.0266020151693766,0.07342201962882,3.0330629985065705,1,0.0,0.0095410755334917,0.6580412573492787,-0.6001037618188736,75.55389221556888,0,0.5890614224275776,train_dev
2022-03-30,-0.0061748456288592,0.033573681838666,0.0475233506131675,1.8719837608906575,1,-0.0061748456288592,0.0090777951090618,0.6382842806544403,-0.7882202842877618,74.52746603662138,0,0.6125382975860159,train_dev
2022-03-31,-0.0153913233049923,0.0025527758662788,0.0365610153542494,0.069129325014183,1,-0.0214711298884194,0.0107242434088176,0.7300279961869405,0.782241253065927,72.75479313824421,0,0.5704828765558411,train_dev
2022-04-01,0.0028341156673457,0.0005080739578962,0.0480135132008237,0.1663098671290338,1,-0.0186978658866862,0.0105599660374679,0.7282861296510769,-0.4052979948446009,76.57591003255402,0,0.5762257739555482,train_dev
2022-04-04,0.0085666342842003,0.0019521396766906,0.0890971079798774,0.7478898742636383,1,-0.0102914093814321,0.0107236960506581,0.8620250713702257,-1.380227357509371,74.5866110130037,0,0.6210633517602362,train_dev
2022-04-05,-0.0126313485113835,-0.0227927635142455,0.0835555555555553,-0.5562745698959162,1,-0.0227927635142455,0.011230639743719,0.8813467416169578,-0.8129430092197991,63.14622078143658,0,0.6674567606774405,train_dev
2022-04-06,-0.0099993348557745,-0.0265533028122956,0.0447111672632833,-1.6096512973062318,1,-0.0325641858953527,0.0108846534711645,0.913054986202212,0.7855408620301652,54.72516039535287,0,0.6038948313492101,train_dev
2022-04-07,0.0050389680193496,-0.0063546187228766,0.0547381780577229,-1.0763733514382097,1,-0.0276893077673058,0.0098189366283933,0.8302467389407137,-0.5763057041249414,53.76306003187534,0,0.6319511642610781,train_dev
2022-04-08,-0.0026739755331238,-0.0118122405722865,0.0654652795962578,-1.2294186577687674,1,-0.0302892427689308,0.0096618917183677,0.8520753852846863,-0.4777813093561649,52.76329509906152,0,0.6504722675485635,train_dev
2022-04-11,-0.0170922984114216,-0.0369527145359018,0.0549640287769783,-2.5738469511141853,1,-0.0468638284042899,0.0103823287623441,0.8645193358494648,0.0424357724389458,41.94032338723124,1,0.6806773709792192,train_dev
2022-04-12,-0.003705219130751,-0.0282464581069994,0.0284393551868973,-2.4322374982191164,1,-0.0503954067814971,0.0087683653615813,0.7836730395372913,-0.1691508984238383,45.06537703743509,1,0.6446847953421834,train_dev
2022-04-13,0.0114536037783201,-0.0071889277076054,0.017653000321381,-0.9754800894394758,1,-0.0395190120246994,0.01019016100315,0.9825383118964928,-0.6611337969261116,43.37149187592319,0,0.6146190815547002,train_dev
2022-04-14,-0.0124517831765581,-0.0244668761280832,-0.0074364613326681,-1.9050307870183667,1,-0.0514787130321742,0.0098409474889435,0.9457200980809088,0.9152585871387566,37.03897007654839,0,0.6112487838983245,train_dev
2022-04-18,0.0004111560337147,-0.0214491587908035,-0.0147349950508413,-1.5348574743085044,1,-0.0510887227819304,0.0097084733556189,0.9489266447079844,-1.0891046427781377,33.523144746509914,0,0.6590180219185663,train_dev
2022-04-19,0.0161426581729342,0.0116384797235862,0.0014626791781993,0.3198676347603111,1,-0.0357707723973567,0.0109538278200707,1.0046820949087594,-0.2494039003453733,35.22462860211205,0,0.5980714443312715,train_dev
2022-04-20,-0.0007415063814489,0.0146478359077322,-0.0108543339487088,0.3884972313082145,1,-0.0364857545228036,0.0103676598227121,0.9820425006792164,-1.0507490578192251,36.88847235238988,0,0.645070899243459,train_dev
2022-04-21,-0.0149535652447662,-0.0118427285646612,-0.0129337539432177,-0.9234568906439832,1,-0.0508937276568085,0.0109294212109739,1.021949221092228,0.2737961503381946,37.17415942576503,0,0.6252079158032026,train_dev
2022-04-22,-0.0274391635848969,-0.0268393522008268,-0.0542742347221913,-3.1441107599972686,1,-0.0769364099230852,0.0132349172182839,1.1406942618039888,2.601057500523507,28.89447236180904,0,0.5500637154740744,train_dev
2022-04-25,0.0057975776922354,-0.0215996529442656,-0.0534140360953412,-2.1586249098099533,0,-0.0715848770447405,0.0136717350818146,1.1749719930945874,1.6540448955786555,27.284406616348107,0,0.5348631147900145,train_dev
2022-04-26,-0.028960817717206,-0.0650278626640301,-0.0873198657629795,-4.472636610328257,0,-0.0984725381865453,0.0153249047078376,1.1992896259661636,0.781602725999303,24.655347554781585,1,0.6202723952401376,train_dev
2022-04-27,0.0028118240807497,-0.0617031323784038,-0.0959376015599611,-3.739503552643729,0,-0.0903204708960104,0.0155441008007939,1.2653858456635547,1.5029624667782513,27.69559249656849,1,0.5189764914742641,train_dev
2022-04-28,0.0252594243535362,-0.0233986211934438,-0.0673424896446478,-0.953858264070568,0,-0.0634632224168126,0.0176216649468882,1.2577996978511967,0.6518384113092413,35.81099377200107,0,0.4989766042066644,train_dev
2022-04-29,-0.0369556578855099,-0.0329546521453385,-0.0877690195731113,-4.041215695316884,0,-0.0980735551663748,0.020488756900246,1.304250808782104,2.241439680220223,29.897140273539023,0,0.549135696722104,train_dev
2022-05-02,0.0060194174757282,-0.0327413595948752,-0.084871500485737,-2.932538957662973,0,-0.0926444833625218,0.0207546027588487,1.3133354151049077,2.2433994849883483,34.729891956782694,0,0.45767444405489577,train_dev
2022-05-03,0.0045840571318278,0.0006729151646238,-0.0884851138353766,-1.8286587321048164,0,-0.0768241580382679,0.0197238797687945,1.2597760405708576,0.0649564194227187,36.89122890989586,0,0.5280979304566783,train_dev
2022-05-04,0.0304529516307219,0.0282550866345532,-0.0487107287763562,1.5355999346855265,0,-0.0439200481315595,0.0229339719116324,1.3217033504800664,1.5417994684251266,42.19006905623149,0,0.4342419090824685,train_dev
2022-05-05,-0.035542814524775,-0.0327248077417545,-0.073255397294634,-1.5080472026390856,0,-0.0779018205316753,0.0249299559628779,1.324494706793229,2.133080587170108,38.12400950871631,0,0.5442007216300488,train_dev
2022-05-06,-0.0059689229356468,-0.0016019417475728,-0.0834057535040221,-1.7521902377972631,0,-0.0809482315615435,0.0237157029144246,1.267126304873497,1.3120399569617298,37.104116222760254,0,0.5043203975718829,train_dev
2022-05-09,-0.0320173092818591,-0.0393505114842694,-0.1103737962776771,-4.20361753624513,0,-0.1053163760560849,0.0250878269382835,1.2724930531802856,1.2802321637022784,28.56881572930953,1,0.5648712606720488,train_dev
2022-05-10,0.0023105708616921,-0.0415245689034056,-0.0928123295144572,-3.5877093595464085,0,-0.1032491461441669,0.0239749839359906,1.2232392787927338,0.5312474496927371,29.252319446971043,1,0.5414299025479744,train_dev
2022-05-11,-0.0158861409707082,-0.0846268587143989,-0.1039038079810171,-4.553949194267655,0,-0.1174950566241237,0.024121642098262,1.220946826596352,0.7456809860038021,29.335036030283646,0,0.5729798835286366,train_dev
2022-05-12,-0.0010439210693826,-0.0518837147483145,-0.1149759761791974,-3.824563295762641,0,-0.118416322128348,0.0216712121007122,1.1174433019011252,0.1547989002963971,32.80963068761473,0,0.5466643055393148,train_dev
2022-05-13,0.0239078350410359,-0.0233869791413428,-0.0823911007560702,-1.2764367900834124,0,-0.0973395649829228,0.0213054205946144,1.0431200364897455,-0.5222746742508965,37.234346707328704,0,0.5360918544017106,train_dev
2022-05-16,-0.0040575525241463,0.0048220609287488,-0.0864899422334863,-1.3280720143042228,0,-0.1010021571094733,0.0211046042414269,1.034676782048683,-1.4054874434129303,41.49761019649494,0,0.5948251780183541,train_dev
2022-05-17,0.0205703716663752,0.023127615324864,-0.0825094373539457,0.9022188504679158,0,-0.0818286074070742,0.022339686204088,1.0816454132362323,-1.2842712533414469,45.57850014820671,0,0.5336266555516185,train_dev
2022-05-18,-0.0403115203761754,-0.002266072565245,-0.1188414922084054,-2.266871846544074,0,-0.1054650047938637,0.0222209592991024,1.0029251614403525,-0.2371457033440057,33.22131989172036,1,0.6261399739993726,train_dev
2022-05-19,-0.0061246363497168,-0.0073405719528979,-0.1109437063415971,-2.271940258058696,0,-0.0922947839463013,0.0201373275569938,0.9129430398097544,-1.0070127584117003,37.97481860862143,1,0.5946349231544318,train_dev
2022-05-20,0.000436501823037,-0.0300955889674401,-0.0854614590179326,-1.6937349719813306,0,-0.0918985689647136,0.0202351892801654,0.942043122480574,0.2612050975379352,36.40739525216059,1,0.5651515369604255,train_dev
2022-05-23,0.0187100582604009,-0.0079232172761127,-0.073720566614548,0.177175191435032,0,-0.0749079382836899,0.0190978521163171,0.8686502999260398,-1.6374045213076367,39.94834710743804,1,0.6001380682608914,train_dev
2022-05-24,-0.0076337801068225,-0.0353399294670846,-0.0533765921653449,-0.4569141112666712,0,-0.0819698876613993,0.019214109824719,0.9066124983005646,-1.0593554346169611,29.82214572576021,1,0.6695175814273111,train_dev
2022-05-25,0.0088349539211456,0.0140611442862246,-0.0476909435137919,0.3054321486268266,0,-0.0738591339206637,0.0186896823004171,0.8768096450866864,-0.9782748637445972,39.09525072963654,1,0.6048143965308904,train_dev
2022-05-26,0.0199813775574402,0.0406973758537463,-0.052593441013534,1.975811219830072,0,-0.0553535636041578,0.0195556733503581,0.9317752228313656,-1.210817361568484,46.27087198515772,1,0.5634442985019364,train_dev
2022-05-27,0.0245491105573512,0.0657803557220952,0.0079126213592233,4.124510106290953,0,-0.0321633337994686,0.0196311868537953,0.9737274711621232,-1.0176135778545763,61.00734252222075,0,0.5419066413491875,train_dev
2022-05-31,-0.0056109425420218,0.0403355839967751,-0.0037396255549122,3.2079881028255737,0,-0.0375938097235817,0.0197036060742869,0.9771819034818804,-0.5797210446335053,58.755060728744944,1,0.5892334396547377,train_dev
2022-06-01,-0.0080885380088635,0.0398588438396505,-0.0163072193669244,2.340700910994397,0,-0.0453782687735981,0.0189903187601104,0.9395863744451716,-0.8609541489910054,61.07311941083635,1,0.589577771613288,train_dev
2022-06-02,0.0190434336775799,0.050381256763218,-0.0271989931478114,3.628576748805167,0,0.0,0.0132275945314627,0.6806410238038811,-0.9907063743784328,65.01258540093488,0,0.5585135221020499,train_dev
2022-06-03,-0.0164115096193008,0.0129037033381855,-0.0079021773277591,1.3971937572088824,0,-0.0164115096193008,0.014635726709683,0.80958595268198,-1.2008375612053603,55.45117428924598,0,0.6620245118117416,train_dev
2022-06-06,0.0030447703025284,-0.0083562105668737,0.0010939855107698,1.1522995634968332,0,-0.0134167085938808,0.0145608673438435,0.8071420799726424,-1.5938251153418963,57.265275707898674,0,0.6494843306932564,train_dev
2022-06-07,0.0095922679035429,0.006805027486499,0.0441268804781875,1.6526440103574531,0,-0.0039531373535541,0.0139231415518054,0.8459959407469612,-1.4607366469581462,54.86621196222457,0,0.6586170932288159,train_dev
2022-06-08,-0.0108721797277143,0.003979589345443,0.0303941466837056,0.1232000857044005,0,-0.0147823378614724,0.0142758607729366,0.853882279638757,-1.149518160789627,65.05443234836702,0,0.6463460711045794,train_dev
2022-06-09,-0.0237828899372599,-0.0382136610843575,0.0221260343730107,-2.3547811958036644,0,-0.0382136610843575,0.0166760813987206,0.9673244713126172,-0.1014967862993478,58.35658482142858,0,0.6429801677804435,train_dev
2022-06-10,-0.0289956157831805,-0.0505188288595508,-0.006473976652903,-4.827013697292277,0,-0.0661012482330672,0.0176903874558761,0.955230879018682,2.130791346748884,50.10222489476849,0,0.5745243806709797,train_dev
2022-06-13,-0.0379681888147768,-0.089341654726924,-0.0665139898436723,-7.531611859625585,0,-0.1015596923740386,0.0176236914869482,0.9069000137922332,2.840944258222539,37.91087579969116,1,0.5673682331168635,train_dev
2022-06-14,-0.0030133333333333,-0.1007119834511954,-0.0655352545677222,-6.913688445814397,0,-0.1042669925010182,0.017714561190457,0.9116167979899984,0.3923538094734007,38.72239747634071,1,0.5900243617523611,train_dev
2022-06-15,0.0142562922941129,-0.0778658625553232,-0.0713166144200627,-4.866795952824782,0,-0.0914971609286279,0.019286287859386,1.0111587096227772,1.073300798306746,39.9735128573005,0,0.5164033360913663,train_dev
2022-06-16,-0.0330959915611814,-0.0866630131526504,-0.0643342009901496,-6.829299282129485,0,-0.1215649632238434,0.0183341870914946,0.9965789398597368,1.3123397990738708,29.69964293215709,1,0.6218446890455136,train_dev
2022-06-17,-0.0021546433928814,-0.0614161108260646,-0.0605967236686693,-5.962365411751993,0,-0.1234576774719087,0.0185684549768229,1.0099874123186738,0.4858961074912687,21.29909365558912,1,0.6076610047605242,train_dev
2022-06-21,0.0251735636582297,0.0001866666666665,-0.0373687857711162,-2.676544234985793,0,-0.1013919835166151,0.0215474188355264,1.1091018184295676,-0.6084873807379583,29.63202065848934,1,0.5659955855162717,train_dev
2022-06-22,-0.0018129949076172,0.0013908577847914,-0.0567620679230072,-1.7993442622950857,0,-0.1030211552744435,0.0207354516498267,1.1015175507996906,-0.1687822684109142,30.50509525919361,1,0.5892598026953997,train_dev
2022-06-23,0.0098026122492589,-0.003006329113924,-0.0401888852217623,0.0333391544555486,0,-0.0942284194638107,0.0216734307068434,1.1413488921954489,-0.5254155610401235,27.173534532791635,0,0.6027133858503713,train_dev
2022-06-24,0.031793895148918,0.0639029046774852,-0.0183456224677253,3.524965631452407,0,-0.0654304128033733,0.0242003250653828,1.1910564396775654,0.1237296185368913,38.79763469119577,0,0.5033898658662679,train_dev
2022-06-27,-0.0038197292863002,0.0621275897884434,-0.0412523747255187,3.1626565996861906,0,-0.0690002156256738,0.0223913445807913,1.1348855418791106,-0.9562400005674614,37.33071210135427,0,0.6034722024519689,train_dev
2022-06-28,-0.0204328469595203,0.0148772229183884,-0.0833453739825651,0.9033988792340084,0,-0.0880231917391408,0.0196085599238519,1.0261891457559291,-0.2463897144229985,31.63788592360018,1,0.617907190329341,train_dev
2022-06-29,-0.000814396427164,0.0158925184967546,-0.0789237885355872,0.6486031612457533,0,-0.088765902393445,0.019562484162676,1.0231872497619026,-0.8990604786264406,33.096124370483864,1,0.6020432375237283,train_dev
2022-06-30,-0.0081243098280485,-0.002142517060784,-0.078957005786274,-0.1175554814214575,0,-0.0961690505282828,0.0192684837249543,1.007788300197839,0.6315029066647113,35.71175428233903,1,0.5602304533528756,train_dev
2022-07-01,0.0105765407554672,-0.0226620180475799,-0.0866096456551426,0.550437422359851,0,-0.0829845576562274,0.0156265376256136,0.836867766099238,-0.6163427309925957,44.44155844155844,1,0.5681026701899241,train_dev
2022-07-05,0.0018885741265344,-0.0170616845518413,-0.0696156281970089,0.3143687805800316,0,-0.0812527060181844,0.0155008603757658,0.8379654830617703,-0.416732493892171,55.53083280356008,0,0.5556887055710594,train_dev
2022-07-06,0.003377316996544,0.0068304216471826,-0.0693071711309163,0.4373907505876819,0,-0.0781498051666907,0.0136849225060299,0.7395460185292141,-0.8275867376126468,57.43500317057705,0,0.5623304455772582,train_dev
2022-07-07,0.0149771689497717,0.022742809065573,-0.0643430990522923,1.5530974490981415,0,-0.0540586547346919,0.0141538973241905,0.7552182647411709,-1.0508101746035388,57.70987557095608,0,0.5515398738084826,train_dev
2022-07-08,-0.0008226432556106,0.0302717031146455,-0.0548368270025777,1.1892674341711422,0,-0.03181048226385,0.0140619501327726,0.7536637624624254,-0.80216227382623,71.47873585641833,0,0.5440207305829319,train_dev
2022-07-11,-0.011423572696632,0.0078428286643583,-0.0428706656038261,0.1859109244179734,0,-0.0149969237079572,0.0103264356915582,0.5699482652368832,-1.1999065812313634,66.72737206337645,0,0.6239737923916142,train_dev
2022-07-12,-0.0088488665642975,-0.0029584249659649,-0.0230118009235505,-0.499293255752585,0,-0.0237130844954881,0.0105735375638572,0.6194265436088351,-0.972932909867514,55.86558044806515,1,0.6473474478262523,train_dev
2022-07-13,-0.0052516871044823,-0.0115329419439008,0.0102133333333331,-0.9747516069416852,0,-0.0288402378999179,0.008517188152034,0.5772934574824286,-0.0785944397957754,54.40301467671559,1,0.6384453582647359,train_dev
2022-07-14,-0.0024285299474697,-0.0284840227255198,0.0108058950972262,-1.152449805919697,0,-0.0311987284659556,0.0085401972127561,0.5791271663442584,0.2090188564867144,49.84266834487101,1,0.6409305340852061,train_dev
2022-07-15,0.0191050779286072,-0.009107983636504,0.0156381856540084,0.5288381222853352,0,-0.0126897046759638,0.0100795796582567,0.6710939474590834,-0.199426415219935,44.22673198040588,1,0.6263889731261586,train_dev
2022-07-18,-0.0082569521979591,-0.0059339458137054,0.0417291695077048,-0.3196972662621576,0,-0.0208418785890073,0.0100823755530346,0.7788120299932422,-1.0483940209470606,42.54937163375224,1,0.7061949925818093,train_dev
2022-07-19,0.0270192433564602,0.0300396502376387,0.0721860821079101,2.098874041529795,0,0.0,0.0131932914883641,0.9399652383081044,0.0599165196169146,62.37750319556883,0,0.5579191646427827,train_dev
2022-07-20,0.0063731613429525,0.0420769210463796,0.0525235289412642,2.442404205959128,0,0.0,0.0132431732859791,1.009916180460158,-0.4152599949374077,64.68552819051499,1,0.5862629362522206,train_dev
2022-07-21,0.0101831446158524,0.0552512502976898,0.0651726808942547,3.2230844493681694,0,0.0,0.0128439594398122,0.9750384079627248,-0.8400062886679234,71.51418298042351,1,0.5824280805732294,train_dev
2022-07-22,-0.0092780661501041,0.0258613974502115,0.0450457599322857,2.0957155408548136,0,-0.0092780661501041,0.0133597054649618,0.9998033374640696,-0.2708313726926387,63.91400442033349,1,0.611795932751981,train_dev
2022-07-25,0.0012149130577843,0.0356591176855609,0.0140740360951598,1.92108504202374,0,-0.0080744251360366,0.0125515907008807,1.0994268907837716,-1.5080283427234016,63.73914799111648,1,0.6062277163649892,train_dev
2022-07-26,-0.0118310286422125,-0.0035179850613098,0.0059188347615739,0.4548725328947322,0,-0.0198099250231952,0.0128946835260117,1.1000311390343929,-1.4348505081124974,57.21844293272863,1,0.6480812185944385,train_dev
2022-07-27,0.0259663844048199,0.0158826658560682,0.0535662682254041,2.4784011897552296,1,0.0,0.0144454350598516,1.2058953330017688,0.6972623057194984,60.50933193790336,1,0.5046483519134438,train_dev
2022-07-28,0.0125423897865548,0.0182552220466911,0.0676499973707736,3.0223997036713826,1,0.0,0.0142718525083338,1.1751106935331148,0.0588523611362745,64.02321083172143,1,0.5548397677801664,train_dev
2022-07-29,0.0145787672076242,0.042775063909489,0.0920874751491054,3.816874683439056,1,0.0,0.0139235150677881,1.15287524745337,1.4189934113533165,71.85138539042816,1,0.4894772352217159,train_dev
2022-08-01,-0.0029612369232263,0.0384255631114593,0.0774577693841149,2.7631496653949488,1,-0.0029612369232263,0.0133749421094036,1.1056346096001417,-0.1549128688513153,74.40495598304528,1,0.5662222143333504,train_dev
2022-08-02,-0.0065973659225356,0.0439254010079561,0.0683317624882187,1.6835117516894995,1,-0.0095390664821961,0.0120494928715361,0.9784616008668752,-0.6944466133806179,73.55358581788879,1,0.5929274934016968,train_dev
2022-08-03,0.0156594618438463,0.0334380610412925,0.0814090019569471,2.771826459560792,1,0.0,0.0125964954160831,0.998372959990906,-0.2649592619105946,77.05864928909946,1,0.5412014967629439,train_dev
2022-08-04,-0.000675594160936,0.0199472997266481,0.0647317411758656,2.3121958449643074,1,-0.000675594160936,0.012563025095574,1.0145122605895955,-2.021549441591389,73.96830637173983,1,0.6338166293074831,train_dev
2022-08-05,-0.0016901272424366,0.0035923202019467,0.0638073429901973,1.6776179890224476,1,-0.0023645795632765,0.0118924606378634,0.9590922834391684,-0.9901131120621736,77.12564543889845,1,0.6009538328443252,train_dev
2022-08-08,-0.0011609064744722,0.0054044842612654,0.0748510007027041,1.1263742990768684,1,-0.0035227409820243,0.011991378892266,1.0018813066956465,-1.1784003597658868,71.46705346042269,1,0.6222156853720882,train_dev
2022-08-09,-0.003971040461028,0.008062539822575,0.0801407452144002,0.2226900174448742,1,-0.0074797924960791,0.0110295293848487,0.938866292134262,-1.6994971741383342,67.48945147679325,1,0.6586053852622682,train_dev
2022-08-10,0.021004011182691,0.0133671130413801,0.108650318084629,1.8574882800468675,1,0.0,0.0100587676453316,0.8293254262300918,0.1265559787732281,70.37677816224527,1,0.5717194612317206,train_dev
2022-08-11,0.0,0.0140522007871164,0.1113492630520494,1.514781629254341,1,0.0,0.0097455609341603,0.8080893018595527,-0.5098481353326604,75.76572847682124,1,0.6209037261922062,train_dev
2022-08-12,0.0169289744993927,0.0329649067646986,0.1089761898579702,2.8576657980801152,1,0.0,0.0100676168173074,0.8432766501207714,-0.2592272442069285,78.68971792538674,0,0.5640590748536513,train_dev
2022-08-15,0.0041208147974713,0.0384270805588513,0.122817122660034,2.8335207640459155,1,0.0,0.0097960230146852,0.850731770227241,-0.8704469231375259,86.48856428983284,0,0.5943036541495913,train_dev
2022-08-16,0.0019586811546892,0.0446092135650904,0.0954189716266857,2.503059347768524,1,0.0,0.0090799490954557,0.8728890512847438,-0.3523533113596954,83.54400749063673,0,0.5673496198214923,train_dev
2022-08-17,-0.0070979753316267,0.0158575204171527,0.0807558831724801,1.4801618354672643,1,-0.0070979753316267,0.0090237480006053,0.8422365006250107,0.0673693349964388,75.25773195876289,0,0.5927875877430469,train_dev
2022-08-18,0.0029063635298254,0.0188099716659919,0.0729707364778453,1.444052736018817,1,-0.0042122410984407,0.0089348615447632,0.8417901477162602,-1.1384071971314524,72.04658901830283,0,0.6190919788336926,train_dev
2022-08-19,-0.0134380331393582,-0.0116132053383283,0.0684654129438862,-0.1244481458172671,1,-0.0175936700023272,0.0103276434974379,0.9461150837774032,0.550301047401045,64.00591278640063,0,0.606682757210574,train_dev
2022-08-22,-0.0208224759558439,-0.036165648463368,0.044947796850115,-2.212433345477436,1,-0.0380498021875727,0.012636267120368,1.0371408344482629,1.2624929494372807,55.66745232483397,0,0.5963416986523011,train_dev
2022-08-23,-0.0024192572880126,-0.0403770072143354,0.0549003555987619,-2.4720791292377857,1,-0.0403770072143354,0.0125893553136691,1.0681924531442624,-1.1602662307803469,47.45639534883724,0,0.6685958574299661,train_dev
2022-08-24,0.003201164059658,-0.030423063400914,0.0314931178934769,-2.013406921382368,1,-0.0373050965790086,0.0104083073169184,0.9962036034701628,-1.065133853487237,49.40926275992439,0,0.6417747138971052,train_dev
2022-08-25,0.0141175332994898,-0.0195844726448386,0.0330977417686606,-0.6187784574127914,1,-0.0237142192227135,0.0115266240290104,1.0935764961372012,-0.8209089682602095,56.363253265908114,0,0.5910435088615669,train_dev
2022-08-26,-0.0338490143262377,-0.0398682901407115,-0.0162139857763538,-3.4845205182608203,1,-0.0567605306027461,0.0141089646451919,1.106398253870928,3.142271240043613,43.7234390323635,0,0.5384075365949436,train_dev
2022-08-29,-0.0066122227430855,-0.0259344381274949,-0.0198164422913065,-3.5200805137544324,1,-0.0629974400744705,0.0137300072736992,1.0716828950646282,0.3586358628371298,42.99260687881706,0,0.580203321523967,train_dev
2022-08-30,-0.0109778208280555,-0.0342912574269432,-0.0241386070675881,-3.8537222548174577,1,-0.0732836862927623,0.0134825120017997,1.0410839096094724,1.6572599973632975,31.224137931034434,0,0.5740806168381835,train_dev
2022-08-31,-0.0076090505009919,-0.0446974641622549,-0.0464953552901434,-3.854762738915488,1,-0.0803351175238538,0.0134817908542088,1.0876792929993455,0.9436048255392464,29.6739308536785,1,0.5820830129755327,train_dev
2022-09-01,0.0031378106179462,-0.0550404042811851,-0.0428567979332158,-2.808935046594928,1,-0.0774493832906678,0.0135019204096835,1.0844407200911252,1.0213191383714644,22.18999274836834,1,0.5883113145866725,train_dev
2022-09-02,-0.0105443721305685,-0.0322469221090029,-0.0513459259438412,-3.12358756887724,1,-0.0871771003025365,0.0133917237217411,1.0635649642147984,2.0327541131282114,18.200764154220167,1,0.5738091779001934,train_dev
2022-09-06,-0.0037732000815827,-0.0294811613640314,-0.0538269691760091,-2.9476340443287725,1,-0.0906213637421456,0.0125274615055028,0.9950590415334416,0.581411519073561,16.55788388869803,1,0.617974799590364,train_dev
2022-09-07,0.0179649912990069,-0.0010798322493157,-0.0329889388598518,-0.8452754561022655,0,-0.0742843844542704,0.0145805718045867,1.0879989058437574,0.1672994332621973,26.78887280913328,0,0.5780457882887663,train_dev
2022-09-08,0.0065362763336518,0.0131585606559037,-0.0466915878949498,0.1345531484936577,0,-0.0682336513846869,0.01478741725078,1.1852681389994904,0.7455265419468504,28.355625491738778,0,0.5573511833431971,train_dev
2022-09-09,0.0155352415205556,0.0256798345189446,-0.0318817114693206,2.0195658773908427,0,-0.0537584361182219,0.0149770560114508,1.143648908234824,0.4350845268791412,37.863167760074994,0,0.5402886971061238,train_dev
2022-09-12,0.0107476635514018,0.0477513767081378,-0.037766331070007,2.969805846405943,0,-0.0435885501512682,0.010847257067129,0.8538322363772546,-0.0592041713016242,48.00335570469799,0,0.5559155031639271,train_dev
2022-09-13,-0.0434824926393654,0.0059883304330023,-0.0833838548710534,-1.2718377352045802,0,-0.0851757039795205,0.0178769138980288,1.142575199305604,2.570726249782975,37.41336471819015,0,0.5392662523342794,train_dev
2022-09-14,0.0038158229458153,-0.0079943687465432,-0.0816848964393762,-0.805172409458947,0,-0.07780036925378,0.0176851693098531,1.127144226754845,0.5308789392730399,37.56033920417483,0,0.53155429735483,train_dev
2022-09-15,-0.0113532691332995,-0.0256256556271541,-0.0856205320520332,-1.806457134083575,0,-0.0882703498562714,0.0178846286053197,1.1347210259516385,0.604618533284025,30.4821357417984,0,0.5761019297675891,train_dev
2022-09-16,-0.0116887111657951,-0.0517461878996556,-0.0989272943980928,-2.6882141081393525,0,-0.0866537167764248,0.0181036720876142,1.149755524874433,1.2886812575324973,34.95811119573497,0,0.5403000725028229,train_dev
2022-09-19,0.0077549538333852,-0.0545538603791031,-0.079570758516132,-1.8421491403135528,0,-0.0738003861648113,0.0181389631068116,1.1432640118840345,-0.3107155440340715,39.32686476652519,0,0.5665199337909677,train_dev
2022-09-20,-0.0114785741860765,-0.0229203764945308,-0.0707874682472482,-2.8050863541469058,0,-0.0844318371433339,0.0184407184107525,1.1914276701610076,-0.0958889036820135,39.30303030303032,0,0.579639428463442,train_dev
2022-09-21,-0.017443828269416,-0.043613786112519,-0.0847823450951862,-4.005229742379237,0,-0.1004028509451503,0.0176568919762502,1.118816857816921,1.3564897311130726,37.23266829338311,0,0.5442182273949799,train_dev
2022-09-22,-0.0083997986168153,-0.040756690249154,-0.0953658713467255,-4.173921950220222,0,-0.1079592858334722,0.017188172919883,1.094471274954796,0.3313180366303311,34.49720670391065,0,0.5627804622335334,train_dev
2022-09-23,-0.0167548500881835,-0.0456738250855898,-0.1229052942718886,-4.837645963455804,0,-0.1046791736623111,0.0155199939619329,1.0177300410863803,2.069165151719235,33.51879495182523,0,0.5110283346246758,train_dev
2022-09-26,-0.0098926484576707,-0.0623857933341912,-0.1011571389800399,-4.628143742359066,0,-0.1135362678541013,0.0137512148314942,0.9921830919877748,0.3381949874143119,32.56427158866185,1,0.5821719560783111,train_dev
2022-09-27,-0.0025527709917377,-0.0539196542477022,-0.0974840424210814,-4.125672463240435,0,-0.1157992067547509,0.0083241866040928,0.600248302350694,1.174046550854918,25.34403669724776,1,0.5894719010398664,train_dev
2022-09-28,0.0196763718421486,-0.0181774821802379,-0.069511062002461,-1.6144021666976556,0,-0.0984013431637347,0.0116355615964988,0.7843129277596737,1.201267212781377,29.915220024222847,1,0.5309521394888582,train_dev
2022-09-29,-0.0208889968423607,-0.0305435305435305,-0.0819626499316766,-2.965413759070493,0,-0.1172348346594641,0.0124647957106685,0.8136967339024602,1.1940345132004218,21.113015956745343,1,0.6182281168588686,train_dev
2022-09-30,-0.0154634912759448,-0.0292702812882185,-0.0989859240199788,-3.735186867148731,0,-0.1308854660924155,0.0126723761434652,0.821971059220375,2.648525567305709,15.103152977812371,1,0.5571031045659077,train_dev
2022-10-03,0.0264012542695559,0.0063133046032226,-0.0653426473587599,-0.6059455868996498,0,-0.1079397522933547,0.0160857751159377,0.9533404513527032,-0.263988562807219,30.700859682354647,0,0.5454849165864892,train_dev
2022-10-04,0.0309866070210851,0.0401508063184545,-0.0327310881359401,2.644249700597183,0,-0.0802978319585371,0.0196050850600085,1.0583427523263471,0.3147462660584024,39.40629379538795,0,0.5032687550124304,train_dev
2022-10-05,-0.0023282271079716,0.0177043694167813,-0.0520136759012519,2.413614229107297,0,-0.0824391074774315,0.0187996673011801,1.0473982230593923,-0.4673562770172336,41.30057417545733,0,0.5869211608336973,train_dev
2022-10-06,-0.0103158397199607,0.0286942859505499,-0.0678855087666716,1.3852176440705104,0,-0.0919045185779985,0.0189051446586342,1.056318737459098,-0.7508301418706532,41.67340339531123,0,0.5918182284673708,train_dev
2022-10-07,-0.027893890675241,0.01570636653788,-0.1077471716674864,-1.3044601928805624,0,-0.1172348346594641,0.0202732817270915,1.1189753134498357,0.4203657042853987,34.223419892209705,0,0.5678663726451275,train_dev
2022-10-10,-0.0076352710934701,-0.0179755053053655,-0.1239749860087111,-1.943588011635403,0,-0.0876330461226559,0.0201784186270966,1.139360571834117,-1.206445077430173,34.94684177611006,1,0.5934428483992664,train_dev
2022-10-11,-0.0063329815010276,-0.0535227663571182,-0.0899516662426863,-2.4146735335195464,0,-0.0934110491637101,0.0202460065262354,1.3128164297586151,-0.3011334191315142,36.9919237389117,1,0.5722182803334116,train_dev
2022-10-12,-0.0032984849331917,-0.054443236362672,-0.0964014191586417,-2.364490203863687,0,-0.0860248128780888,0.0188463313259484,1.2318430551728854,-1.0794494490526592,37.99292901822137,1,0.5962711213097625,train_dev
2022-10-13,0.0263910702266099,-0.0193729903536976,-0.0619040295293755,0.1250297527037324,0,-0.0581134989061896,0.019947004690647,1.1924021038534285,2.1132539254955347,48.708920187793446,0,0.4195592774369883,train_dev
2022-10-14,-0.0227887531764899,-0.0142231042752005,-0.0724400871459695,-2.1687392971840302,0,-0.0795779178998842,0.0207396226263538,1.2052928769133793,0.9716693299101762,45.89579749324157,1,0.5420495263874622,train_dev
2022-10-17,0.0256969493610714,0.0188878395644687,-0.0559258782653455,0.3394615117389088,0,-0.0449634200317633,0.0206421725960812,1.1300807907399133,-0.4424700770795009,51.91878625613565,1,0.5001360554168265,train_dev
2022-10-18,0.0117496319720844,0.037429418013082,-0.0337420916972583,1.7087107250030713,0,-0.0180966743392333,0.0182126866487022,0.9888821995452792,-0.3156876814504132,50.34562211981567,1,0.554911157734239,train_dev
2022-10-19,-0.0070864656589335,0.0334866502131478,-0.023556533029492,1.2262523486688126,0,-0.025054898536921,0.0182936092357121,1.0112636701329614,-1.0508388925514407,53.494919818827256,1,0.6105027229787718,train_dev
2022-10-20,-0.0083853459972862,-0.0015301800694046,-0.023542301320079,0.5926933273137256,0,-0.0332301505410482,0.018207863348825,1.006540882240872,-0.6511767341521715,55.197675887331066,1,0.6051835855815407,train_dev
2022-10-21,0.0243014695821133,0.0465844587981993,0.0172306019839652,2.7120774299066808,0,-0.0097362224515172,0.0174108118186615,0.939302575955524,1.277341693558322,54.884253370643606,1,0.49727965262452273,train_dev
2022-10-24,0.0122365011087659,0.0328498991330898,0.0399659630534434,3.433872429646286,0,0.0,0.0171612038186481,0.9270890061876182,-0.7606000238984175,50.62639198218261,1,0.6270223133731748,train_dev
2022-10-25,0.0159685380209571,0.0371567914207959,0.0592767901370465,4.311536272729743,0,0.0,0.0169365523754611,0.9044101458572088,-0.9655936845664984,55.08375535644724,0,0.6285164389564735,train_dev
2022-10-26,-0.0075340330458277,0.0366892808683851,0.0310096348473807,2.8162645738462038,0,-0.0075340330458277,0.0172853827403756,0.9373165099464862,0.151883157110624,55.80110497237568,0,0.6082766019621901,train_dev
2022-10-27,-0.0053400345531646,0.0398730193481293,0.0473827834284297,1.883058904913978,0,-0.012833835602203,0.0162211257997178,0.9136411410886351,-0.7446394608905925,62.70509977827051,0,0.6239835879217652,train_dev
2022-10-28,0.023790725827675,0.0393545112078868,0.0891427291561677,3.4363566748915115,0,0.0,0.0142836432142839,0.8007660305310084,0.2045250525295475,69.61580086580088,0,0.5590316303538854,train_dev
2022-10-31,-0.0072232790087913,0.0193733998469132,0.0534628078884917,2.162498181385325,0,-0.0072232790087913,0.0136704649030511,0.7933244287369796,-0.0061881360638704,69.12021490933512,0,0.608867034771135,train_dev
2022-11-01,-0.0043758576940006,-0.0010391769718384,0.0173294176786515,1.3564450911238028,0,-0.0115675286617654,0.0137690126402281,0.8633534589184718,-0.5467369591150713,68.64994663820704,0,0.6021264182906246,train_dev
2022-11-02,-0.025096223863518,-0.018716297576043,-0.0058871887347847,-1.3528555752333389,0,-0.0363734512364402,0.0162766964733336,0.9587885740165994,1.4459947661916923,55.91755319148936,0,0.5785791676775679,train_dev
2022-11-03,-0.0102969029263478,-0.0236065056055582,-0.0058681672025723,-2.51227760391623,1,-0.0462958202663101,0.0164206406073519,0.967301638649698,-0.5452784333960604,59.45984162895929,1,0.5957804717420764,train_dev
2022-11-04,0.0143931430419665,-0.0325690195876817,0.0373769949557596,-1.1626227424450437,1,-0.0325690195876817,0.0151513884301004,0.950452179048752,0.2855688788729419,57.12576641244208,1,0.5637606442139373,train_dev
2022-11-07,0.0095655639697089,-0.0162087983221562,0.0553580356646852,-0.2454809194376261,1,-0.0233149966582695,0.0149466461677408,0.9423934174279702,-1.4239913244857738,56.66565900846433,1,0.6415298269353255,train_dev
2022-11-08,0.0053954467693118,-0.0065536252990741,0.0678146139654496,0.369686252768701,1,-0.018045344712354,0.0140700724398886,0.8950198934940943,-0.6003930343461368,60.292772186642274,1,0.6220531407411369,train_dev
2022-11-09,-0.0206020942408377,-0.0019740176594552,0.0492764191159973,-1.4939284473043934,1,-0.0382756670608194,0.0153287760950395,0.9255244873113212,-0.9051338761718604,56.196702671972695,1,0.665153971003034,train_dev
2022-11-10,0.0549541603186058,0.0638257728902185,0.0784763778451784,3.518457806045511,1,0.0,0.02352607468246,1.1961780617865432,2.249647886696802,62.43295953193563,0,0.38555489272580507,train_dev
2022-11-11,0.0096784818465125,0.0588813604357645,0.1143080837737327,4.260852275105682,1,0.0,0.0226160388849473,1.212195557048679,-0.0786909566515112,62.08169291338582,0,0.5790676136541167,train_dev
2022-11-14,-0.0085066874106044,0.0399263060929069,0.0771495556403685,3.133523876642782,1,-0.0085066874106044,0.0226817710614312,1.240744167885858,-1.145413006577685,56.48689900788602,0,0.6424128043106345,train_dev
2022-11-15,0.0085290544644665,0.0431675392670156,0.0737207986419852,3.635257157123837,1,-5.018694637515253e-05,0.0226134218877197,1.2410028132633797,-0.0442398211032207,60.41218864584653,1,0.5629841210995128,train_dev
2022-11-16,-0.0076287987151497,0.056985539785636,0.0731343283582088,2.297126005639325,1,-0.0076786027954128,0.0207293874368319,1.1365285080258287,-1.2431641621969438,59.65788487951054,1,0.6343705834637944,train_dev
2022-11-17,-0.0030598052851181,-0.001140135296055,0.0788976765824689,1.3749283221863178,1,-0.0107149130511153,0.0202351766255863,1.1184656254130845,-0.8923093178769791,53.611956822585135,1,0.6534878663030406,train_dev
2022-11-18,0.0045403814935063,-0.0062231813505307,0.0580833043896442,1.322465019533794,1,-0.0062231813505307,0.0200346815399806,1.148078200924102,0.1095969087032218,56.89219539584504,0,0.5863936250112869,train_dev
2022-11-21,-0.0036360881751382,-0.0013413646487143,0.0414918045767676,0.577327470846871,1,-0.0098366414895486,0.0201559802698154,1.1605424618914952,-1.855102725247583,57.09254824623186,1,0.6523637640723572,train_dev
2022-11-22,0.0134570060062342,0.0035383572988028,0.0389171775953443,1.467845679560541,1,0.0,0.0203794622581022,1.179943343896164,-1.304552894368385,68.77719429857463,1,0.5715490357975199,train_dev
2022-11-23,0.0063015753938484,0.0176254899481604,0.0534003455316476,1.379539683179491,1,0.0,0.0183302614037891,1.0691885915230213,-0.8493958418337829,74.04685346807535,1,0.5671564923396273,train_dev
2022-11-25,-0.000223646936037,0.02052049512987,0.0588188852044844,1.162159172055884,1,-0.000223646936037,0.0076244751604597,0.4470500212231505,-2.14894719165565,71.6283716283716,1,0.6793065805812754,train_dev
2022-11-28,-0.0159570501826857,-0.000303007347928,0.0177111716621254,-0.3869688613353078,1,-0.0161771283733412,0.0089328342701596,0.5311210132553206,-0.5764259111074478,62.69083969465652,1,0.6500269740019201,train_dev
2022-11-29,-0.001717562072188,0.0016219366937835,0.0233551694673883,-0.5608125617988233,1,-0.0178669052233984,0.0085149129973255,0.5092118821477525,-1.0939033743429496,60.75434888635995,0,0.6500712191744269,train_dev
2022-11-30,0.0315006451939376,0.019454863715929,0.0602309372724436,2.3349682964420637,1,0.0,0.0129808846814382,0.7227320146753947,2.107388657298948,75.38205477379333,0,0.4438985124150929,train_dev
2022-12-01,-0.0007358712715855,0.0123254311415932,0.0867233974444474,1.9543460361237348,1,-0.0007358712715855,0.0125681235185811,0.751070224063936,-0.150347844547995,63.84464324678159,0,0.631236617267312,train_dev
2022-12-02,-0.001153713977122,0.0113836900057167,0.096762890488127,1.5148264386111103,1,-0.0018887362637362,0.0124793577392098,0.7592619840880496,0.1803900099050207,59.88700564971756,0,0.6353785311850412,train_dev
2022-12-05,-0.0179892359489814,0.0092950418024297,0.0617510296266772,-0.3998065773665712,1,-0.0198439952904239,0.0141410781552201,0.8307877218023031,-0.0679156845986083,54.81577246283125,0,0.6534863803191188,train_dev
2022-12-06,-0.0144147751445231,-0.0035422412266276,0.0365311225161204,-1.81692170383779,1,-0.0339727237048665,0.0149216581368527,0.8582950416827095,-0.0607807186883712,45.22540983606555,1,0.6531504728009017,train_dev
2022-12-07,-0.0017012416524895,-0.0356161695447408,0.029214659685864,-1.8189809311664036,1,-0.0356161695447408,0.0141417486550026,0.813523004851602,-0.4752557663050203,47.533922033168245,1,0.6492461020221546,train_dev
2022-12-08,0.0078339607284565,-0.0273454759683833,0.0590971052842594,-0.8968901472140414,1,-0.0280612244897958,0.0142449181879192,0.857119052762385,-0.6288914804716642,52.0703933747412,0,0.6401359150619216,train_dev
2022-12-09,-0.0074702200686453,-0.0334963505443465,-0.0035724239276394,-1.414064438823732,1,-0.0353218210361068,0.0143591329860596,1.2609216587104224,0.2955060069108566,47.22053769961593,0,0.5822575872230957,train_dev
2022-12-12,0.0144172091131,-0.0016016416827248,0.0011041128202553,-0.0688834617070659,1,-0.0214138540031397,0.0143336966709277,1.2305012611277113,0.0704043789809032,54.05959031657357,0,0.5291004527841323,train_dev
2022-12-13,0.0075698709111418,0.0206688164944266,0.0173365053654586,0.5178807648931422,1,-0.0140060832025117,0.0144487748908346,1.2481060075218853,1.9090485461189124,52.01322699863845,0,0.484838712801929,train_dev
2022-12-14,-0.0063935119536284,0.0158714009563534,0.0022836206680216,0.0824414703147938,1,-0.0203100470957614,0.0101062459681323,0.8756530926990337,1.2107380117242927,47.06568208317136,0,0.5708262189659581,train_dev
2022-12-15,-0.0244616925388081,-0.0166818090046436,-0.0147174105449487,-1.9295437155168933,1,-0.0442749215070643,0.0123183960733428,0.9702181207840074,1.4101132790191675,39.6140006542362,0,0.6017780704158522,train_dev
2022-12-16,-0.0163231784000206,-0.0254526037428803,-0.0278256899350649,-2.9529134129419834,1,-0.0598753924646782,0.0128019809693005,0.972357455207984,1.3358619920460948,39.65291421087097,0,0.57818880989408,train_dev
2022-12-19,-0.0084796618571764,-0.0474495550820904,-0.0404262303360856,-3.2966473694255463,1,-0.0678473312401884,0.0121396984217422,0.9209039325132536,-0.0489152907511299,38.05184603299292,1,0.6179319460467652,train_dev
2022-12-20,0.0013683490342615,-0.0533124362514615,-0.035606578980714,-2.83572409778218,1,-0.0665718210361067,0.0117923565887033,0.8935804948259587,-0.2911534610122653,23.76256767208052,0,0.6527238305561421,train_dev
2022-12-21,0.014952436011983,-0.0329744616925387,-0.0341835458864715,-1.208073604755562,1,-0.0526147959183672,0.0131509611763752,0.9894476166077276,-0.190459456680166,31.48310278410092,0,0.5973793570232163,train_dev
2022-12-22,-0.014266110866582,-0.0228678489849343,-0.0539237612444709,-2.229321444988566,1,-0.0661302982731554,0.0132277459958661,0.9843418987094876,0.5637959244931721,28.930008045052347,1,0.6116007777108496,train_dev
2022-12-23,0.0057522588779155,-0.0009392856211024,-0.048268834041707,-1.4043526176473635,1,-0.0607584379905807,0.0134904261908392,0.9947535847059272,-1.0786315936784787,35.37355313924945,0,0.6110964690885117,train_dev
2022-12-27,-0.0039434854143272,0.0036313878216935,-0.0366497436286026,-1.3473561143170498,0,-0.0644623233908948,0.012096517959054,0.917119916593486,-1.330977935622478,38.222474891036605,1,0.6505853709431686,train_dev
2022-12-28,-0.0124278972207654,-0.01019603721028,-0.0469852996989095,-1.931378522071039,0,-0.0760890894819465,0.0115335798011543,0.8605479263696582,-0.6347910566313206,35.48557353976078,1,0.6491206473184329,train_dev
2022-12-29,0.0180003185897095,-0.0072236750122983,-0.059458398744113,0.2504693031305969,0,-0.0587657715155383,0.013881107358068,1.170316520908388,-0.7554570119282985,39.42847703997359,1,0.5633932699282883,train_dev
2022-12-30,-0.0026340496557479,0.0044914898087833,-0.061245029211056,0.1749781277340349,0,-0.0601607235015114,0.0118741486695309,1.0020750504006637,0.0505660266712249,40.74074074074079,1,0.5780874069651258,train_dev
2023-01-03,-0.004209920769814,-0.0054582016661879,-0.0641173723919295,-0.1826917280226052,0,-0.0526158668557356,0.0107969802319303,0.9116757672077856,-0.3672275226566964,33.37612323491659,1,0.6252983414406984,train_dev
2023-01-04,0.0077201827635102,0.0061877294179339,-0.039615605996146,0.4894066631578195,0,-0.045301888200612,0.0106963247546061,0.9261214797060768,0.1473622118645089,33.27823691460054,1,0.5980559946385221,train_dev
2023-01-05,-0.0114133833646028,0.0072213667498539,-0.0366909580275752,-0.6273328531202886,0,-0.0561982237480409,0.0113925862569518,0.9995528712142856,-0.2834360917856505,32.207607536437976,1,0.6408416241809681,train_dev
2023-01-06,0.0229321524592756,0.0121009805967033,-0.0129209482144675,1.6022620169651285,0,-0.0345548175236959,0.0127715017122863,1.0080464073480797,0.9338043240622448,48.59576010146765,1,0.5118424069302505,train_dev
2023-01-09,-0.0005668934240361,0.0141986768820436,-0.0211487987078538,1.3552005100947486,0,-0.0351021220489091,0.0116949047790605,0.9345122721512896,-0.5655480989169578,54.67889908256885,1,0.592925597079384,train_dev
2023-01-10,0.0070128396844222,0.0256289060448504,-0.0068653376729047,1.8618248961378696,0,-0.028335447918999,0.0117474665888922,0.9368760474898216,-0.9300378300765044,60.882110469909335,1,0.5815649104827237,train_dev
2023-01-11,0.0126478570331303,0.030644152595372,-0.0085975686176212,2.771707639020606,0,-0.016045973580118,0.0119767932254412,0.9630963230591872,-0.7368258597124536,64.14809217982622,0,0.5553717089331,train_dev
2023-01-12,0.0036407766990291,0.0463387632452949,-0.0124636166878125,2.604663425376664,0,-0.0061091637456184,0.0105665599048747,0.8566667776389514,0.4019880224723283,61.0186896693366,0,0.5432995822947627,train_dev
2023-01-13,0.0038794840790004,0.0268501339929911,-0.0022533800701051,2.6033178076619032,0,0.0,0.0095801674383583,0.7793578906342361,-0.9040312186224998,69.87924865831843,1,0.586817100031054,train_dev
2023-01-17,-0.001831869510665,0.0255504563502293,0.0208916151220388,2.0124486116489613,0,-0.001831869510665,0.009522553322292,0.8746381361287024,-0.9142405378245172,67.17521960240404,1,0.6101170416541809,train_dev
2023-01-18,-0.0157880182014731,0.0023298684008399,0.0214470216818432,0.1278805084529161,0,-0.017590966122961,0.011187451788596,1.0317731693705547,1.6335711441831222,60.50385175931716,1,0.5541537636629165,train_dev
2023-01-19,-0.0072798794349792,-0.0173948220064724,0.0226830166833325,-0.7249449522067565,0,-0.0247427854454204,0.0114602049121382,1.0620900813240126,0.699895033966886,62.98222800173382,1,0.5666986302305888,train_dev
2023-01-20,0.0186290654590366,-0.0027206771463119,0.0403111368055919,0.7000264544881081,1,-0.0065746549560853,0.0116858785379791,1.018387158131791,0.9547553556636276,63.34763948497855,1,0.5115379205598128,train_dev
2023-01-23,0.0119985854299282,0.00534504391468,0.0372834839344431,1.5839932248601016,1,0.0,0.0101641915588088,0.8980645704440163,0.4104925882967014,68.07707588398887,0,0.5393626256043015,train_dev
2023-01-24,-0.0010733095374785,0.0061090579983407,0.051166211388947,1.1584436462538332,1,-0.0010733095374785,0.0101864713472824,0.9525594366845892,-1.1612706489793787,69.71114727420668,1,0.6170698266787841,train_dev
2023-01-25,0.0003748125937033,0.0226314848399704,0.0455459507456059,0.9470642521066956,1,-0.0006988992337068,0.0101253095131329,0.9483568646783674,0.5355535034587354,67.88872115591981,1,0.5504571481920905,train_dev
2023-01-26,0.0109903834145121,0.0414522437216962,0.0612218143681175,1.819544824498073,1,0.0,0.0099531982165838,0.926714712042691,-0.486232660307575,77.34425522741972,1,0.5464571760337514,train_dev
2023-01-27,0.0022977146386657,0.0247549762554308,0.0770456114267508,1.8301208115685916,1,0.0,0.0099429617383401,0.9833654008294652,-0.7837460885007042,72.78612118073539,1,0.5971631686787299,train_dev
2023-01-30,-0.0125468349437981,-9.984274767249612e-05,0.0447266847485916,0.4997516294612521,1,-0.0125468349437981,0.0109446870240627,1.0777702152044266,-0.3566121180341177,64.63554840193142,1,0.6086385039270069,train_dev
2023-01-31,0.0147033126138946,0.0156921539230385,0.062887325785111,1.7550798685254738,1,0.0,0.0117590733203551,1.1249807083766574,0.6429197539179703,67.03814830690098,1,0.5220890682085203,train_dev
2023-02-01,0.0106278291674866,0.0261021606094666,0.0787248568877685,2.3418036870951755,1,0.0,0.010113501933134,0.9694079063739892,1.5883881551774894,66.59426585577756,0,0.5167544934347978,train_dev
2023-02-02,0.0145569620253163,0.0297220506485484,0.0860433604336043,3.1087493258521413,1,0.0,0.0095393017956379,0.8935774252195328,1.4582445359308591,69.59272439699481,0,0.5163318832246357,train_dev
2023-02-03,-0.0106291088823838,0.0164415302701637,0.0869049501818757,1.598823242440154,1,-0.0106291088823838,0.0100675441606397,0.9483053725345406,0.8916746417828054,62.9511875818216,0,0.5975832268354377,train_dev
2023-02-06,-0.0061113132048018,0.0230659776829176,0.0560451453308596,0.7495433660864146,1,-0.0166754642737175,0.0101235329832167,1.024184145688657,-1.3503257528554922,60.91205211726383,1,0.6412675013911452,train_dev
2023-02-07,0.0130785935631847,0.0214278685298168,0.0704635693291393,1.6924659547369374,1,-0.0038149623302461,0.0105756820971769,1.0460697187430616,0.7312454473476296,71.80714022819282,0,0.5167693985442791,train_dev
2023-02-08,-0.0109347527637949,-0.000365141187926,0.0513851195657739,0.3273802252571339,1,-0.0147079994241565,0.0115359742875521,1.0919884900268986,-0.3382719448393194,69.64126360878097,1,0.5937135405267338,train_dev
2023-02-09,-0.0086691830025569,-0.023249676088104,0.029252629449838,-0.5992030160373507,1,-0.023249676088104,0.0116226949047819,1.0997635311709386,-0.2014391892830288,60.70678127984715,1,0.5994456545947898,train_dev
2023-02-10,0.0023336362966421,-0.010452285679641,0.0279121322047561,-0.424618087754407,1,-0.0209702960794663,0.0116232706292849,1.1008520416719052,-0.7048534811895122,57.63130792996911,0,0.5995896040547498,train_dev
2023-02-13,0.0117390451916477,0.0073201083376033,0.0359598494353825,0.4442779145701659,1,-0.0094774221411775,0.0110864039516859,1.026715347154893,-1.1379446774743671,61.93536193536191,0,0.594139709569582,train_dev
2023-02-14,-0.0004602378703097,-0.0061417664201931,0.037383412524826,0.2478013701958072,1,-0.0099332981429051,0.0103295442735323,0.9584063678024408,0.4977245662213814,61.60528800755426,0,0.5719968923845521,train_dev
2023-02-15,0.0032473827064753,0.0081090953366615,0.0574471889448007,0.4957056644446568,1,-0.0067181726570372,0.0098622109536564,0.9919243397008262,-1.382174872118955,59.25035077169774,0,0.6406912901612786,train_dev
2023-02-16,-0.0137687811005363,0.0029231865189516,0.0505351996706462,-0.6830654263807383,1,-0.0203944527088631,0.0095393047965803,0.9184582903533356,-0.2270494425084822,52.3783388218075,0,0.6478878629247633,train_dev
2023-02-17,-0.0024982854903496,-0.0019115772963436,0.0287460846721228,-0.8083706180783763,1,-0.0228417870339266,0.0090581141366649,0.9324673028550312,0.7670166891660964,56.5922118995849,0,0.5698249825198575,train_dev
2023-02-21,-0.0200608947601041,-0.0332824649371412,-0.003843945785388,-2.5433144894445783,1,-0.0424444551082106,0.0108036809126278,1.0291549206478412,0.2657493443071477,43.01115944770188,0,0.6317062289176786,train_dev
2023-02-22,-0.0013781352577111,-0.0341702210158975,-0.0041479260369814,-2.280306002353867,1,-0.0437640961658427,0.0093408868687316,0.8896700563340596,0.2736500350012621,37.515274949083526,0,0.6227805780707086,train_dev
2023-02-23,0.0053194158679179,-0.0321754674138846,0.0007743224678407,-1.5192667405694076,1,-0.0386774797255144,0.0094226321452159,0.8914177954058928,1.2079712723906582,32.18390804597709,0,0.597208553828069,train_dev
2023-02-24,-0.0106823740827635,-0.0291466640540805,-0.0206794317479925,-2.314118835793687,1,-0.0489466865012716,0.0095909958226721,0.9129926616456984,1.838520343501387,32.2909736083389,1,0.5851381758368438,train_dev
2023-02-27,0.0034058226953934,-0.0234002848303294,-0.0195967264839281,-1.7317332898485094,1,-0.0457075675416285,0.0096582943916293,0.9175504842533716,-0.2195631011413978,36.22495446265947,1,0.6194586872263185,train_dev
2023-02-28,-0.0036959746561738,-0.0070911323260417,-0.0108090566414538,-1.6924595987913138,1,-0.0492346081865732,0.0082595182071543,0.8103016874281411,0.8820178928058374,26.355233574818968,1,0.6270231823605263,train_dev
2023-03-01,-0.0038358653409377,-0.0095348020274,-0.0288821098209014,-1.6327262940701586,1,-0.0528816162003934,0.0081646126239527,0.8538782998345815,1.0437412017162404,28.505809240745847,1,0.6026340624944059,train_dev
2023-03-02,0.0077772711151644,-0.0071132631158589,-0.0316212268743915,-0.4666291361731429,1,-0.0455156197514275,0.0087410410143261,0.9306408975197392,0.07909111987997,37.29463307776568,0,0.5868283093881007,train_dev
2023-03-03,0.0160378069932882,0.0197033150007568,-0.0302077834828925,1.2332630376741265,1,-0.0264938943616175,0.0100079016812919,1.0500283776186934,0.4937331130175599,45.411203814064336,0,0.5236674399652855,train_dev
2023-03-06,0.0006927435117147,0.0169461695119805,-0.0191099793864435,1.3742302380779476,1,-0.0258195043233218,0.010004315696329,1.0765543079128497,-0.7703499428829257,38.83547008547018,0,0.6204647377885226,train_dev
2023-03-07,-0.015328701757856,0.0050724271942663,-0.0282068174608984,-0.1591857710482423,1,-0.0407524265998699,0.0090501291383605,0.925412462284271,1.8011564687593835,33.46375143843504,0,0.5798699608873162,train_dev
2023-03-08,0.0016320586536773,0.0105892486193444,-0.0391868782966834,-0.0057652346325083,1,-0.0363785690129958,0.0090554955978506,0.9835672188292092,-0.7305028145974722,32.390084190832624,0,0.6266969965512819,train_dev
2023-03-09,-0.0184498144991477,-0.0157110178225786,-0.046487276269329,-1.626247069966564,0,-0.0541572056621093,0.0105404268988718,1.0831870250846962,1.817236860917284,31.179648806843844,1,0.5806494549565822,train_dev
2023-03-10,-0.0144294616406169,-0.0452262549790939,-0.0520278071188188,-2.790022821963486,0,-0.0678052079810618,0.0109330049654929,1.0922489378044928,3.618381268554,28.23649337410815,1,0.5185342879518933,train_dev
2023-03-13,-0.0014252027674847,-0.0472470146117141,-0.0555827860013724,-2.6251487685376222,0,-0.069133774578482,0.0107422539789614,1.0799697654612643,2.0431937897907653,33.42988172821636,1,0.535250789036441,train_dev
2023-03-14,0.0165299979240192,-0.0164210209154592,-0.0511106266501949,-0.9021087994819008,0,-0.0537465578047248,0.0123950640656428,1.1959146482838734,1.568244586765715,42.79365079365081,1,0.48045965526695394,train_dev
2023-03-15,-0.0062543078140556,-0.0241652461646446,-0.0566110895696007,-1.3856871437618816,0,-0.0596647181023238,0.0124781262055814,1.20173424083518,1.938138226914596,38.041193778898695,1,0.5208422760201002,train_dev
2023-03-16,0.017545211672832,0.0116201859229747,-0.043166336537997,0.3877540676161926,0,-0.0298079749191729,0.0136013141076804,1.2058477164858317,1.009079512076249,49.73070017953323,0,0.48126453302458333,train_dev
2023-03-17,-0.0154502537174017,0.0105724132569768,-0.0447976878612715,-0.806287516532699,0,-0.0424053430241123,0.0130195848935802,1.1444255317297058,0.8294062277518389,42.95081967213117,1,0.5681214100496575,train_dev
2023-03-20,0.0096156311700299,0.0217458999377204,-0.0331974659922408,0.4215901062774239,0,-0.0265285435260959,0.0136298450417514,1.166960621381615,-0.5435049067975259,47.79643231899268,1,0.5632432950219897,train_dev
2023-03-21,0.0131304922029766,0.0183289510632322,-0.0004510260843417,1.723570767382976,0,-0.0137463841570449,0.0136482580486591,1.2107178622521235,-0.6064054261116195,53.427585073154695,0,0.5672840369478803,train_dev
2023-03-22,-0.017046451580557,0.0072698314837649,-0.0161338886937321,0.1634863463356033,0,-0.0305585086656612,0.0146766447844929,1.2329937066814924,-0.0591847062006465,45.58550185873608,1,0.6109149815152535,train_dev
2023-03-23,0.002703323047104,-0.0074221807073792,-0.018694154644836,0.3929719557440517,0,-0.0279377951393181,0.0134556166573855,1.1357493724792371,0.1333461078025193,40.69885212694131,1,0.5935702501240976,train_dev
2023-03-24,0.0065620469517002,0.0147696094771661,-0.0015893839245169,0.7984921615322875,0,-0.0215590773110491,0.0124704894961325,1.0637642795646651,-0.2124772903714482,42.91517712057199,1,0.6022345049471217,train_dev
2023-03-27,0.0018698673404926,0.0069843043632853,-0.0031176929072486,0.7014995123537062,0,-0.0197295225851114,0.0123958866493024,1.0590778876744504,-1.1991942366969983,48.41298145506422,1,0.6327452431885857,train_dev
2023-03-28,-0.0022446972180887,-0.0082976109899476,-0.0016655731085649,0.3767935754792417,0,-0.0219299329987391,0.0114946173655925,0.9836758086579296,-1.406822164765911,47.05255681818184,1,0.6611548740446191,train_dev
2023-03-29,0.0145348837209302,0.0235648159955115,0.0167451993717384,1.5248329210112312,0,-0.0077137983039533,0.0119009506981827,0.9847945010627212,-0.9435767043844944,58.947176019009326,1,0.5890890440725238,train_dev
2023-03-30,0.0058552385698267,0.0267823079075208,0.014806063195998,1.923596436082511,0,-0.0019037258634757,0.010854951681062,0.9019729324289172,-1.1099921747017891,67.30208130713862,1,0.5955776367707584,train_dev
2023-03-31,0.0140946247213276,0.0344662034112444,0.0128652366461317,2.8563819496961145,0,0.0,0.0095319645585745,0.8001689841397894,-0.0005126918229583,71.24668435013257,1,0.5368137416226274,train_dev
2023-04-03,0.00381054739979,0.0364700244646774,0.0160209657082106,2.803808456454405,0,0.0,0.0093890716234966,0.7868402077214511,-1.1985015078937349,68.57363741785846,0,0.6074202826401897,train_dev
2023-04-04,-0.005548120209271,0.0330384226491404,0.0261129384588345,1.984437933908633,0,-0.005548120209271,0.0093006510834871,0.8141539541024737,-1.122470979656371,68.79968974209817,0,0.6234730228045999,train_dev
2023-04-05,-0.0026182494433161,0.0155724430048584,0.0217587486212773,1.3257363890152627,1,-0.0081518432899378,0.0066917351198228,0.5840384614438157,-1.1314037818274043,62.54092992796336,1,0.6435064213204467,train_dev
2023-04-06,0.0039008832188418,0.0135992073321773,0.0450250280927571,1.3175064191606607,1,-0.0042827594597882,0.0066786039639508,0.6362908562336138,-1.0712940047348811,73.25581395348841,1,0.6135154692876249,train_dev
2023-04-10,0.0010264180454067,0.0005373848897141,0.0614132828897928,1.0746320218134306,1,-0.003260737315975,0.0066740610535228,0.6848671171327597,-1.016105979983976,70.90909090909095,1,0.6334147782348012,train_dev
2023-04-11,0.000268548131149,-0.0029930648497382,0.0632136184347105,0.7727914446920383,1,-0.0029930648497382,0.0067355962170571,0.6935622117657797,-1.0450701032517145,66.43356643356648,1,0.6481667512529861,train_dev
2023-04-12,-0.0040759543102607,-0.0015171164998654,0.041661348377709,0.0556614021278778,1,-0.0070568195644238,0.0069255510841916,0.7448722368677305,-0.1867625652335965,78.71037463976953,1,0.5758097597573052,train_dev
2023-04-13,0.0132826859453498,0.0144013738959765,0.0621403616933828,1.0842592932145316,1,0.0,0.0067041062220799,0.7131106538238025,-0.0873719994753443,81.60024906600256,0,0.5439814998179168,train_dev
2023-04-14,-0.0024427407067019,0.0079913976392385,0.0412764131175682,0.6218423023534463,1,-0.0024427407067019,0.0068238564303171,0.7732263182045852,-0.2922341008439131,77.34860883797049,0,0.5763181646212076,train_dev
2023-04-17,0.0035882267371381,0.010571030980689,0.0614118310725915,0.870929852863057,1,0.0,0.0054554615838384,0.699001434676797,-0.773458481480033,77.88430808565033,0,0.5984768759180237,train_dev
2023-04-18,0.0006522684447021,0.0109587035048324,0.0519886219332552,0.8566030017628715,1,0.0,0.0053731421194706,0.701306780658557,-0.8397867336514995,80.33909357678505,0,0.5939078958628187,train_dev
2023-04-19,-0.0001689964027908,0.0149246415880406,0.038179037878218,0.7054292029695792,1,-0.0001689964027908,0.0049164823848317,0.6769080165544621,-1.148354871342162,75.5902360944377,0,0.610536358778617,train_dev
2023-04-20,-0.0054570918047036,-0.003845502696689,0.0504195251332533,0.0517408487928265,1,-0.0056251659786098,0.0052417176893119,0.8693401140245107,-0.011038101163329,66.42570281124497,1,0.6023136338560158,train_dev
2023-04-21,0.0007769253180538,-0.0006303641565242,0.0484014548414171,0.0563150535963887,1,-0.0048526109944231,0.0051456340874202,0.8517638249064602,-0.0193453783442922,57.19406041986687,1,0.6143431489143626,train_dev
2023-04-24,0.0010431829209121,-0.0031647098613325,0.0426531901452937,0.0873214155771736,1,-0.0038144902344221,0.005145738682705,0.8625384064946462,-0.5747745366635454,54.56521739130436,1,0.6364543966589332,train_dev
2023-04-25,-0.0158737852313211,-0.0196277250669949,0.0241872430578324,-1.414400372900605,1,-0.0196277250669949,0.0073655521178782,1.02362124117145,1.8000381027322758,44.28760476400524,1,0.5891829392045649,train_dev
2023-04-26,-0.0042356185973206,-0.0236152025884965,0.0221435793731041,-1.7439501187013473,1,-0.0237802081069987,0.0073734486703956,1.0156924494569506,0.4937218357532669,43.05317324185248,1,0.6149283914237943,train_dev
2023-04-27,0.019908002769809,0.0012867825580267,0.0275569951413978,0.2379499843230332,1,-0.0043456217860504,0.0089226672239953,1.1356440389386069,1.2853979328718756,55.4063129617193,0,0.5009392300388911,train_dev
2023-04-28,0.0085351955578185,0.0090490053372149,0.0302947733465444,1.0083103031245098,1,0.0,0.0092868390387833,1.1667935626830226,0.9506283773942744,59.61070559610703,0,0.5221309738268006,train_dev
2023-05-01,-0.0010097853004111,0.0069796185444586,0.0149490705684067,0.8678553655309809,1,-0.0010097853004111,0.0092514377049535,1.2500826505655978,-0.8793433440965928,58.72250677915027,0,0.5919181136902651,train_dev
2023-05-02,-0.0112392000192534,0.0117218282111899,-0.0002676724662368,-0.1841602728876188,1,-0.0122376361406968,0.0099553087449223,1.2717855334357635,2.0915435523309758,53.85465598231549,1,0.5011919784048487,train_dev
2023-05-03,-0.0068639859799435,0.0090513403897516,-0.0015905253627621,-0.7216790839590663,1,-0.0190176231577429,0.0101337630033577,1.2856213935053418,1.0850440428703647,41.8874665078892,1,0.5574341242145103,train_dev
2023-05-04,-0.0070829861281309,-0.0176523362673068,-0.0060598626104023,-1.2627007318838597,1,-0.0259659077248576,0.0102180397723513,1.273919048828523,1.1867655050929182,39.66732449957713,1,0.5660003028469045,train_dev
2023-05-05,0.0185125762101054,-0.0079340273603731,0.0084068525623792,0.5546430642810867,1,-0.0079340273603731,0.0120519008235524,1.3355512558836244,0.6361804746344758,48.42130633887684,0,0.5208367253560106,train_dev
2023-05-08,0.0002665826527397,-0.0066665062212701,0.0076414150045165,0.5787530612991013,1,-0.007669559781694,0.0120481459869524,1.3352717607677096,-1.798888242484722,48.221630776675575,1,0.6393267183684845,train_dev
2023-05-09,-0.004385327324708,0.0002190633823386,0.0029532363565361,0.0194718267007384,1,-0.0120212535763228,0.0108441945212681,1.1933923214986244,-1.7324354104434334,46.27350824239612,0,0.6535615737617003,train_dev
2023-05-10,0.0046723286204464,0.011837655016911,0.0117632643058449,0.2795731833208406,1,-0.0074050922030148,0.0107094071067494,1.179263121204097,1.0864401502496024,51.13503393400424,1,0.5304837700595098,train_dev
2023-05-11,-0.0017439748092528,0.0172784044627649,-0.0032408639079014,0.1114968020579548,1,-0.0091361527180054,0.0087200288105878,1.015471493092435,-0.4203818081525174,49.918849988407146,1,0.6003127206491885,train_dev
2023-05-12,-0.0013102661781476,-0.0025204178077212,-0.0021092954468312,0.0858385796997859,1,-0.0104344481042484,0.0081843845641811,0.9544664899665964,-0.3765344072731209,48.797409805735406,1,0.61353495011192,train_dev
2023-05-15,0.003450035229233,0.0006541648495419,-0.0022467024206407,0.4922296812307992,1,-0.0070204120885726,0.0083055217886942,0.9689380366681226,-1.2601817980200245,59.09210181054841,1,0.6074026962748045,train_dev
2023-05-16,-0.0066826469092757,-0.0016547830530747,-0.0095603679293111,-0.1649924074290379,1,-0.0136561440627028,0.007762543290817,0.8927665199439773,-1.0307002126733955,57.52234993614301,1,0.6217389088246899,train_dev
2023-05-17,0.0121389396709323,0.0057648056194743,0.0026319602066935,0.8699158749322887,1,-0.0016829755006851,0.0082386618946473,0.9014212116754888,0.5715205328728811,53.90798226164079,0,0.5491872673143103,train_dev
2023-05-18,0.0096332153264455,0.0172275738237934,0.0178450033990482,1.493975436923053,1,0.0,0.0079298268929441,0.8552000061067117,1.053181294858451,54.51312910284464,0,0.5452798805248454,train_dev
2023-05-19,-0.0014550485413734,0.0170801039869774,0.015574963609898,1.1995416503488363,1,-0.0014550485413734,0.0059949293665271,0.6454639799804742,1.2821850052942607,54.23129251700681,1,0.573713941739972,train_dev
2023-05-22,0.0004060962209164,0.0139948185273965,0.0149286285534255,1.0927840526428831,1,-0.001049543210171,0.0059920092694363,0.6451311958910132,-1.026347105254955,62.32558139534886,1,0.6290630859683769,train_dev
2023-05-23,-0.0112228085675398,0.0093601462522852,0.0197251773049644,-0.1179509815982075,1,-0.0122605729551797,0.007034177870824,0.7904313187478718,0.3858545783490747,58.89246996777024,1,0.5993718538952549,train_dev
2023-05-24,-0.0072448018546692,-0.0099703778628712,0.0166435849243247,-0.799463324348518,1,-0.0194165493881641,0.0073072795717242,0.8103662098758135,0.5130843472730439,58.70327102803731,1,0.588874677416791,train_dev
2023-05-25,0.0086599041572406,-0.0109247906876894,0.0054314880822481,-0.0012058217072149,1,-0.0109247906876894,0.0078179535817649,0.9690366798783514,0.6159082152098406,53.333333333333286,1,0.5547129912511579,train_dev
2023-05-26,0.0129506812974797,0.0033443218193109,0.0098333854254319,1.0883325551506984,1,0.0,0.008676747691293,1.037882716571853,0.7542953492957187,60.236220472440856,1,0.5192722028936302,train_dev
2023-05-30,0.0003809342412266,0.0033190859380596,0.0112392000192533,0.9526326537967232,1,0.0,0.0086765282598023,1.038805221847072,-0.4521266753148856,63.6390445296372,1,0.5774076013909606,train_dev
2023-05-31,-0.0055452425151125,0.0090801516578522,0.0170626034465972,0.2098447149109659,1,-0.0055452425151125,0.0085602847811291,1.0675976982750113,1.6148373926223494,57.28438228438225,1,0.5287151804786216,train_dev
2023-06-01,0.0095010171114036,0.0261013403390986,0.0338218714768883,1.0023130300693857,1,0.0,0.0082434667918688,1.027635864968501,0.4452116521549171,62.89592760180991,1,0.5359728164550304,train_dev
2023-06-02,0.0144611445640321,0.0320028940069938,0.0562535482437736,2.250163081268242,1,0.0,0.0088824205752642,1.0799365736102788,0.5966667705135854,68.93113841873406,1,0.5139627083025311,train_dev
2023-06-05,-0.0019162460272947,0.0168563401742776,0.0350677362285825,1.8478553765222985,1,-0.0019162460272947,0.0089040388831768,1.204256446491563,-0.7434882526877111,66.56477780390313,1,0.5814045250060279,train_dev
2023-06-06,0.0021774760009365,0.0186824694178684,0.0370451131462905,1.8452203914103853,1,0.0,0.0088854549477533,1.2030195144406857,-0.90255985759803,71.8427518427518,1,0.5662125420799774,train_dev
2023-06-07,-0.0034577015629744,0.0208208687327988,0.0380113401309225,1.1930603694715085,1,-0.0034577015629744,0.0078602805581906,1.0697778950156218,0.2197244755206394,65.21505376344086,1,0.5633572055182942,train_dev
2023-06-08,0.0060485288946194,0.0173296666824711,0.0394332081869928,1.371286836355048,1,0.0,0.0070143479100346,0.9502798213519952,-1.107264577872353,63.83454443823363,1,0.6082304833298358,train_dev
2023-06-09,0.0017943280590961,0.0046270330902971,0.0431174629364521,1.1886548193479944,1,0.0,0.006877688522965,0.9382817129437576,0.2929390483122664,65.69282136894823,1,0.5704105690970432,train_dev
2023-06-12,0.0090718771807398,0.0156871926949191,0.0539614665079326,1.7765139784340649,1,0.0,0.0063860215862489,0.8583581284065953,-0.3047955571400251,68.91857827073356,1,0.5785781855082461,train_dev
2023-06-13,0.0065928999538957,0.0201621381678855,0.0572625360160772,2.052931223064624,1,0.0,0.0063778785477683,0.8514679102088115,0.8362288595111189,79.83082209886346,0,0.514589693045822,train_dev
2023-06-14,0.0011908578756927,0.0249208768022506,0.0656429006703229,1.7149478023959437,1,0.0,0.0055782482994396,0.7785565452329981,1.0615259427207453,86.90240452616705,0,0.5061615136244967,train_dev
2023-06-15,0.0123976394162588,0.0313890895532822,0.0659152758712038,2.480509948204049,1,0.0,0.005928333744905,0.825438255954254,1.544669353607509,87.55710830421944,0,0.46075954536989355,train_dev
2023-06-16,-0.0070944419340263,0.0222377297045823,0.0482551344130905,1.4823076798732644,1,-0.0070944419340263,0.0059585367566459,0.8087434569699928,1.6292355221780377,77.78730703259008,0,0.5122614023687428,train_dev
2023-06-20,-0.0051881855003867,0.0077916090364222,0.0443361521188667,0.7213471290107866,1,-0.0122458201536376,0.0063179916267279,0.8406225160523543,-0.6106614701012226,72.91105121293806,0,0.5987086047059954,train_dev
2023-06-21,-0.005123747655428,-0.0039389914349837,0.0385634805033547,0.0460045084418116,1,-0.0173068233167645,0.006747823609152,0.8780446958711127,-0.6485447803367417,73.08835449878413,1,0.594932827831351,train_dev
2023-06-22,0.0036096932910285,-0.001532549521936,0.054142819193895,0.1776304918574552,1,-0.0137596023497514,0.0065228983136021,0.9267732452218592,-0.9869340412603824,71.22219011846289,1,0.6010685628414407,train_dev
2023-06-23,-0.0075599642619871,-0.0212155445097154,0.053808168527573,-0.672713599178246,1,-0.0212155445097154,0.0070584634067271,0.9995057983180092,0.3764563043931161,58.31499528450169,1,0.6068070829110033,train_dev
2023-06-26,-0.0040857782599662,-0.0182496700496063,0.0404919811889545,-1.113459149480415,1,-0.0252146407591504,0.0072250361596396,1.022517459083906,-0.7840311942888385,56.6239316239316,1,0.6316415490510037,train_dev
2023-06-27,0.010963285740775,-0.0023102612196349,0.0384505499738108,-0.0836129978123195,1,-0.0145277903298689,0.0074974491120353,1.0840156523495723,-0.7140311463028678,61.132385120350165,1,0.5826062522394562,train_dev
2023-06-28,0.0005043904899464,0.0033337931668735,0.038578704364796,-0.0270327233406936,1,-0.0140307275192047,0.0071951405288849,1.0405144618660418,-0.5521933231746328,63.93767705382432,1,0.5906894357010148,train_dev
2023-06-29,0.0039414285386925,0.0036654372179332,0.0484862989110925,0.3456244946759202,1,-0.0101446000903751,0.0072991861010868,1.089734471464568,-0.9589867696981408,63.03716608594658,1,0.6043726615496212,train_dev
2023-06-30,0.0118006893245987,0.0232450774451189,0.0508747807121521,1.513961375778906,1,0.0,0.0071903060229701,1.0504867546843195,1.3894930946807489,67.22451081359421,0,0.49701078305508406,train_dev
2023-07-03,0.0011505143475907,0.0286250695345819,0.0370863712843523,1.5300776477801623,1,0.0,0.0067213158064724,1.0768371401674877,-2.4643905086489863,64.09026798307474,0,0.6473574083505858,train_dev
2023-07-05,-0.0014871898871088,0.0159570809546736,0.0375321938656052,1.2412696454396517,1,-0.0014871898871088,0.0064385849781904,1.0336713616495998,-1.0922091464628505,59.729323308270615,1,0.6248544711543231,train_dev
2023-07-06,-0.0078306591745085,0.0074932972799561,0.0271709926874286,0.3402796637826923,1,-0.0093062033844836,0.0067893399650047,1.029696295153876,0.002894554118201,53.4254143646409,1,0.6092887735899916,train_dev
2023-07-07,-0.0025246781603966,0.0010043139850721,0.0281326925331144,0.0403765742872115,1,-0.0118073863764393,0.0068145333167983,1.0386644666940104,0.2860266810489559,43.650047036688605,1,0.6164117544501003,train_dev
2023-07-10,0.0025310682932391,-0.0081663959574083,0.0245380187821873,0.1462354618717218,1,-0.0093062033844836,0.0062109075376363,0.9589857818755244,-0.949990172909,50.33489618218359,1,0.6398932102170588,train_dev
2023-07-11,0.0063685575217211,-0.0029969129543253,0.0292160967666899,0.5316731800418011,1,-0.0029969129543253,0.00604454009815,0.9189867697325892,-0.7775650933195539,58.68992758393676,1,0.6118797850304112,train_dev
2023-07-12,0.0080459250553721,0.0065217881885677,0.0281696634393728,1.114247174708961,1,0.0,0.0056504740234848,0.8668157810462015,0.5871227284797591,67.4763406940063,1,0.5393235016221256,train_dev
2023-07-13,0.0079368638177661,0.0225173998089431,0.0295424357623779,1.6133917391088357,1,0.0,0.005879528919681,0.8933391429682297,-0.3505615807974092,69.37926937926939,1,0.5609683704793762,train_dev
2023-07-14,-0.0006228312127414,0.024466993501311,0.0276773868886957,1.294361938859926,1,-0.0006228312127414,0.0059741434988763,0.9054272963017952,-0.4181903118168603,76.21533442088088,1,0.557574235126041,train_dev
2023-07-17,0.0034722222222223,0.0254287403903015,0.0186172616357884,1.4731203367132235,1,0.0,0.0050479146492016,0.827931205900467,-1.233557941102722,81.8659658344283,1,0.5643757909146478,train_dev
2023-07-18,0.0074305740395705,0.0265108710391899,0.0335184089564466,1.9883907620106125,1,0.0,0.0053528458667328,0.8991913027874527,0.4932116402738612,81.0048176187198,1,0.5014944647101925,train_dev
2023-07-19,0.0022237389638697,0.0205820366799696,0.0412187199780409,1.9388993644494712,1,0.0,0.0051846477334809,0.904777096962294,-0.4330324910274112,81.50753768844213,1,0.5498058962420626,train_dev
2023-07-20,-0.006634446397188,0.0058279206335083,0.0396376511702762,0.9794682376271284,1,-0.006634446397188,0.0049217408760786,0.84296611815405,-0.1097209365957391,72.58426966292132,1,0.5852052817475636,train_dev
2023-07-21,0.0,0.006454772079772,0.0358983757531328,0.6730386034282054,1,-0.006634446397188,0.0046755580099172,0.8005044153897126,-0.0676284614938849,67.12856043110085,1,0.5860618888374403,train_dev
2023-07-24,0.0044672475562828,0.0074527548575991,0.0484522517947416,0.7964741206939021,1,-0.0021968365553602,0.0046905880856526,0.8632982805955994,-1.0741487861111332,68.93415787559107,1,0.6113292040597119,train_dev
2023-07-25,0.0027300748568912,0.0027521521830071,0.0556276654923049,0.781351997857977,1,0.0,0.0045628002338385,0.8748261783565385,-0.9183012210524172,71.92732454577842,1,0.6071038453099608,train_dev
2023-07-26,0.000153697523274,0.0006810193321618,0.0443405094343947,0.585614033538104,1,0.0,0.0042463467561758,0.8728089899259063,0.1026543919360327,82.12403729225771,0,0.5430031574436194,train_dev
2023-07-27,-0.0066299312858114,0.0006855676942809,0.0368936043447376,-0.1458674922928563,1,-0.0066299312858114,0.0045174295205682,0.8618300894087115,1.3383781601672766,76.2227238525207,0,0.5209665319623876,train_dev
2023-07-28,0.0097902716082123,0.0104825511964261,0.0429344228618384,0.6620182192701141,1,0.0,0.0053182867229469,0.9631816200056704,0.5529534217861776,78.8628762541806,0,0.5051483297172875,train_dev
2023-07-31,0.0019040532259475,0.0079040070453544,0.0327332611441979,0.699500670904733,1,0.0,0.0052832396991872,1.0503915340041874,-0.4615887873740055,77.40436181623173,0,0.5486152867681483,train_dev
2023-08-01,-0.002861574084187,0.0022835060600738,0.0285946055566821,0.360787003752968,1,-0.002861574084187,0.0050040914111352,0.9757066413011692,-1.1717463265083337,70.33437013996894,0,0.6054007742936882,train_dev
2023-08-02,-0.0139107956536979,-0.0118109371912801,0.0157967187958387,-0.9248743209811447,1,-0.0167325629655519,0.006704042609747,1.0900278169340707,1.7056526820566138,50.998948475289154,0,0.5596214292513345,train_dev
2023-08-03,-0.0028658387576923,-0.0080664766072179,0.020879770731929,-1.13612835298833,1,-0.019550448895782,0.0064597820315217,1.0990277229213994,-0.4944972678595368,49.2552471225457,0,0.619599706243256,train_dev
2023-08-04,-0.0045227698066125,-0.0221264116256675,0.0188347964884276,-1.466719298903313,1,-0.023984796522423,0.0065611275222189,1.1012083306887666,2.017707180122793,43.28557147617465,0,0.5535110113839733,train_dev
2023-08-07,0.0087285423334302,-0.0154656065007974,0.0251330573625072,-0.5301117604477452,1,-0.0154656065007974,0.0070856749014955,1.1426899526490166,-0.9050929289487452,44.30628272251305,0,0.6290811397255601,train_dev
2023-08-08,-0.0043486942823545,-0.0169339291973361,0.0142159743253627,-0.8162354152898907,1,-0.0197470455885887,0.0070530698699495,1.1377270022861108,-0.0222524672993914,39.76515391939066,0,0.6277787549775995,train_dev
2023-08-09,-0.0066852367688022,-0.0097305222935596,-0.000605354019999,-1.2663162534581671,1,-0.0263002686821468,0.007209443523034,1.170635931773938,0.5733465661239728,39.79040965385834,0,0.5952889690351366,train_dev
2023-08-10,0.0003589455973078,-0.0065279386863914,-0.008119049737521,-1.0867129981877026,1,-0.0259507634504904,0.0070631142628807,1.2032297023064331,1.45372660282231,40.09478672985784,0,0.542433928659285,train_dev
2023-08-11,-0.0005830773025947,-0.002596181822251,-0.008079594017094,-0.8966336210922345,1,-0.0265187094519322,0.0058955327350541,1.00434050743602,-0.228991774769237,35.697557711609235,0,0.6284924785070706,train_dev
2023-08-14,0.0055200269269606,-0.0057686760888375,-0.0060553633217992,-0.1346068988264332,1,-0.0211450665152144,0.0062917841939638,1.0559961891562597,-1.6138916165907615,38.2192221150756,0,0.6581066100572703,train_dev
2023-08-15,-0.0116489254870456,-0.013058495821727,-0.0248794557343843,-0.9980887661924046,1,-0.0325476746980056,0.0069829917527863,1.1297967872615755,0.2864564790940082,32.597904026475504,0,0.6221071378399763,train_dev
2023-08-16,-0.007338165232902,-0.0137072349971957,-0.034182776801406,-1.4935940811909436,1,-0.039646999716027,0.0060942449226883,0.972300045777303,0.5355950841848313,32.392436283913426,1,0.6104054551720225,train_dev
2023-08-17,-0.0076198708033845,-0.0215738601960037,-0.0351408731036312,-1.96853843716788,1,-0.0469647655038336,0.0063211542250428,1.0014097516053797,1.4224095671733954,20.869810787913096,1,0.6079936787743401,train_dev
2023-08-18,0.0004813312246441,-0.0205318074722314,-0.0346764562784731,-1.6936174046214094,0,-0.0465060398872846,0.0063687374619762,1.0076695311245167,1.4444228600736695,19.36690647482017,1,0.6072508633444736,train_dev
2023-08-21,0.0065063001145475,-0.019571087456205,-0.0327168648172611,-0.7999855492308368,0,-0.0403023220253828,0.005966719141624,0.9263618274844918,-0.4299880042071371,26.37816979051816,1,0.6512998362777055,train_dev
2023-08-22,-0.002708608367096,-0.0107024317550633,-0.0379632882487265,-0.8313283826328647,0,-0.0429017671858276,0.0059337988277005,0.93283584672491,-0.7131840698423816,30.751928020565515,1,0.6584882506502137,train_dev
2023-08-23,0.0111377382175055,0.0077108543353652,-0.0273978617373933,0.3349556449877653,0,-0.0322418576203064,0.0070633891215851,1.0102323837919545,-0.4842160210624208,41.63065399020455,1,0.5961056978128193,train_dev
2023-08-24,-0.013859106606776,0.0013752320704119,-0.0344759000198899,-0.8530599184384884,0,-0.0456541208851221,0.0081920881786208,1.0995791194728697,0.832883177874915,37.22308088614113,1,0.5940037318365107,train_dev
2023-08-25,0.0070498294765273,0.0079495990836198,-0.0370962094020834,-0.0252226294704686,0,-0.0389261451757355,0.0086809492450398,1.197413507283756,1.5503339624942312,35.86842105263166,1,0.5241249799438275,train_dev
2023-08-28,0.0063413414550992,0.007784403878545,-0.0328316476987265,0.7312090202163138,0,-0.030056081317911,0.0087556603112935,1.1773740672687354,-0.928407863682766,42.28689157867628,1,0.6035098907556935,train_dev
2023-08-29,0.0144547836299575,0.0251283806915441,-0.0160357518401682,2.041697241766324,0,-0.0034390184375762,0.0091646746165489,1.1107938534577375,0.3089917991892041,54.0374141605494,0,0.5312876355768416,train_dev
2023-08-30,0.0041187995369131,0.0180123242218359,0.0019549907804412,2.1980014049080987,0,0.0,0.0086461969769325,1.121875882021871,-0.5165576617669702,55.80601092896171,0,0.5894768447433176,train_dev
2023-08-31,-0.0014633821866476,0.0308086703746939,0.0033642277871848,1.7243560205639767,0,-0.0014633821866476,0.0080360685849097,1.045736041322488,-0.7184045911056092,55.30234657039717,0,0.6086730608020623,train_dev
2023-09-01,0.0018652159431553,0.025501738754915,0.0098028244667756,1.5770456003692015,0,0.0,0.0079957504158734,1.0506138514685734,-1.0863523285237855,53.60655737704917,0,0.6249278026310136,train_dev
2023-09-05,-0.0043219042975243,0.014635468425332,-0.0032615207117657,0.9131240523389672,0,-0.0043219042975243,0.0082491445527139,1.110765165415995,-1.3127750779786351,58.05224448389557,0,0.6220621580658211,train_dev
2023-09-06,-0.0067224646068916,-0.0065455516965001,-0.0056378830083564,0.0533653824593944,0,-0.0110153150557413,0.0086077082766186,1.1452779972599607,-0.2709424495268983,58.39285714285723,1,0.5905440358670716,train_dev
2023-09-07,-0.003070234413518,-0.0136582337420455,-0.0020190689848569,-0.2945105387256751,0,-0.0140517298698995,0.008061433076624,1.0900353061703163,-0.2696794081316394,61.4991939817303,1,0.5832272438640266,train_dev
2023-09-08,0.0015061256603348,-0.0107249916731432,-0.0008746159538921,-0.3371161026067915,1,-0.0125667678804938,0.0063066574489052,0.8518413948240428,-0.7400451036263356,61.96921443736733,0,0.5971865823715903,train_dev
2023-09-11,0.0065765846651104,-0.0060728296283162,0.0062829574778413,0.1283840357242509,1,-0.0060728296283162,0.0062659965277454,0.8303184854029829,-0.8262244277945359,62.05983584855712,0,0.5971859986511158,train_dev
2023-09-12,-0.0054855613780799,-0.0072344403882111,-0.0047309812322867,-0.4926394138305005,1,-0.0115250781267315,0.0064538676371927,0.8547972866305491,-0.4262860817503313,60.040983606557454,0,0.6005365551434709,train_dev
2023-09-13,0.0011659454247852,0.000649903634978,0.0081735871209556,-0.3176814389652028,1,-0.0103725703140583,0.0043391311944892,0.6149643555239764,-0.8872896528640659,55.01730103806233,0,0.6404491244637364,train_dev
2023-09-14,0.008622427269266,0.0123861975946948,0.0243835865708308,0.5564139433940272,1,-0.0018395797779205,0.0050558879918877,0.7188260557778362,0.7518077041850807,70.79345476999086,0,0.5288675119261461,train_dev
2023-09-15,-0.0155209166000532,-0.0048258215119409,0.0162277384308602,-0.8497886709752341,0,-0.0173319444136615,0.0070342211218498,0.908483193969474,2.41025412797365,54.68319559228649,0,0.5506784020067238,train_dev
2023-09-18,0.0005864176647043,-0.0107481324562381,0.0163344788087056,-0.6236363554906541,0,-0.016755690507325,0.0069768579138177,0.9010997701025498,-1.035485756973226,51.28812555522654,0,0.6512970158122641,train_dev
2023-09-19,-0.0020738002389378,-0.0073544249871073,0.0076705968042973,-0.6844474954067287,0,-0.0187947427912853,0.0069177517484245,0.9043759114876242,-0.3180210167643536,38.60021208907728,0,0.6572192793141475,train_dev
2023-09-20,-0.0091933771543447,-0.017625585093279,0.0011183384685609,-1.4298780008224663,0,-0.0278153327866309,0.007166975490449,0.9048113655310716,0.6750233522694601,29.727958046542028,0,0.6557902394248226,train_dev
2023-09-21,-0.0165283603866496,-0.0421218580691002,-0.0262736157822268,-2.7649738424052805,0,-0.0438839513287085,0.0085796027557783,1.0341648404953463,1.785475977058596,24.447439353099625,0,0.622691069544065,train_dev
2023-09-22,-0.0022485453997541,-0.0292081106073933,-0.0148092197120556,-2.652285325920999,0,-0.0460338216715795,0.0084398347991972,1.0876367260094773,1.4875794148343864,22.10582863282293,0,0.6101641079866358,train_dev
2023-09-25,0.0042051949258863,-0.0256970899172733,-0.0175921085528558,-1.8829805345894013,0,-0.0420222079390056,0.0081566241689035,1.0683195195355333,-0.1327353622440605,27.06929091399296,0,0.6412588880074578,train_dev
2023-09-26,-0.0146912523425029,-0.0380158568814799,-0.038124491824013,-2.881093876136227,0,-0.0560961014206875,0.0088750231767036,1.1053274615990667,1.2643878728012168,24.83918852053432,0,0.6187570877950244,train_dev
2023-09-27,0.0003991734760966,-0.0287023527266094,-0.0514515985394959,-2.386887469413567,0,-0.0557193200203904,0.0088231437346785,1.2461091968483573,1.5915876350680334,26.032636409994865,0,0.5548450901012348,train_dev
2023-09-28,0.0057974416148338,-0.0066529126776234,-0.0498658566328906,-1.327242081218744,0,-0.050244907910193,0.0083855472720769,1.1688974436446542,0.827942953803997,29.278400780107265,0,0.5647701213164974,train_dev
2023-09-29,-0.0024269579016147,-0.006830537614423,-0.0507827245475741,-1.2052369451923353,0,-0.0525499235355393,0.007525699819928,1.0496694056002804,1.7763665342231894,23.20470227446971,1,0.5719311460558044,train_dev
2023-10-02,-0.0003976794235988,-0.0113828285866321,-0.0529267049358362,-0.8706383985635477,0,-0.0511812772004618,0.0074708550752739,1.050248399848807,0.1583745297862149,24.64712269272528,1,0.6216202779915596,train_dev
2023-10-03,-0.0133860663218741,-0.0100732600732601,-0.061548392841243,-1.7160468211987028,0,-0.0638822275512923,0.0080301090537265,1.0705417553213092,1.0760400394263738,20.36156041864889,1,0.6132209692869641,train_dev
2023-10-04,0.0072819564031405,-0.0032625278723154,-0.048316973690108,-0.6766412585106343,0,-0.0570654587441158,0.0087013549615995,1.1159611201910749,0.1833840041407243,18.856034900630192,1,0.6148216389342146,train_dev
2023-10-05,-0.00037677200584,-0.0093811257350882,-0.0457457569967405,-0.5538063645564003,0,-0.0574207300826006,0.0073457803831706,0.9406750308011016,-0.7289103736556365,22.59657275631721,1,0.6660696115181857,train_dev
2023-10-06,0.0118727915194347,0.0048189388977262,-0.0358681989585203,0.6476465405739803,0,-0.0462296829203303,0.0084745154653125,1.0091691833200602,1.3854343750745657,32.032644733486435,1,0.5472844330699616,train_dev
2023-10-09,0.0064021976998649,0.0116543024970161,-0.0360352324673876,1.290588637758865,0,-0.0401234567901234,0.0086277022995634,1.0285207609461673,-0.3900611448894456,37.30506822612093,1,0.6042448356517977,train_dev
2023-10-10,0.0052048393439589,0.0307170473682962,-0.0256732213726764,1.6116058066447294,0,-0.0351274535926814,0.0069898161670023,0.8241422825869921,-0.5300062118189736,44.77307496175426,1,0.6083331601552445,train_dev
2023-10-11,0.0040962857274358,0.0274572599255875,-0.0228214373698237,1.7834023444334244,0,-0.0311750599520383,0.0069913311798408,0.8176459022727768,-1.4539621304629136,57.3037037037037,0,0.6140390352209174,train_dev
2023-10-12,-0.006096442977631,0.0215783274440519,-0.0370814459543475,1.0417321972371154,0,-0.0224736830241416,0.0073527827966942,0.8861230878557558,-0.3905933734702701,54.57110609480812,0,0.5931420615931261,train_dev
2023-10-13,-0.0049808605820228,0.0045630209060856,-0.0267722218463134,0.4443761624428798,0,-0.0273426053242566,0.0075355133955212,0.9790175072834436,0.4688723920189209,48.98016205644032,0,0.5790656424633336,train_dev
2023-10-16,0.010521436848204,0.0086747322399314,-0.0171088519712372,1.2953464168897004,0,-0.0150662962210024,0.0080874835346062,0.9941378378700456,-0.8242664856089379,64.94997057092408,0,0.5601713791128292,train_dev
2023-10-17,-4.586735161915545e-05,0.0034059004924746,-0.0151114725215152,0.95228833985094,0,-0.0059730074776582,0.0061181506444644,0.752400849697689,-0.8901209088668578,64.73544191545957,0,0.6070634342424187,train_dev
2023-10-18,-0.0133250768313379,-0.0140034836817015,-0.0192184935254422,-0.5207393944439072,0,-0.0140034836817015,0.0078781213937043,0.9372344898589235,0.2893349843355161,52.273338714016674,0,0.608583611044302,train_dev
2023-10-19,-0.0087864066386182,-0.0166720472259374,-0.0114977166832795,-1.4387907224000698,0,-0.0226668500183351,0.008504204105315,1.089333301942063,1.9155391234792885,48.68454021548483,0,0.5423103315751925,train_dev
2023-10-20,-0.0122880660366296,-0.023893395133256,-0.0214441708099066,-2.461673845583807,0,-0.0346763843050971,0.0083403332136356,1.0130412515392668,1.830571164768929,43.19697643397067,0,0.5643714136645336,train_dev
2023-10-23,-0.0017331845485411,-0.0357306669112926,-0.0272308724521667,-2.3632432884308643,0,-0.0363494682801613,0.007817704368552,0.9604079824694696,-0.0155710068511674,48.58714678669668,0,0.5996899181743381,train_dev
2023-10-24,0.0075393616515244,-0.0284161277005641,-0.0052831783601013,-1.3772680923579772,0,-0.0290841584158415,0.0081107876496886,1.0493296710637523,-0.7375289800534822,48.71539037166372,0,0.613953896118918,train_dev
2023-10-25,-0.0143521469206618,-0.0294274889007692,-0.0199507100105621,-2.366082180377822,0,-0.0430188852218554,0.0085285611893769,1.0220021451891657,0.1936395734057022,42.4472940665073,1,0.6268267547359785,train_dev
2023-10-26,-0.0119746138187043,-0.0325493046924465,-0.0372678054699896,-3.056692624742099,0,-0.0544783645031169,0.0088581477529533,1.0384547970175646,1.2835027063149085,31.52055688492496,1,0.5992421791829526,train_dev
2023-10-27,-0.0045327839049812,-0.024953109048173,-0.0393000842144661,-3.0216588425318065,0,-0.0587642097543087,0.0088590656079217,1.0360960068125398,0.8945396645064622,26.036815258372144,1,0.608169782646141,train_dev
2023-10-30,0.011955780656472,-0.0115825524425628,-0.0274273946315322,-1.3859920129273715,0,-0.04751100110011,0.0091434966906612,1.0049495306725444,-0.2987958388634414,30.157068062827165,1,0.6179376135259067,train_dev
2023-10-31,0.0062802281094347,-0.0128177891084201,-0.0080409876894612,-0.3452885625844485,0,-0.0415291529152915,0.0097069351756609,1.1047434968621954,-0.6252691105598164,31.3503499382462,1,0.643464792293052,train_dev
2023-11-01,0.0106647537063606,0.0122380553227159,-0.0047096500729996,0.8990341231910882,0,-0.0313072973964062,0.0101346860153561,1.1295674896355612,0.3962751427013409,39.08296943231444,1,0.5760030560983738,train_dev
2023-11-02,0.0191643401315477,0.0441401042297902,0.0147467608951707,2.726511767665792,0,-0.0127429409607627,0.011703063462903,1.1748705967691468,0.1531847028368771,49.34303977272727,1,0.5445251145910025,train_dev
2023-11-03,0.0091234097873527,0.0584640109087366,0.0119895702379289,3.331059221207714,0,-0.0037357902456912,0.0109195453876868,1.1122033386593106,0.5217275207166067,48.78836833602583,1,0.5536503756825508,train_dev
2023-11-06,0.0023004900043708,0.0483649750956471,0.0078650905642045,3.19516816674562,0,-0.0014438943894389,0.0107902475133687,1.1085385877901008,-1.3747168470312718,49.708943376256855,1,0.6315754285127966,train_dev
2023-11-07,0.002846060272212,0.0447871831659494,0.0055000690385234,3.1638844946048628,0,0.0,0.0107023911335162,1.104805773129705,-1.470622440432787,56.44666155026864,1,0.6171459282026216,train_dev
2023-11-08,0.0007323827615406,0.0345194719159607,0.0021314631463147,2.7614571092831963,0,0.0,0.0088676056288503,0.919188929886587,-1.6047102711851269,61.11796136457048,1,0.6290068954875692,train_dev
2023-11-09,-0.0077987421383648,0.0071501532175688,0.0004150717151685,1.4524272207918445,0,-0.0077987421383648,0.0080588758643572,0.8297416181192444,-0.40830134247711,63.5062993807388,1,0.6097010809779612,train_dev
2023-11-10,0.0156048312742025,0.013618900825876,0.0211123986095018,2.319435607098569,0,0.0,0.0079062669401446,0.7730969776897715,-0.0330476747025326,69.05617552487234,1,0.55588026312321,train_dev
2023-11-13,-0.0009532239395384,0.0103284445362528,0.0095174754609668,1.641259622888969,1,-0.0009532239395384,0.0080751097264923,0.8083857059175,-1.8925869293818136,66.52035115722265,1,0.6364319662322796,train_dev
2023-11-14,0.0194007133283355,0.0270066143318152,0.0291500389890373,2.887867288798186,1,0.0,0.0091560163670411,0.8445573862703559,0.3693961018734249,79.65005705591474,1,0.48847211554394293,train_dev
2023-11-15,0.0021170859982617,0.0284276729559749,0.0452569675274865,2.4708490851956464,1,0.0,0.0091860689112136,0.8949044484495821,-0.6150607396323586,88.25468782196572,1,0.5379920597262102,train_dev
2023-11-16,0.0012230919765165,0.0377789046653145,0.0558122083343104,2.1429997459072982,1,0.0,0.0080683851830762,0.8120022012597687,-1.0748479336396144,91.88731201016726,1,0.5550604209741243,train_dev
2023-11-17,0.0012438087199875,0.0231043326297633,0.0702770721052257,1.897855757537389,1,0.0,0.0079461457618449,0.8546482564983812,-0.0800864353153748,91.06392907139517,1,0.5326818411415031,train_dev
2023-11-20,0.0076975975509661,0.0319634703196347,0.0803881463159397,2.253005620696398,1,0.0,0.008025559108663,0.8666607308528552,-0.810450028383644,91.23970722781328,1,0.5481532105307446,train_dev
2023-11-21,-0.002179368643508,0.010117442560114,0.0699667162382267,1.656256658106896,1,-0.002179368643508,0.0082740442386148,0.8882579536370507,-1.802386324498504,88.02484472049679,1,0.6087922425299083,train_dev
2023-11-22,0.0038608334987977,0.0118751111901795,0.0897377559573702,1.6436507901050357,1,0.0,0.0082078789795841,0.9862166350701086,-1.1179527744074875,85.78171091445417,1,0.583918974305194,train_dev
2023-11-24,0.0006153575667005,0.0112609110898873,0.1036238031753726,1.2209653896773776,1,0.0,0.0072351359641086,0.9705573977969476,-2.3243805642255877,84.06611570247924,1,0.6441549272643136,train_dev
2023-11-27,-0.001801010322864,0.008185629672353,0.1066523814161877,0.7280665787519864,1,-0.001801010322864,0.0064105210918588,0.878793777314296,-1.1762825910209742,81.2437645493847,1,0.6259280886087254,train_dev
2023-11-28,0.0009901425805316,0.0014749262536872,0.0946606029981473,0.4994819614331938,1,-0.0008126509993411,0.0063017707002316,0.8796959598300936,-0.5109594805242599,80.73770491803269,1,0.5948440357624618,train_dev
2023-11-29,-0.000703404919438,0.0029562953647936,0.087063605930177,0.2985061455201057,1,-0.0015154842960685,0.0028764187317109,0.3970275007364017,-0.4135138233219011,79.64480874316934,1,0.6291580825668734,train_dev
2023-11-30,0.0039374408833945,0.0030328337215945,0.0798277575356076,0.5443582586704097,1,0.0,0.0029888275078494,0.4219313827892389,0.5321200737660781,90.7809110629067,1,0.5531027091452408,train_dev
2023-12-01,0.0059158632778266,0.0083461453986382,0.0657906955149039,0.94191936959123,1,0.0,0.0032952353224824,0.5372004631541779,1.091121247991249,89.19033488766424,1,0.5147009044128614,train_dev
2023-12-04,-0.0052494010019603,0.0048627002288328,0.0506107800961603,0.2819462194173847,1,-0.0052494010019603,0.0040130897934833,0.6425480805526518,0.2453843552683587,82.25175918686469,1,0.5659977568348139,train_dev
2023-12-05,-0.0001970702226893,0.0036708944233179,0.0479928389451216,0.2106926520937662,1,-0.0054454367240253,0.0033359340558533,0.5316671855330773,0.0772107789896708,72.97139521307649,1,0.5945328001743188,train_dev
2023-12-06,-0.0040297853701271,0.0003299531466531,0.0408074519945986,-0.2257623593373366,1,-0.0094532781529079,0.0035468879406597,0.5513491242790557,0.0211807989024884,64.09544950055488,1,0.6203107121740237,train_dev
2023-12-07,0.0076303984519308,0.0040096406660825,0.0479817038307603,0.4648001578566584,1,-0.0018950119799607,0.0041177450677714,0.6292094451453057,-0.1267149481551428,69.1021967526265,1,0.5908381118244863,train_dev
2023-12-08,0.0042991510813346,0.002395992158571,0.0607597270883275,0.7884362680683236,1,0.0,0.0042702088107288,0.7001163706856459,0.8755521129620008,71.05145413870237,1,0.5607034613776969,train_dev
2023-12-11,0.003889613211647,0.0116052464472617,0.0485236376841198,1.0143194176901351,1,0.0,0.0042226409802044,0.7911955875248164,-0.1822954477089955,68.69859700048377,1,0.5873782379610469,train_dev
2023-12-12,0.0045671984242083,0.0164257555847568,0.0543174538267567,1.2726177695147802,1,0.0,0.0043112716971725,0.8137710231812181,-0.0195651682132575,74.85084901330886,1,0.56426265249569,train_dev
2023-12-13,0.0137901314371902,0.0346116632949247,0.048514697033851,2.3144151334001477,1,0.0,0.0055557995810098,1.2499760908657698,1.699186263007871,79.27382753403931,0,0.42999017809368917,train_dev
2023-12-14,0.0032093517534537,0.0300722344674071,0.0496575342465752,2.29553246730731,1,0.0,0.0055535502043322,1.2485437881018315,2.631396584893691,80.19515720997464,1,0.4173913862443687,train_dev
2023-12-15,-0.0056778458083515,0.0198392003476748,0.0424227616995755,1.489703551371961,1,-0.0056778458083515,0.006144634988998,1.2799446672626913,2.770578977950087,75.14392143582789,1,0.43678876383023274,train_dev
2023-12-18,0.0056250399505679,0.0216021991818005,0.0469841833226114,1.7244686606217423,1,-8.474396728874733e-05,0.0056146318397104,1.1553606594397896,-0.1337884740175791,76.86002522068091,1,0.528108680482821,train_dev
2023-12-19,0.006080894972138,0.0231415643180348,0.0453044511953506,1.9422790810510184,1,0.0,0.0055291760059474,1.1572023760669004,-0.6986381180748104,79.51561132185576,1,0.538863791487242,train_dev
2023-12-20,-0.0138572993008171,-0.0047608926673751,0.0330707966554151,0.2391130767238215,1,-0.0138572993008171,0.0075915399502642,1.2819757550192972,1.1049154841071709,65.18177163338453,1,0.5378716816066699,train_dev
2023-12-21,0.0094819117584248,0.0014618334357323,0.0388554349259373,0.8770993832561422,1,-0.0045067812315726,0.0077393602158893,1.2561815753009271,0.3959582708979661,66.66666666666661,1,0.5210956983380128,train_dev
2023-12-22,0.0020097313306537,0.0092046108282017,0.0403030968592137,0.790534861204216,1,-0.0025061073203604,0.0077351487188024,1.2570742657508651,-0.5281428743707265,71.55566853075749,0,0.5531994502022125,train_dev
2023-12-26,0.0042225271825186,0.0077971057482466,0.0465807076218973,0.9227648572780308,1,0.0,0.0077405389330215,1.2679197773922402,-1.0877125330208173,73.09090909090904,0,0.5690424503292025,train_dev
2023-12-27,0.0018080521391778,0.0035169741386573,0.0474358692546106,0.8397137185689473,1,0.0,0.0077254573873165,1.2667934140076176,-0.5265743345995721,77.00521480009934,0,0.5453727760950072,train_dev
2023-12-28,0.0003777465320768,0.0180028189467389,0.0485691031873474,0.7458349272235145,1,0.0,0.0066727638086069,1.098432394924867,-0.1364227172900823,74.95943753380206,0,0.5480442444617318,train_dev
2023-12-29,-0.0028949631836203,0.005521472392638,0.0414329535495179,0.3841678088918304,1,-0.0028949631836203,0.0067601758201277,1.0948367934880356,1.7258662215391722,70.76119813135479,0,0.49861671037786126,train_dev
2024-01-02,-0.0055963476467989,-0.0021112635912593,0.0295142670442167,-0.247560798019526,1,-0.0084751096100191,0.0067516528100521,1.0666294728445662,1.5691372478920105,64.30488459473963,1,0.5222968167145321,train_dev
2024-01-03,-0.0081667195599279,-0.0144223693892566,0.0264949966060128,-0.9957656202151984,1,-0.0165726153265224,0.0070420521146499,1.079466260885957,0.7215978087154048,56.01127915918996,1,0.5779277691368235,train_dev
2024-01-04,-0.0032210584696773,-0.0193700027281694,0.0233902759526936,-1.156850675517028,1,-0.0197402924332376,0.0066575197484175,1.0094015253414583,-0.0771253804545263,45.281359906213325,1,0.6285698330834806,train_dev
2024-01-05,0.0013696284882727,-0.0183977008118483,0.0289383411029995,-1.014353257248016,1,-0.0183977008118483,0.0050967999816136,0.7864634641280375,-0.035934908159096,43.849624060150425,1,0.6427591104984015,train_dev
2024-01-08,0.0142759446059155,-0.0014937619658748,0.0357244178687559,0.3584229390680988,1,-0.0043844007635989,0.0062001647250663,0.8899953686933246,-0.515230895830054,57.07382550335575,1,0.5971558011212028,train_dev
2024-01-09,-0.0015170670037927,0.0026023484608062,0.0297262059973923,0.2012991406725635,1,-0.0058948163376617,0.0061998981347018,0.888595131038971,-0.8322692821666091,52.70308519671661,0,0.642277879947169,train_dev
2024-01-10,0.0056554401958301,0.0165745856353591,0.0315374791662157,0.7485957223705716,1,-0.0002727139230946,0.0063219993166042,0.9005427056192676,-0.7843989542811864,52.44735344336941,0,0.6258611737706337,train_dev
2024-01-11,-0.0004406580493536,0.0194102037322376,0.0263951734539968,0.7076065056669788,1,-0.0007132517988629,0.0062987546511018,0.900179616336488,-0.3770469597729448,64.05978449774071,1,0.5886585234043754,train_dev
2024-01-12,0.0006927679227457,0.0187211489143444,0.0131349628055259,0.7775865641160196,1,-2.097799408418144e-05,0.0063017286921177,0.9919960029045584,-1.086528123742003,58.06974858069749,1,0.6125550440090486,train_dev
2024-01-16,-0.0036712259796928,0.0006953223767383,0.0061863096120844,0.4156764574047815,1,-0.0036921269588201,0.006346190984652,0.9925076635553972,0.056481723010493,52.51374705420271,1,0.5971057056905359,train_dev
2024-01-17,-0.0055587139157349,-0.0033552798176753,0.0063068629748792,-0.1349042560389693,1,-0.0092303173970504,0.0063425544554796,0.9928451765807172,-0.5651641631472533,43.5632183908047,1,0.6436290775543605,train_dev
2024-01-18,0.0088928412627833,-0.0001468860164511,0.0095768798864335,0.5894050639859215,1,-0.000419559881684,0.0062121834401598,0.9455488614118566,0.5423517414151824,49.96603260869568,1,0.5705692016265349,train_dev
2024-01-19,0.0124661587861234,0.012763724152409,0.0159843315643164,1.5186874096457763,1,0.0,0.0067990485449907,0.9717342345097324,1.3526356148368317,58.15340909090909,1,0.5111337875346867,train_dev
2024-01-22,0.0021142963746034,0.0142023999328688,0.0324392431555118,1.401945608537527,1,0.0,0.006780625980249,1.114121686234085,-0.3415799480444539,61.68197474167621,1,0.5795415632450756,train_dev
2024-01-23,0.0029165373875272,0.0209083443875939,0.0257245610323673,1.479304802089609,1,0.0,0.0055813091743856,0.9606008159986502,-1.4791674506528851,68.17505209883898,1,0.6059427990439508,train_dev
2024-01-24,0.0010930990388977,0.0277371953672531,0.0247862345613849,1.3460892005937963,1,0.0,0.0054499864729486,0.9383845634041024,0.0178665811866176,77.42894910773288,0,0.5303088320993374,train_dev
2024-01-25,0.0054389254001936,0.0242187663959367,0.0260275412593293,1.6538565685600612,1,0.0,0.0054360996417933,0.9297335907017764,-0.493300068143881,83.051927365403,1,0.5283304544416197,train_dev
2024-01-26,-0.0012704137040754,0.0103227411230644,0.0228746511091058,1.291365680512722,1,-0.0012704137040754,0.0054902446254116,0.9347684323465132,-0.3102044179794332,81.06471150781013,1,0.5422518075543866,train_dev
2024-01-29,0.0079194107630125,0.016175405936498,0.0305859153747718,1.7849188343640805,1,0.0,0.005724140485757,0.944507754565138,-1.026602523215771,79.19439579684773,1,0.5579748279474659,train_dev
2024-01-30,-0.0007735054043601,0.0124365796312337,0.0327786076455365,1.3709832297713278,1,-0.0007735054043601,0.005411806965595,0.9023807691724336,-1.1001668962396027,80.14888337469002,1,0.5795990983369191,train_dev
2024-01-31,-0.016317301228381,-0.0051710995282143,0.0216439225642652,-0.5007108858255679,1,-0.0170781851120565,0.0078802801985451,1.1158894897345193,2.5272780470894625,59.42158616577226,1,0.5112839620766176,train_dev
2024-02-01,0.0130881378396288,0.0023973936028522,0.0435376181232534,0.5382454308737848,1,-0.0042135689132248,0.008369812986519,1.1636298133451248,0.7558075985874784,66.20428751576296,1,0.5114775182959443,train_dev
2024-02-02,0.0105273916598529,0.0142385260868673,0.0579310049649033,1.348373116183154,1,0.0,0.0081368323063679,1.1134447484710268,1.0874252699444202,69.86732628738484,1,0.5053747297186949,train_dev
2024-02-05,-0.0036411449377971,0.0026054918883711,0.0526372029406736,0.7913105223631718,1,-0.0036411449377971,0.0083654150551323,1.1235318553890277,-0.1486723726090485,69.7888589398024,1,0.5751399917013702,train_dev
2024-02-06,0.0029032585524313,0.0062946892379147,0.0408343868520859,0.8956382315995973,1,-0.0007484575705472,0.0083652364855694,1.2084205390728593,-1.1282954792238389,75.04040637266226,1,0.5690330147763318,train_dev
2024-02-07,0.0083404186404307,0.0315192180251822,0.0511099856503756,1.4737219526306644,1,0.0,0.0085985577653529,1.2270816442607035,-0.3796161196280414,74.99421697894988,1,0.5281899941242395,train_dev
2024-02-08,0.0004416783778358,0.0186426819296812,0.0456605673996977,1.306173065389974,1,0.0,0.0085617588205975,1.2263626334848332,-1.249061108496747,71.1810183950947,1,0.5857960060630909,train_dev
2024-02-09,0.005779418847327,0.0138565793466167,0.0521675238795003,1.6068148736807513,1,0.0,0.008541627302327,1.221382522806844,-0.6187344227085825,72.54254508509024,0,0.5566578891318451,train_dev
2024-02-12,-0.0004389465283319,0.0171150137041924,0.0509775950323068,1.3626844985786428,1,-0.0004389465283319,0.0083956230599787,1.1969913047471827,-0.98525250668985,71.11052907281308,0,0.5844862591058143,train_dev
2024-02-13,-0.0137730049103756,0.0002024373456415,0.0403217316236077,-0.0978639771596761,1,-0.0142059058260175,0.0097658105211673,1.2516867689915556,1.6378007119966205,59.7530864197531,1,0.536782685133381,train_dev
2024-02-14,0.009087597150259,0.0009435856253763,0.0556437781871306,0.4911989325443,1,-0.0052474062250598,0.007993188899913,1.0324846873968605,-0.4280867260809561,61.357758620689694,1,0.5918903061956391,train_dev
2024-02-15,0.0068997332370579,0.0074048803981376,0.0535583118218641,0.9239788184490074,1,0.0,0.0073597431099845,0.9594453283317244,-0.6679226129768946,64.83136936204792,1,0.5993721801394847,train_dev
2024-02-16,-0.0049799804784764,-0.0033719074221867,0.0354041000766949,0.317313678629523,1,-0.0049799804784764,0.0071371415139327,0.9536121734715683,0.0576113265982661,58.60844128708735,1,0.6043080486643122,train_dev
2024-02-20,-0.0055053952873815,-0.0084234899596791,0.0275312855517633,-0.3192528960511784,1,-0.0104579590048007,0.0072962113768307,0.9527959253649309,-0.1214321713637278,55.84312164045392,1,0.6132929055299402,train_dev
2024-02-21,0.0009058700378452,0.0063350064766838,0.025471270057336,-0.2935785703686173,1,-0.0095615625186749,0.0072617902350395,0.9492859450967928,-0.7697797673825738,66.79165690180452,1,0.5886776520488194,train_dev
2024-02-22,0.0206954807827679,0.0179112261066651,0.0455510002266219,1.578418539112188,1,0.0,0.0094362208185129,1.073042107962366,0.1034245900051945,69.61835334476844,1,0.5158666718336526,train_dev
2024-02-23,0.0006896551724138,0.0116332343977212,0.0406122574431899,1.4549500866017966,1,0.0,0.0094322548050207,1.075783232375188,-0.6346769459516365,66.13288718929253,1,0.5886181419442372,train_dev
2024-02-26,-0.0036624987693216,0.0129727132589938,0.0381198580250712,0.9867357488134856,1,-0.0036624987693216,0.0094772477476876,1.07314733612227,-1.0863243292979003,66.03818615751788,1,0.6088321834970867,train_dev
2024-02-27,0.001857744224194,0.0204726628553024,0.0318765648217884,1.0543396572449082,1,-0.0018115585310624,0.0094665442147016,1.0859331372011696,-1.1015180306054533,65.63631972953391,1,0.5933095031207182,train_dev
2024-02-28,-0.0013216814944864,0.0182015647312001,0.031310476888916,0.6763327294530013,1,-0.0031308457221621,0.0079768253397431,0.9141276128775696,-0.7279350143131713,60.74815595363535,1,0.612086003877289,train_dev
2024-02-29,0.0035949907162327,0.0011428571428571,0.0521868787276342,0.8475417320021513,1,0.0,0.0076527921452413,1.0008992259638736,0.8380656957451845,62.335692618806846,1,0.5578336571083256,train_dev
2024-03-01,0.0093882853094002,0.0098454267992518,0.0483442354865086,1.5757763015603423,1,0.0,0.0078701848276051,1.06073499279377,0.4862835126639176,64.05307599517492,0,0.5455126643879863,train_dev
2024-03-04,-0.0010724383347958,0.0124706021858138,0.0363103064630321,1.2104557137579235,1,-0.0010724383347958,0.0075671212035476,1.0509796622830727,-1.0995296174731295,63.54715174724735,0,0.6135244934077457,train_dev
2024-03-05,-0.009994144056217,0.0004931647367487,0.0297025682671809,-0.0069004268406825,1,-0.0110558642878034,0.0082047820316023,1.0819772507227716,0.4342154790839616,66.37499999999997,1,0.5626298691539138,train_dev
2024-03-06,0.0050672345124018,0.0068936909888199,0.0319243694076682,0.2519327628626451,1,-0.0060446524324851,0.0082424729234842,1.0817338673831085,0.0972944715927277,64.67962184873946,1,0.5511091098296104,train_dev
2024-03-07,0.0099264345267287,0.0132459455203903,0.0335474804256172,1.1017282010997558,1,0.0,0.0060041373397607,0.7796220084544488,-0.5139206768835171,66.12090680100748,1,0.5854154195895405,train_dev
2024-03-08,-0.0060022144091993,-0.0022033733060349,0.0268903515813132,0.4185742571925968,1,-0.0060022144091993,0.0064540331303204,0.8181707395988128,1.2138540392720836,65.1526433358154,0,0.5534503746592611,train_dev
2024-03-11,-0.000859845227859,-0.0019910208861994,0.0201117318435752,0.2281833935810653,1,-0.006856898661642,0.0062987560857816,0.8042365555766314,-0.3554832018915433,69.11532385466032,1,0.5846320233786417,train_dev
2024-03-12,0.0107573149741824,0.0189281911747307,0.0315381851570919,1.111130676715567,1,0.0,0.0070125131614454,0.8639530479211115,0.2862100780228178,72.73994887287937,0,0.5273753363212962,train_dev
2024-03-13,-0.001567398119122,0.0122020598332517,0.0443045660621763,0.7612210782858708,1,-0.001567398119122,0.0070256627224221,0.9596416160470076,-0.9699866789335464,62.62295081967219,1,0.6231260576556727,train_dev
2024-03-14,-0.0019768591197162,0.0002719449894137,0.0328539623322703,0.4272962541856956,1,-0.0035411587135724,0.0070989622664366,0.9873708597975952,2.828687484213396,60.37405026300415,1,0.49085491077056864,train_dev
2024-03-15,-0.0099427128847462,-0.0036934260923943,0.0155773789366746,-0.5126283766247723,1,-0.0134486628739501,0.0073010135647659,0.9708422418188454,2.1659415723348907,55.12273212379934,1,0.5319676599291661,train_dev
2024-03-18,0.0059431575230959,0.0030902832107653,0.0267261916678345,0.0677055996628339,1,-0.0075854328727891,0.0075787750317368,1.0138907691897443,1.0123446967325869,57.49305029062423,1,0.5394927796838727,train_dev
2024-03-19,0.0055570721054478,-0.0020705135647662,0.0381471938159272,0.4565943206211429,1,-0.0020705135647662,0.0068276622254727,0.9289949515143692,-0.5410511049724741,61.31736526946114,1,0.6023745872520498,train_dev
2024-03-20,0.009249384343914,0.0087408182646278,0.0468011504193399,1.174288885562708,1,0.0,0.0071766632412793,0.9537256265825862,-0.074708116388717,63.870246085011225,1,0.5733573128135742,train_dev
2024-03-21,0.0033046418690441,0.0140790367996892,0.0289655172413794,1.363024042175701,1,0.0,0.0066622103140012,1.0793247308406884,-0.5540953004616693,61.2244897959184,1,0.5865494626762142,train_dev
2024-03-22,-0.0018958253542704,0.0223211658788224,0.0263069804076006,0.9848351277883096,1,-0.0018958253542704,0.0062669236224423,1.0081623971568112,0.454686839563413,60.58446186742706,1,0.562276218593507,train_dev
2024-03-25,-0.0027628019416359,0.0134734625433841,0.027233739797229,0.5404506205317041,1,-0.0046533895059365,0.0063863376357241,1.0331527707156178,-1.2522003454039443,66.3889612080187,0,0.6082928158700396,train_dev
2024-03-26,-0.0018469707755354,0.0060111302864009,0.0234351882902963,0.3153646996494169,1,-0.0064917656070473,0.005586541242025,0.8979893448965321,-0.364982171558835,62.30978260869556,1,0.5970080618911079,train_dev
2024-03-27,0.0084038472658585,0.0051683061789116,0.0334018093469759,1.017766012291964,1,0.0,0.006064562905848,0.9485852277958324,0.5863413746024208,61.57894736842102,0,0.5516392699497519,train_dev
2024-03-28,-0.0001911424584741,0.0016660283416316,0.0295032278381357,0.8403523349225364,1,-0.0001911424584741,0.005979671356146,0.935914103844616,1.286008262196248,67.13983690727873,0,0.527763244342392,train_dev
2024-04-01,-0.0017397289081768,0.0018226818364956,0.0181534561762697,0.4261997445878583,1,-0.0019305388305904,0.0046343694562001,0.7543564130531072,-0.5905210867395878,66.20011911852285,0,0.6054857994395018,train_dev
2024-04-02,-0.0063582043817985,-0.0017892529387997,0.0127659574468086,-0.3269668922008211,1,-0.008276468451937,0.0051894066810979,0.8179992689467418,0.0030829720578503,53.28025477707015,1,0.6175164882797106,train_dev
2024-04-03,0.0010986045794463,0.0011564927430081,0.0241137268819746,-0.2883404490585869,1,-0.0071869564386336,0.0049571323912193,0.8505639167861672,-0.8326634732291281,55.51989730423608,0,0.6297726768100711,train_dev
2024-04-04,-0.0122061569858106,-0.0193053883059042,0.0065129965669445,-1.3651280059826476,1,-0.0193053883059042,0.0054744332465185,0.8460537647882239,1.2232733468297663,47.42324561403509,1,0.5978012020890506,train_dev
2024-04-05,0.0104469175745998,-0.0088707056416924,0.0070317204405507,-0.2624116476912289,1,-0.0090601525316819,0.0065244506772383,1.0019073548565487,-0.0664917212070367,61.71023965141613,0,0.5508548630758533,train_dev
2024-04-08,0.0005593812086492,-0.0065880189980082,0.0136793558977565,-0.1587927898449473,1,-0.0085058394021062,0.006520860698541,1.0290131094364316,-1.3850559323053178,58.6227192466157,0,0.6245333636004063,train_dev
2024-04-09,0.0011566933991364,0.0009251406984811,0.0157252386168049,-0.0346487006737151,1,-0.0073589846512603,0.0064847362560855,1.024940841212626,-0.3273713245643146,55.68862275449106,0,0.59416267173733,train_dev
2024-04-10,-0.0100130940460603,-0.0101846325638704,-0.0051472580208211,-0.9461862586242552,1,-0.0172983924919241,0.0072075819102021,1.142059882142928,0.4421761901383192,40.11194029850744,0,0.6078299453961767,train_dev
2024-04-11,0.0075468762156694,0.0096088253064883,0.0039343372676705,-0.099129435270795,1,-0.0098820651031212,0.0070889959000261,1.0847475574270873,-0.2934043064232898,43.8811188811188,0,0.5963827556365194,train_dev
2024-04-12,-0.0138030888030887,-0.0146210674536579,-0.0079619380522381,-1.245331456894753,1,-0.0235487508840337,0.008150243381983,1.125570737869095,1.1109870797787422,37.203557312252926,0,0.5982562927563044,train_dev
2024-04-15,-0.0125281393755506,-0.0275100246761259,-0.0105525371202165,-2.147536181843217,1,-0.035781868226389,0.0087548551001606,1.176552856026936,1.2324700967884834,33.14260563380279,0,0.5967452251827017,train_dev
2024-04-16,-0.0018237684606997,-0.0304051451898638,-0.018192099208361,-2.035059047841405,1,-0.0375403788443526,0.0087024625629396,1.1940762326401724,0.0414227024246901,33.17180616740086,1,0.6128083289504763,train_dev
2024-04-17,-0.0059182173852599,-0.0263946160429471,-0.0293963661747882,-2.256182337962607,1,-0.0432364241068867,0.0086216711606934,1.1966564154462105,0.1592193158424252,24.307133121308453,1,0.6290749628237731,train_dev
2024-04-18,-0.0020577364898611,-0.0356756756756757,-0.0402705195204426,-2.1985358757432683,1,-0.0452051914291721,0.0080842439653113,1.1978569495124125,0.0464287458340701,23.80422691879855,1,0.6241132980037928,train_dev
2024-04-19,-0.0087283792440742,-0.0307135166878731,-0.0517809268479509,-2.608463048412539,0,-0.0535390026186515,0.0068076402030778,1.003417374816307,1.72826634468352,22.107438016528874,1,0.5978435551337703,train_dev
2024-04-22,0.0092091445189432,-0.0093765487164237,-0.0412309817539955,-1.3428834285578728,0,-0.0448229065122234,0.0079792196103493,1.0954451237761902,-0.4894392499953858,30.741337630942738,1,0.6135265996437053,train_dev
2024-04-23,0.0118666453213798,0.0042102754552857,-0.0271658618234988,0.0979897259256956,0,-0.0334881587246974,0.0093106144777808,1.175803932098081,-0.8200413265669245,37.49090909090906,0,0.6046187670720191,train_dev
2024-04-24,-0.0004746366063481,0.0097093197482769,-0.0258283379271793,0.2232868780290537,0,-0.0339469006250356,0.0089512837533832,1.1302284987498454,-1.3507838568691328,42.16768916155415,0,0.6352605886044631,train_dev
2024-04-25,-0.0037988959458657,0.0079476297245355,-0.0376168358277423,0.1306596822404335,0,-0.0374328483759344,0.0083520617649871,1.0992026388262357,-0.4056870554389449,33.567971843378885,1,0.6269412931147033,train_dev
2024-04-26,0.0094738723708514,0.026456094999596,-0.028313610033074,1.1313756780096136,0,-0.0266201930442775,0.0081885855778303,1.0225285892278866,-0.6571742893487812,39.52743291950336,1,0.6046539318453424,train_dev
2024-04-29,0.0035414945106835,0.0206915872888817,-0.0231729738011337,1.3763701591024189,0,-0.0180011936620395,0.0070600906935886,0.8734212204411503,-1.7469318801546525,40.94642158779814,1,0.6667250228776042,train_dev
2024-04-30,-0.0158412735756577,-0.0072579847720755,-0.0324955670341531,-0.1988150622291144,0,-0.0335573054042085,0.008870831638832,1.024015815801698,0.3093102712895825,38.76342095520177,1,0.6258500946088125,train_dev
2024-05-01,-0.0032471413203712,-0.010011673690667,-0.0366954814116015,-0.5189279465563889,0,-0.0365285373180312,0.0087209032435296,1.0087060952290376,0.4302789648576972,32.95344794282401,1,0.6122194454106887,train_dev
2024-05-02,0.0093534525831917,0.0030586506186816,-0.0156703763619,0.3016815918619465,0,-0.0275167526765771,0.0091581689501832,1.0614337517134935,-0.6892425258037266,44.09736308316423,1,0.6053044586866435,train_dev
2024-05-03,0.012395303249312,0.0059615157596506,-0.0137723511370868,1.2206903651380758,0,-0.0154625279211276,0.0090659167380817,1.0336179472796454,0.0489248145936691,56.95687550854358,1,0.5466868720487787,train_dev
2024-05-06,0.0103268203954702,0.0127632043289025,-0.0041448180135718,1.9259721117817608,0,-0.0052953862743587,0.0091540373962406,1.0050787232013751,-1.7627999476675031,62.182361733931344,1,0.6092984960658527,train_dev
2024-05-07,0.0011034322550669,0.0302004063906928,-0.00419779711931,1.807629764665586,0,-0.0016602316602316,0.0086621951943941,0.9511180794999824,-1.2718910870174531,66.22970064566624,1,0.5971757697326819,train_dev
2024-05-08,9.668561704767598e-05,0.0336564404916559,0.005971368552089,1.5818956035322531,0,-0.0015637065637064,0.0086438489553599,0.98136378138947,-1.720217986716542,67.62417713943759,1,0.6126767793739581,train_dev
2024-05-09,0.005761905682631,0.0299784171237351,0.0041891891891892,1.8335800032889296,0,0.0,0.0084150688535375,0.9628389734723491,-1.4440575479177202,75.65128205128207,1,0.5741595055719843,train_dev
2024-05-10,0.001288040448315,0.0186782452228677,0.0195556425565235,1.7142455405790742,0,0.0,0.0081410681553753,1.0062551955220524,-0.8483299197337406,73.53990191707541,1,0.5774730396394604,train_dev
2024-05-13,0.0001343982797019,0.0084015719070018,0.0326295965903458,1.512821861961589,1,0.0,0.0081628743715327,1.0962953697144486,-1.639900318956713,69.56410256410261,1,0.6107719579571643,train_dev
2024-05-14,0.0045881246280548,0.0119116680202653,0.0392628045995273,1.5566324263166087,1,0.0,0.0051719294512571,0.6963486703647219,-0.2990698797116775,71.73754556500603,1,0.5844622974259889,train_dev
2024-05-15,0.0123829543283011,0.0243430847464178,0.058395764658875,2.2303182805824515,1,0.0,0.0050379949333469,0.6687937437686122,-0.1266316475323,78.75738350470357,1,0.5548527481675329,train_dev
2024-05-16,-0.0020574578126768,0.0163792606263339,0.0583960602178093,1.5563170876009609,1,-0.0020574578126768,0.0054080801011578,0.7179234578016459,-0.6467123833288635,74.3040685224841,0,0.6092858082378274,train_dev
2024-05-17,0.001437515368174,0.0165309884033484,0.0692503433233702,1.348764557698649,1,-0.0006229000717277,0.0047199046972239,0.6708405344644995,0.0895875697311303,73.6521102707979,0,0.5892352756586863,train_dev
2024-05-20,0.0011521390121822,0.0175654143710044,0.0607139998399102,1.2041935797980925,1,0.0,0.0040974454786117,0.5926383290988109,-1.5032795110636723,91.8854415274465,0,0.597373317220527,train_dev
2024-05-21,0.0024525525412217,0.0154022549206958,0.0508454464550578,1.1777026705384033,1,0.0,0.004065188792602,0.6169207564955146,-1.613345173801019,96.71587827658956,0,0.5790822249758234,train_dev
2024-05-22,-0.0028794037940378,9.437879874685252e-05,0.0483172078114797,0.6441392070116532,1,-0.0028794037940378,0.0043759394108911,0.6562444332362887,-0.466099260805173,91.27829560585916,0,0.5629860071718901,train_dev
2024-05-23,-0.0073042296585696,-0.0051637065198888,0.044628493118036,-0.2007521564728325,1,-0.0101626016260162,0.0051512494007658,0.7485276977447425,0.2401702996082726,76.52802893309244,1,0.5749262431172476,train_dev
2024-05-24,0.0066164727355693,-1.888752478984568e-05,0.0416715854090428,0.2959017045605256,1,-0.0036133694670279,0.0054382167068176,0.8054844943232615,-0.8864097097002952,74.89361702127681,0,0.5869321892297024,train_dev
2024-05-28,0.0006988516168024,-0.0004716447194657,0.0387209347919852,0.1970618494311146,1,-0.0029170430593196,0.0054236209570725,0.8036554622884139,-1.189319297813346,74.69785575048749,0,0.6074803157654124,train_dev
2024-05-29,-0.007002510333893,-0.0098991267690454,0.0480497230965377,-0.5572273215284773,1,-0.0098991267690454,0.0059526091292564,1.037423793031646,-0.4562842598646545,65.19959058341878,1,0.6093669554672891,train_dev
2024-05-30,-0.0066337198251282,-0.0136270124379518,0.0444888577995403,-1.0828438989951383,1,-0.0164671785606744,0.0046465492648515,0.7798896360960083,-0.2598147866218184,54.09121395036901,1,0.6465369536389616,train_dev
2024-05-31,0.0091081303457645,0.0026808122290666,0.0442349959408352,-0.1569484228481975,1,-0.0075090334236675,0.0056839240382152,0.9564583118462756,2.972650665022899,59.62842819227373,1,0.4729485324410699,train_dev
2024-06-03,0.0008153668202588,-0.0030976125717741,0.0322908721078056,-0.0443153281796318,1,-0.0066997892201144,0.0056669574956343,1.0420944140209731,-0.1914045781668746,60.05252407353379,1,0.5889908600897128,train_dev
2024-06-04,0.0011178476695719,-0.0026802061116248,0.0228817004471804,0.0990779874476003,1,-0.0055894308943089,0.0056659930405894,1.1251866127781065,-1.0807749911918534,57.83800431167244,1,0.6134361292310864,train_dev
2024-06-05,0.0118851605821457,0.0162896787682949,0.0338979773368912,1.225298088974207,1,0.0,0.006839067137819,1.2258892247228068,-0.0573861755602913,57.57669662224984,1,0.5530527991320631,train_dev
2024-06-06,-1.8703125292174327e-05,0.0230573467786685,0.0337786886830757,1.1309277239015452,1,-1.8703125292174327e-05,0.0067344249282629,1.206745957390135,-1.2659722725997864,59.57037512023079,1,0.6108218904193093,train_dev
2024-06-07,-0.0012157258818688,0.0125907806663252,0.0266066862756406,0.8544135255700814,1,-0.0012344062692875,0.0061579941928576,1.113617457383141,-0.3385085101329884,57.33590733590732,1,0.5932334381146976,train_dev
2024-06-10,0.0030898297784685,0.0148920045471769,0.0284540357883418,1.0473337508583198,1,0.0,0.0059316043732671,1.0699739086471098,-0.8222841703971923,58.7173100871732,1,0.6025561482344064,train_dev
2024-06-11,0.0024082440353956,0.0162001551884025,0.0307922673782421,1.1544359502808932,1,0.0,0.0059406792384189,1.072462785696514,-0.7723348513826995,58.704453441295655,1,0.6030119364503965,train_dev
2024-06-12,0.008213055219294,0.0125123908205062,0.0345117523409135,1.69287759135003,1,0.0,0.0054939026608391,0.9635933226145044,1.1506724253432614,66.4761360388683,1,0.5166453265315017,train_dev
2024-06-13,0.0020134476134181,0.0145700071073207,0.023915587602401,1.519280147923024,1,0.0,0.0044028042613093,0.8595531202759557,-0.1255578697446291,75.5976404843218,1,0.5502039949111938,train_dev
2024-06-14,0.000608351000092,0.0164229134285873,0.0266507783389129,1.2889248012122136,1,0.0,0.0040586841722394,0.8009230201193025,-0.4294393914739802,72.95251204404688,0,0.5758303874510856,train_dev
2024-06-17,0.0079590257562918,0.0213568308255238,0.0333364812541316,1.7286999142808843,1,0.0,0.0042755101043286,0.8097145376565191,0.7419590802649344,76.18903362617411,0,0.5135766458759022,train_dev
2024-06-18,0.0025406689819045,0.0214917590092187,0.034769648719013,1.6074084914591047,1,0.0,0.0042066259164365,0.796340306903935,-0.3423810288662946,86.47768002606716,0,0.536375368866914,train_dev
2024-06-20,-0.002716549071086,0.0104182059997044,0.0294339054501655,1.1004609589572911,1,-0.002716549071086,0.0035516370089521,0.6613078968140399,1.5909949535764465,92.50609968630192,0,0.47112036105381133,train_dev
2024-06-21,-0.0045521023765996,0.0037975850308782,0.0277070003586055,0.4573539151819807,1,-0.0072562854382031,0.0041222913017298,0.7557989577467139,1.0857024546858671,82.43754731264195,0,0.5116904347775518,train_dev
2024-06-24,-0.0032506290058951,-7.369468292850456e-05,0.0319035668111642,-0.0302079188954402,1,-0.0104833269521777,0.0043343776544845,0.8362618979263885,-0.1735812825147062,76.9092219020174,1,0.5648915250802343,train_dev
2024-06-25,0.0038508309687881,-0.0041491500639736,0.0290684496826836,0.1855389916902621,1,-0.0066728655034731,0.0043693695343428,0.8605300581583398,-0.6594082197474841,78.09295967190714,1,0.564827810432905,train_dev
2024-06-26,0.0012480957362845,-0.0054330981421721,0.0296332647552897,0.15293467504596,1,-0.0054330981421721,0.0043640930634784,0.8599598196738317,-0.6521089142011457,72.90786136939994,1,0.5845116663552695,train_dev
2024-06-27,0.0015765063885171,-0.0011517367458866,0.0385287968066907,0.2186441859355831,1,-0.0038651570675856,0.0036992125127178,0.7926662987250401,-0.8428678629505361,73.88820889432893,1,0.597396608414115,train_dev
2024-06-28,-0.0039350623204055,-0.0005325889331692,0.0413501463806662,-0.2081213154734055,1,-0.007785009754052,0.0039733481533182,0.8947917301159141,1.686460984621322,69.62706651287974,1,0.5216577855956667,train_dev
2024-07-01,0.0020579912535372,0.0047905074252865,0.0340747482791967,-0.0496690865836572,1,-0.0057430399824973,0.0040107818768557,0.9740158024682316,-0.4803203951571279,68.99529042386197,1,0.5769368605773924,train_dev
2024-07-02,0.006729746580115,0.0076721179083383,0.0401856763925729,0.587758930894348,1,0.0,0.003767470662406,0.883987585679205,-0.4422970207563644,71.64393395549172,1,0.572041234020742,train_dev
2024-07-03,0.0044625780951168,0.0109072244321828,0.04366093226594,0.9816901331077312,1,0.0,0.003936586020427,0.9172361759055142,-1.020384209319901,69.49806949806955,1,0.6010339163963246,train_dev
2024-07-05,0.0057665107170057,0.0151362629719786,0.0373501412085959,1.4221112051830247,1,0.0,0.0040669987413176,1.086183393604905,-0.3265709804605045,71.77563415505536,1,0.5506198622386771,train_dev
2024-07-08,0.001153901629886,0.0203226636286795,0.038566565667901,1.3395627258458804,1,0.0,0.0035006898651334,0.9403493522335464,-0.7757380017850962,72.08480565371029,1,0.584333753629471,train_dev
2024-07-09,0.0009724823512462,0.0192173689808192,0.04084193179903,1.196545094383615,1,0.0,0.0030236743827785,0.8266051748470553,-1.333672007478479,67.78140293637853,1,0.6252187250236367,train_dev
2024-07-10,0.0098952898420352,0.0224221781024025,0.047903520890117,1.8920052205766444,1,0.0,0.0038419484271883,0.9466856063682204,-0.4997600402407459,72.40656653859595,0,0.562489224361151,train_dev
2024-07-11,-0.0086225326017245,0.009103108113009,0.0363721016854454,0.8126899930071685,1,-0.0086225326017245,0.0053226373690467,1.1224514661688578,0.5174809584847359,64.82176360225142,0,0.5619498161426464,train_dev
2024-07-12,0.0063075043128233,0.0096458964373287,0.0344133293926407,1.1988665524544804,1,-0.0023694149504739,0.0054879353164922,1.18684085812932,0.580128986457456,73.45454545454548,0,0.5035465030323345,train_dev
2024-07-15,0.0027500491080196,0.0112555827690534,0.035173748732602,1.1607189503627122,1,0.0,0.0050058103249345,1.081281483502458,-0.3821817006384473,78.66951480012202,0,0.5394635379418172,train_dev
2024-07-16,0.0059302263458764,0.0162642582130905,0.040679464976602,1.404030956539852,1,0.0,0.0050616366963598,1.0739214553187664,-0.6833996254874946,79.44722140546895,0,0.5443482643022682,train_dev
2024-07-17,-0.014021173388096,-0.0078030357015606,0.0179857430085907,-0.1599047741972384,1,-0.014021173388096,0.0073448139903858,1.286428433119578,0.9068628638373568,63.85454545454553,0,0.5398229626871297,train_dev
2024-07-18,-0.0076848493554064,-0.0068645773433008,0.0076026910244488,-0.948468685478326,1,-0.021598272138229,0.0077843210170464,1.29616657258826,0.7729237214088391,57.040519364226505,0,0.5397042757570949,train_dev
2024-07-19,-0.0066406108638221,-0.019643207914427,0.0036380255941499,-1.5064936928920207,1,-0.0280954572814502,0.0077951932737794,1.262499572286884,1.544219480529506,55.16345529335351,0,0.5176727088990264,train_dev
2024-07-22,0.0103098417093205,-0.0122522394173062,0.0186222475252979,-0.4797927238015909,1,-0.0180752752894522,0.0085745208689986,1.327296754448236,-0.1221598817094134,59.17602996254675,0,0.53926178548854,train_dev
2024-07-23,-0.0015685567474984,-0.0196154799419325,0.0203412315289088,-0.5995117748420504,1,-0.0196154799419325,0.0085775038461894,1.337423950162613,-0.8065611265694262,54.97600667640306,0,0.599498496639961,train_dev
2024-07-24,-0.0226624291234786,-0.028207706395662,-0.0066075656626838,-2.5005809648880986,1,-0.041833374641504,0.0102742974288812,1.2423031649498293,2.059458474573155,41.1855936584525,1,0.5602215812022366,train_dev
2024-07-25,-0.0052103541932266,-0.0257843882314623,-0.0130153434400835,-2.691829446380291,1,-0.0468257621357505,0.0101444417351651,1.2174343089694082,0.9910656538770536,35.9285590428299,1,0.5742624052595424,train_dev
2024-07-26,0.0111996433944392,-0.0082879469571394,-0.003532404780643,-1.324696555861446,1,-0.0361505505789044,0.0107560362713768,1.2314565693601671,0.4064612839059975,41.40501110053926,0,0.5520661266689878,train_dev
2024-07-29,0.0005877599000807,-0.0178310646353555,0.0009922457829554,-0.9656917639872414,1,-0.0355840385228198,0.0106542163010571,1.226113603948891,-0.5516492825530003,41.19987269255247,0,0.6135616858862124,train_dev
2024-07-30,-0.0050664512812981,-0.0212719852649065,-0.0061246195034291,-1.0562518939877883,1,-0.0404702050065503,0.0101902254204981,1.164579943791943,0.0186014811915837,33.92678868552409,0,0.6238181748663689,train_dev
2024-07-31,0.0162546125461253,0.0177004231103226,0.0032786288045754,0.6646892299144774,1,-0.0248734199624687,0.011339773575149,1.2080035692769355,1.385634028638692,45.575152177306016,0,0.4984863397141951,train_dev
2024-08-01,-0.0141609629454801,0.008543674894597,-0.0153229608675153,-0.5854912414318317,1,-0.038682151329533,0.0119304484417033,1.2106282597843248,1.910102324623396,37.58045640725567,0,0.5457593011939594,train_dev
2024-08-02,-0.0186184416493251,-0.0211960913966645,-0.0391965959901918,-2.148186096559112,1,-0.0565803916014587,0.0130324355301444,1.2415582543498516,1.9852964347343864,31.3921747042766,1,0.5549424161315886,train_dev
2024-08-05,-0.029123662976168,-0.0502606652470812,-0.06825385391154,-4.343356653699964,0,-0.0840562263215664,0.0144790645881413,1.1977038090102263,3.451463108032481,23.361759425493677,1,0.5411397230643831,train_dev
2024-08-06,0.0092195291661834,-0.0366236162361623,-0.0605771652693318,-2.8935725457450183,0,-0.0756116559855539,0.0152941697705012,1.2348803274531277,0.9600291480580284,29.76619751075951,1,0.5401146729446336,train_dev
2024-08-07,-0.0066839030929809,-0.0583685844483577,-0.0759994299152,-3.136042072865547,0,-0.0817901780972276,0.0141215883727457,1.17455844371577,0.3449186852947316,30.042263442122533,1,0.5933648783873864,train_dev
2024-08-08,0.0231172637180425,-0.0227620117493232,-0.046416762507188,-0.7529793744248979,0,-0.0605636794958043,0.0165243471628049,1.234881483319599,0.0261178119275257,40.19251336898392,1,0.5294162796771088,train_dev
2024-08-09,0.0044096862338642,0.0001688872208669,-0.0482151466990482,-0.1013999186551372,0,-0.0564210600856849,0.0160860968267924,1.2073237261014789,-0.6656858891808812,37.99068529607453,1,0.589915876408708,train_dev
2024-08-12,0.0005253381864573,0.0307124357338899,-0.0503267857460866,0.1667975250853773,0,-0.0559253620366109,0.0160849903670685,1.2104997846184309,-0.7954711836844931,38.55340997879227,1,0.5875036258370853,train_dev
2024-08-13,0.0164457029272224,0.0380925021545532,-0.0403993909995398,1.8133459557539071,0,-0.026753330699896,0.017041296787615,1.231705155903046,-0.4453172241341861,50.47197296352404,1,0.5250426686438412,train_dev
2024-08-14,0.0031547487270313,0.0483746577719508,-0.0236829820088341,2.2701625037616706,0,-0.0196520328134859,0.0161446951044551,1.1889703645463692,-0.8085781668837488,53.15230224321136,1,0.5686367109846034,train_dev
2024-08-15,0.0171402298850575,0.0422500706680488,0.000741866608765,3.826644589870981,0,-0.0028486432885602,0.0163791045381856,1.1639706316732827,-0.0728153028524034,54.90396635981362,1,0.5378542604871763,train_dev
2024-08-16,0.0022420308460049,0.0400007504831234,0.0096905225960399,3.642860214611444,0,-0.0006129991886776,0.0147106284289337,1.0517597428582812,-0.6870159935300014,55.37059948262287,1,0.6020249076664606,train_dev
2024-08-19,0.0095614367411738,0.0493933654621487,0.0089425763995312,3.814117428809954,0,0.0,0.0089954554462742,0.6443623540638334,-0.8847735563916912,59.628212137780224,1,0.6131096298990439,train_dev
2024-08-20,-0.0016261324851235,0.0307357390598481,0.0088843945249017,2.947273380565869,0,-0.0016261324851235,0.0094621681580892,0.6777714235952088,-1.0958768590898276,54.72172351885104,1,0.6549148647277604,train_dev
2024-08-21,0.0034365491319132,0.0310252873563219,0.0358258041867598,2.5084978817006984,1,0.0,0.0083297908280229,0.6480237943397748,-0.7165946428703229,61.33642332947085,0,0.6232141572172992,train_dev
2024-08-22,-0.0078484534979129,0.0056954815846095,0.0330788804071247,1.2306673121512577,1,-0.0078484534979129,0.0077556889985581,0.5991944051485998,-0.1307633818668893,66.20344635908843,1,0.6187667690470199,train_dev
2024-08-23,0.0106252921505878,0.0141076293049016,0.0324921019763424,1.7665631132642357,1,0.0,0.0079719609291695,0.6169303069460442,-0.3400256000046687,85.88612670408986,1,0.5370578389165951,train_dev
2024-08-26,-0.0023837902264601,0.002108611354336,0.0294258021881195,1.020672858676609,1,-0.0023837902264601,0.0082175185036661,0.6344475396676159,-0.9109374097393268,82.79022403258656,0,0.5895454608883682,train_dev
2024-08-27,0.00137306300041,0.0051190263110791,0.0360885608856087,0.8049171028728439,1,-0.0010140003202107,0.0072221442354124,0.5616275912855063,-0.9832094921229022,88.16725978647689,0,0.5793565325717175,train_dev
2024-08-28,-0.0058052567846712,-0.0041382754807178,0.0135981554438009,-0.0413584921875613,1,-0.0068133705726434,0.0078108492664215,0.6248640584743088,-0.6107119603691571,79.12365704655575,0,0.5859317178963663,train_dev
2024-08-29,8.955758552753323e-05,0.0038294200136637,0.0282499401484319,-0.1268202461636332,1,-0.0067244231761335,0.0059379563393651,0.4947635124573341,-0.6308133390308371,78.06551571491815,0,0.5943483704029277,train_dev
2024-08-30,0.0095459837019789,0.0027573692918008,0.0577594295364982,0.6578618418702936,1,0.0,0.0065318088870926,0.5861799630765646,0.3304360190021239,80.27075452916586,0,0.5510111515672639,train_dev
2024-09-03,-0.0205790519443654,-0.0155316606929508,0.0670686922571417,-1.2808385621277152,1,-0.0205790519443654,0.0089907261596706,0.9034179040578884,0.7734143505268553,59.46098756125152,0,0.6252512875632875,train_dev
2024-09-04,-0.0020468048108969,-0.0188937958544054,0.0551565642056881,-1.346182771439013,1,-0.0225837354527389,0.0089933159077155,0.9067781047295506,-0.080014662716313,56.85975609756104,1,0.6205791147766855,train_dev
2024-09-05,-0.0024321626281876,-0.0155651083646783,0.0596730035090427,-1.3917221507552382,1,-0.0249609707635536,0.0088356875500747,0.9062701380493712,-0.260972739776378,46.112359550561735,1,0.6550950186515472,train_dev
2024-09-06,-0.0168301159003657,-0.0322199337333214,0.0182983133892395,-2.7746540453883703,1,-0.0413709906329831,0.0098952984176499,1.0428941079333152,2.1069502540252647,36.71681584460107,1,0.590963802730242,train_dev
2024-09-09,0.0111962395440077,-0.0306379506102753,0.025178708793786,-1.4072308461248335,1,-0.0306379506102753,0.0099829112292622,1.025291925057788,-0.6165503819309821,37.60796094630107,1,0.6398457556852343,train_dev
2024-09-10,0.0043557035925403,-0.0059592812635851,0.0291034560354042,-0.7629170592160233,1,-0.0264156968492761,0.0102374224203229,1.0490792749792663,-0.9598044129828754,40.94646446190379,1,0.6484598942848331,train_dev
2024-09-11,0.0102589332896008,0.0062982121789634,0.0228396428307873,0.3847581455562698,1,-0.0164277604314504,0.0109354908680995,1.1697483051620703,2.249782708827231,44.695414099931504,1,0.502959014055815,train_dev
2024-09-12,0.0084232170556619,0.0172485944578884,0.0282114942528737,1.2158428890570532,1,-0.0081429179676411,0.0111958346819555,1.1809072707445485,0.3098593939482384,52.444217339465176,1,0.5565069515560979,train_dev
2024-09-13,0.0052227727199556,0.0400658820045893,0.0161643191639393,1.6770995404711042,1,-0.0029626738575077,0.0113074237166125,1.2862379565512694,-0.641647694581455,49.89231873653984,1,0.5808428321562622,train_dev
2024-09-16,0.0014768420490738,0.0300689958090079,0.0153885010192853,1.8427376161662892,1,-0.0014902072097642,0.0108870287798459,1.2390888091269974,-0.8158145486392756,51.85654772686113,1,0.5965740951505246,train_dev
2024-09-17,0.0004086418875701,0.0260208823047067,0.0061828773610193,1.6821518541593403,1,-0.0010821742832811,0.0081878913672326,0.958664889581604,0.1800030021855254,51.381013352844434,1,0.5834978463551476,train_dev
2024-09-18,-0.0029658834603158,0.0125897334151003,0.004832647216753,1.1896178803172357,1,-0.004044848140789,0.0082433751120582,0.9627393813536697,0.8897530988738316,52.92012057272045,1,0.5632276373125965,train_dev
2024-09-19,0.0170644816530103,0.0212667012466687,0.0184795405087225,2.521470112418461,1,0.0,0.0093352128996791,1.0000655713623674,1.9033346231397497,60.08624820316243,1,0.47426933290431594,train_dev
2024-09-20,-0.0047812532838278,0.0111030052846035,0.021628132753227,1.5228879844781198,1,-0.0047812532838278,0.0068016546071652,0.7387778077056255,1.808960031836927,53.80769871688055,1,0.5608224623766346,train_dev
2024-09-23,0.0024989001319841,0.0121348873569751,0.0134132673936633,1.355390604428049,1,-0.0022943010263057,0.0064790929722003,0.7247235305514778,-0.4590746444212536,67.65001003411587,1,0.5858091100178106,train_dev
2024-09-24,0.0028613056681938,0.0146162999271848,0.0187414183562473,1.2399367006731918,1,0.0,0.0064922269500558,0.7276943771354403,-0.321745635287042,70.21657063381666,0,0.5758635563318016,train_dev
2024-09-25,-0.0022054962366532,0.015390096188101,0.015100790654605,0.737808487890213,1,-0.0022054962366532,0.0063622619964129,0.7109542264791049,-0.9526033753601126,70.32835820895512,0,0.6042205676424152,train_dev
2024-09-26,0.0039646340607677,0.0023118147745979,0.0250761239476984,0.9016442577919824,1,0.0,0.00607413872951,0.6874301333774188,-0.2702413355989151,86.9163199260285,0,0.5381690224664846,train_dev
2024-09-27,-0.0014502883103266,0.005666520017598,0.0234978060356407,0.5875395154647299,1,-0.0014502883103266,0.0060905466816895,0.6879186886873786,-0.7457133822792461,82.93901156677182,1,0.5727260627548447,train_dev
2024-09-30,0.0040072094773129,0.007179595204241,0.0178824865171729,0.7968743412083923,1,0.0,0.0061332500550096,0.7079541101105178,0.838231205918299,82.89855072463767,0,0.5012306397855317,train_dev
2024-10-01,-0.0089584495259341,-0.0046910554874846,0.0299594261701201,-0.2034122001688359,1,-0.0089584495259341,0.0070412430132676,0.9451168802215042,1.3910266931244883,68.95355045381744,1,0.533171931698342,train_dev
2024-10-02,0.0004220744961485,-0.002070030173321,0.0325074870677919,-0.2918364664124885,1,-0.0085401561628555,0.0069093016584274,0.9326123564537404,-0.9818376539616696,64.78958522555251,1,0.6111313894929136,train_dev
2024-10-03,-0.001828217839187,-0.0078280622051369,0.033132584923855,-0.4189691849830518,1,-0.0103527607361961,0.0041742367107174,0.5646702561477976,-0.7750972885925952,59.32584269662932,1,0.6518059458404142,train_dev
2024-10-04,0.0090873868479446,0.0026423084326385,0.0603671626323192,0.4026760963198422,1,-0.0013594534300055,0.0048588487321633,0.7903268456655668,-0.555959809375541,64.28974069898537,1,0.6108912322177215,train_dev
2024-10-07,-0.0090404551642292,-0.0103876185164529,0.0391464285060667,-0.4723967782364525,1,-0.0103876185164529,0.0057157608545799,0.8957911654516019,-0.1043521027602329,55.849616621320685,1,0.6309742618418136,train_dev
2024-10-08,0.0094575554772806,0.0080018289894832,0.0444250077443102,0.4359695942749101,1,-0.0010283045175684,0.0064556553133006,0.9809337433047716,-1.003242030303087,63.335599365511,1,0.601974509539354,train_dev
2024-10-09,0.0069263918209256,0.0145554266427592,0.0409797626348256,1.0059643817204185,1,0.0,0.0066960937706833,1.0452667792658128,-0.8888269259916711,57.99584631360331,1,0.6085996885032473,train_dev
2024-10-10,-0.0017500086634092,0.0146349195167481,0.0304780983383712,0.761663241659747,1,-0.0017500086634092,0.006683350309188,1.0652028462254273,-0.3854242758648262,60.70652173913047,1,0.591639358540118,train_dev
2024-10-11,0.0059882318226789,0.0115187266571259,0.0312627889183467,1.2214759005634137,1,0.0,0.006831314197158,1.0842836570266243,-0.5422606723991388,62.7607519958796,1,0.5786585218450526,train_dev
2024-10-14,0.0081783360364402,0.0290947516731245,0.0381635988913369,1.8614397132706453,1,0.0,0.0071270229701912,1.1012818876625126,-1.0002486322282804,65.5221745350502,0,0.5802443506947297,train_dev
2024-10-15,-0.0077697152245346,0.0115323551476873,0.0296765943843571,0.8737590429363199,1,-0.0077697152245346,0.0069340481775339,1.0168097239854597,0.3491482340110492,60.76957098628926,1,0.580136354205459,train_dev
2024-10-16,0.0043464762496119,0.0089406383199917,0.0372283576772354,1.07585115135859,1,-0.0034570098576124,0.0069479253246171,1.027191104314082,-1.2812728795560413,60.9938434476693,0,0.6193388057386491,train_dev
2024-10-17,8.586639189434031e-05,0.010796174474511,0.0199131318084697,0.8302239613543425,1,-0.0033714403066813,0.0068453445526829,1.1920647205316972,-0.9509391034891737,62.1700223713646,0,0.589169718494215,train_dev
2024-10-18,0.0038464840731518,0.0086441906207943,0.0287549494060712,1.0150056331603108,1,0.0,0.0064801917575179,1.155610459017146,-0.6699326234493439,62.12765957446807,0,0.5827042244421755,train_dev
2024-10-21,-0.0016421765681932,-0.0011808598028478,0.0245054154159425,0.5740144304918702,1,-0.0016421765681932,0.0054102582185673,0.9588367700131106,-0.7186480031254852,68.54460093896701,0,0.5930596257907732,train_dev
2024-10-22,-0.0005311584394221,0.0061057642554074,0.0210397339401366,0.3450802836332811,1,-0.002172462751672,0.0049392960638484,0.875485700415913,-0.8621470477520731,67.83423778983716,0,0.5988690828894462,train_dev
2024-10-23,-0.0091373517108963,-0.007401682981281,0.0139463897270368,-0.5863443177576831,1,-0.0112899639063275,0.0056379569424689,0.9317659325007884,0.5437368723756626,61.34285076957384,1,0.5756007315018031,train_dev
2024-10-24,0.0021626671741725,-0.0053404310122778,0.012126507076708,-0.4246102009592455,1,-0.0091517131664927,0.0056263165410421,0.9356738427361506,-0.7631981109474905,57.64907135874872,0,0.6082434551830073,train_dev
2024-10-25,-0.0003452800220979,-0.0094938332848664,0.0132465396258769,-0.4497503679150733,1,-0.0094938332848664,0.0052930751495852,0.8824511089867852,0.380612456523542,65.63717306622138,0,0.5582259897190631,train_dev
2024-10-28,0.0030913235700471,-0.0047975600980072,0.0123222253206916,-0.0820564693010707,1,-0.0064318582254229,0.0046117393258255,0.7718618337264824,-1.1681991364410218,61.83559950556242,0,0.6232652000743144,train_dev
2024-10-29,0.0016183737065922,-0.002657203593225,0.0231261651014738,0.0453993595938642,1,-0.0048238936690673,0.0038860840200648,0.7023103750033173,0.432009287389246,57.89294237981581,0,0.5931787082834334,train_dev
2024-10-30,-0.0030252505285593,0.0034948701534627,0.0196006047182082,-0.2179683696413332,1,-0.0078345507107545,0.0037400840513375,0.66661252251005,0.18136743192732,56.44946808510632,1,0.611176677314794,train_dev
2024-10-31,-0.0196031102912018,-0.0182998411711898,0.0014441196153709,-1.9427286491258864,1,-0.0272840794402915,0.0071191304500181,0.9821458340882044,2.408009999070565,35.605263157894754,1,0.5842502916509548,train_dev
2024-11-01,0.0042205965109736,-0.0138159712627797,-0.0033858075325492,-1.2982433700745624,1,-0.0231786380198089,0.0071562357595266,1.0210686437741934,0.5435546328365863,31.37969713965225,1,0.6101919153839248,train_dev
2024-11-04,-0.0021539646959932,-0.0189728491985607,0.0035399788657977,-1.275016502965362,1,-0.0252826767478062,0.0071526856363848,1.065740288386151,-0.3323765971877121,34.59041731066462,1,0.6449147022385328,train_dev
2024-11-05,0.0120917498815396,-0.0087147841930659,0.0061587312664654,0.0334774772899717,1,-0.0134966386698369,0.0085002173866598,1.2274344530080032,-0.1826166970165709,42.374727668845495,1,0.5843847131561088,train_dev
2024-11-06,0.0248656147043522,0.0190169135014912,0.0240842776449388,2.2893259399250887,1,0.0,0.0112784107218494,1.289441993327965,2.647228253445214,58.51793765928242,1,0.41793817080737383,train_dev
2024-11-07,0.007732133188955,0.0474289532920653,0.0338118133060247,2.7890288877882368,1,0.0,0.0114080689419611,1.2914638363854385,0.4786350887752003,60.32995875515556,0,0.5183983710772005,train_dev
2024-11-08,0.0043316935578652,0.0475448304847296,0.0321094585734498,2.894228056776825,1,0.0,0.011358314796782,1.2908901289266637,0.3753862287243262,63.24599708879186,0,0.5198798873997198,train_dev
2024-11-11,0.000952874504756,0.0508064091539286,0.0247124863088716,2.67560879831676,1,0.0,0.0113831373279482,1.3140596750228566,-0.5345805044449272,63.98044186888799,0,0.5487889864219456,train_dev
2024-11-12,-0.0031064199345314,0.0350268770591293,0.0295284418227603,2.0917782680828534,1,-0.0031064199345314,0.0115484651383723,1.3638766897844108,0.0790487568646613,68.27053140096612,0,0.52628222388245,train_dev
2024-11-13,0.0004858435248786,0.0104053871142395,0.0255710115060967,1.8421250093794588,1,-0.0026220856436635,0.0114099471165219,1.3514400386125218,0.4730837237329107,67.67080133884622,0,0.5150007144616691,train_dev
2024-11-14,-0.0064301143689613,-0.0037944292406104,0.0188889842877995,0.7626613501704118,1,-0.0090353397020508,0.009023659159447,1.0473201572224586,-0.4959970105385469,63.14532426970422,1,0.5966995059581249,train_dev
2024-11-15,-0.0128086289710963,-0.0207960681388856,0.0019842966865666,-0.7758372435756341,1,-0.0217282383592758,0.010522479718825,1.1545510763380773,2.699280173930401,54.08366533864537,1,0.5014358438805413,train_dev
2024-11-18,0.0040973111395645,-0.0177199545727837,0.0077446327296404,-0.6778527570065067,1,-0.0177199545727837,0.0103938345160646,1.1365340776413964,-0.7213815928849459,55.17017828200971,1,0.5924068144658823,train_dev
2024-11-19,0.0036555300518574,-0.0110571284972357,0.0119659877940065,-0.5431962313234252,1,-0.0141292003473846,0.0099256752749516,1.0824030152999022,0.3039259622337185,58.286358511837605,1,0.5544430086554134,train_dev
2024-11-20,0.0003388107741826,-0.0112024648771749,0.0216439730791189,-0.50044652636191,1,-0.0137951766985102,0.0060088815229541,0.6767726514186452,0.3562617192898187,71.46504320502743,1,0.562252749513552,train_dev
2024-11-21,0.0053683319220998,0.0005393106935196,0.0249119535943649,0.0664109116161603,1,-0.0085009018638519,0.0057065190363992,0.63920247309599,0.0077341898516626,71.89011414200031,1,0.5667492797824402,train_dev
2024-11-22,0.0030993649670691,0.0166623986342295,0.0284436308372479,0.4219167363677982,1,-0.005427884294208,0.0056075562401378,0.6280858753282861,-0.7295844721830042,74.56978967495216,1,0.5878820341434713,train_dev
2024-11-25,0.0033920505113262,0.0159483125053132,0.0287519584043522,0.7834571628562002,1,-0.0020542454405771,0.0057264098546402,0.6411700737772604,-0.424680255279377,71.95867594349556,1,0.5846925549142268,train_dev
2024-11-26,0.0052214951550548,0.0175334575639505,0.0324526874881825,1.2456595759026374,1,0.0,0.0058592991434417,0.6531462470320111,-0.1304688456852851,63.26981496824078,1,0.5961118753285826,train_dev
2024-11-27,-0.0030300507783234,0.0141066892464014,0.0324477164186824,0.9109843889023804,1,-0.0030300507783234,0.0059740726397689,0.6659304978372862,-1.1844005224619871,54.81171548117158,1,0.6663997052271504,train_dev
2024-11-29,0.0062121136215618,0.0149578048410732,0.0596335115362971,1.3806818946603343,1,0.0,0.00572639529101,0.7646398679493287,-1.3900506152549206,56.30057803468196,1,0.6626155549092483,train_dev
2024-12-02,0.0017923823749066,0.0136353713623615,0.0570713084897731,1.257775123630345,1,0.0,0.0027398035013548,0.365960317848823,-1.136133036948864,56.93534605525492,1,0.6879160323722223,train_dev
2024-12-03,0.0004638603117803,0.0106772881696315,0.0598445095733666,1.0376304148513986,1,0.0,0.002820037345364,0.3801658907399736,-1.442091836918176,60.45332538025649,0,0.6923694867082236,train_dev
2024-12-04,0.0062095345332913,0.0116706900857403,0.0536847581064676,1.3706034258412811,1,0.0,0.0030289951159889,0.423784622141214,-0.1033365427704046,64.15247364152467,0,0.623958665250872,train_dev
2024-12-05,-0.0016456571108843,0.0130754972195781,0.0264279913373037,0.9316873523441768,1,-0.0016456571108843,0.0032712509704724,0.6648264495174855,-1.2416613534132137,69.48755490483163,0,0.627516576577015,train_dev
2024-12-06,0.0018956252266508,0.0087295660111192,0.0204832020953307,0.8856813738020253,1,0.0,0.0031391566988702,0.6696866889430939,-0.9186454696686988,89.81949458483771,0,0.5543060465173761,train_dev
2024-12-09,-0.0051496355769072,0.0017394761691764,0.0108493956769586,0.2136259904440052,1,-0.0051496355769072,0.0039122285758097,0.8128097518129465,-0.5416969659309036,79.07140344706309,1,0.5662306449524822,train_dev
2024-12-10,-0.003109082489912,-0.0018380222218542,0.0067472777072616,-0.1851244705406923,1,-0.0082427074250176,0.0041049755826897,0.8410833486778031,-0.3110512880094096,72.1946022727274,1,0.5677778687880315,train_dev
2024-12-11,0.0077305905773059,-0.0003291314221767,0.0176914055955772,0.4732062077509397,1,-0.000575837844063,0.0044606859594523,0.8790157289711147,-1.003023186675055,75.99632127529136,0,0.5676598501912684,train_dev
2024-12-12,-0.0051526026405031,-0.0038407015461706,0.0119559939047872,-0.1353385695093208,1,-0.0057254734209701,0.0047237415026485,0.8994565900165507,-0.6760351454876438,66.35972989564166,0,0.5998023738561724,train_dev
2024-12-13,-0.0001985670080916,-0.0059229035389347,0.0183028566613296,-0.1825495816227756,1,-0.0059229035389347,0.0043463787299974,0.8709085777490908,-0.2726451106526772,64.0959170447182,0,0.5892823127827989,train_dev
2024-12-16,0.0042700385627512,0.0034894489647416,0.0359197609901835,0.1913706530874397,1,-0.0016781560026981,0.0045094991176217,1.1717438912854037,0.8783430389731188,64.73583704646728,0,0.5237149451370495,train_dev
2024-12-17,-0.0041200415300186,0.0024717982747179,0.0274419790869675,-0.227682116799792,1,-0.0057912834602917,0.0047440075348124,1.1794940396181892,2.103387725238433,55.909090909090914,0,0.5127297725770893,train_dev
2024-12-18,-0.0298035711330652,-0.0348664932670464,-0.0068100965610705,-2.8583453045494083,1,-0.0354222536647965,0.0101533245506409,1.2684175960358886,3.799625638032989,36.64609491381135,1,0.5259399634998434,train_dev
2024-12-19,-0.0003070205362624,-0.0301656379792497,-0.0074513124470787,-2.556215969076003,1,-0.0357183988417432,0.0101896629062485,1.2731887586586748,2.1217336199817827,31.070195627157705,1,0.5421194679421041,train_dev
2024-12-20,0.0086162770858213,-0.0216150014067957,-0.0042447824548991,-1.443626221013688,1,-0.027409881377404,0.0107817681016621,1.3218241404347628,2.8724190421492923,36.84099536060727,0,0.4813307213476625,train_dev
2024-12-23,0.0059883278355747,-0.0199410010052899,-0.0013769709996472,-0.6880312620029544,1,-0.0215856928974513,0.0110744838668186,1.3435013876132953,0.3534770792972063,40.90370955011847,0,0.5675754629407423,train_dev
2024-12-24,0.0111150347239736,-0.0049479554518525,0.0063093066456914,0.4409848662011613,1,-0.0107105838995739,0.0117530309378091,1.3688888512053503,-0.5184799936323328,44.06051550242807,0,0.5817109235193665,train_dev
2024-12-26,6.652253450867285e-05,0.0256873848672989,0.001148755514859,0.5504574883621433,1,-0.0106447738602521,0.0114247238817073,1.3426779552160215,-0.2142414677047467,44.941042221377,0,0.5768555621741321,train_dev
2024-12-27,-0.0105264908371305,0.0152021839276572,-0.0063791059232169,-0.3526952886876243,1,-0.0210592125828794,0.0117655370834279,1.3349677775097455,0.5828524621473623,38.91966759002773,1,0.580516086817835,train_dev
2024-12-30,-0.0114115729147408,-0.0049564408356592,-0.0237822587337149,-1.225321863187789,1,-0.0322304667577038,0.0121566103123948,1.349433149025356,0.2352219295714771,36.600455877564364,1,0.592011037468134,train_dev
2024-12-31,-0.0036380945904592,-0.0144781314634515,-0.0290741016848068,-1.2412249808743967,1,-0.0357513038614039,0.011914029988564,1.3242637927085887,0.2087234037424949,36.44617380025946,1,0.5803576316425658,train_dev
2025-01-02,-0.0024570024570025,-0.0277066356228171,-0.0319087281217399,-1.156588292776946,0,-0.0381204652769779,0.0119145013010191,1.3256053053224106,-0.0889031342641095,30.48238111529244,0,0.6179855701220692,train_dev
2025-01-03,0.0125034209085934,-0.0156151262181128,-0.0258532732119933,-0.0165527119422675,0,-0.0260936805909739,0.0084359222561569,0.89965145025842,-0.5420923227910235,40.11813537675607,0,0.6181889708748021,train_dev
2025-01-06,0.0057606216741277,0.0005882254079763,-0.0186265783140473,0.4023785191256222,0,-0.0204833747388163,0.0085493212795061,0.8993157383353014,-0.2141463568455823,43.28833611406035,0,0.6114705020160706,train_dev
2025-01-07,-0.0113040849234077,0.000697018122471,-0.0315559138546585,-0.6903742395254411,0,-0.0309979257893524,0.0090399799333187,0.9264815786563456,0.2219000077236547,37.04337899543382,1,0.6294297650214439,train_dev
2025-01-08,0.0014610196558109,0.0058183183183182,-0.0251207250115762,-0.4579518475114891,0,-0.029582194712409,0.0087950850304941,0.9028797077582842,-0.3189649237192213,39.187609585038025,1,0.6233743579446646,train_dev
2025-01-10,-0.0152674345620791,-0.0070983853311439,-0.0370106171201061,-1.632038175221687,0,-0.0443979850525138,0.0087663791548505,0.8567705623710362,0.6353145652989701,45.12872286723881,1,0.601497927611501,train_dev
2025-01-13,0.0015504143051559,-0.0178393445392348,-0.0429164060185033,-1.1453328028347651,0,-0.0418596219449891,0.0088453099333856,0.882858634355884,-0.4187089196102429,46.08478802992516,1,0.6043471929941799,train_dev
2025-01-14,0.0013760126593165,-0.0221210696049448,-0.0366356129929011,-0.7930557354254084,0,-0.0405412086553831,0.0085661816057064,0.8547316913439855,-0.4449503055784011,41.98568872987487,1,0.6246335391122945,train_dev
2025-01-15,0.0181899379927512,0.0070502692693201,-0.0189172638652125,0.9330836029286598,0,-0.0230887127342243,0.0100016256951305,0.9111983199112944,-0.1343457981452427,48.48292295472591,1,0.5680014144284794,train_dev
2025-01-16,-0.0019231418064037,0.0036472204787187,-0.0249674516719128,0.6436950545711861,0,-0.0209336576809147,0.0099311932924143,0.9102781694765152,-0.7226631635195244,41.59707724425892,1,0.6410768695724254,train_dev
2025-01-17,0.0100398891217632,0.0294406449723509,-0.0111039401611807,1.4308749893915071,0,-0.0062527022982006,0.0102311312733087,0.9161560055472262,-0.0877111134165919,47.03376459450932,1,0.5866138799708631,train_dev
2025-01-21,0.009153586130727,0.0372555427509933,0.028604079961793,2.166841730762709,0,0.0,0.0099074226305856,1.1047708681208437,-0.702050275376795,56.42994241842609,1,0.5939319213353593,train_dev
2025-01-22,0.0056214244258354,0.0416530685858569,0.0347039754308138,2.548666819983496,0,0.0,0.0099014976204155,1.0995985901297327,-0.3500632454551781,65.40933694181325,0,0.5674224853717984,train_dev
2025-01-23,0.0054580832398918,0.0286278214514659,0.0314640954072571,2.7414571678911,0,0.0,0.008774427349264,0.9853414635908933,-0.9726569380606488,69.63012108143965,0,0.5909186105754962,train_dev
2025-01-24,-0.0029192291922919,0.0276012439997297,0.0223309623501319,2.123535261234152,0,-0.0029192291922919,0.0089976761953407,1.0114251743322384,-1.4515492905704654,69.23965033811649,0,0.6149382158630384,train_dev
2025-01-27,-0.0141454348076385,0.0029954148398541,-0.0032097122900381,0.3606735251567265,1,-0.0170233702337023,0.0087462839342805,0.9513184772013852,1.8005084730935694,55.99160206718343,0,0.5384337776884345,train_dev
2025-01-28,0.0085923553064051,0.0024376088218225,0.0052881897096483,0.8324868354991978,1,-0.0085772857728577,0.0088776203411776,0.944591424664004,-0.6848096335759422,57.19447062519633,0,0.5886288669265292,train_dev
2025-01-29,-0.0044828955204129,-0.0076347206648639,0.0114283793549687,0.0530348750022793,1,-0.0130217302173022,0.0092514184877593,1.0138607948933505,-1.25263434146975,61.04963112005361,1,0.6215665728156121,train_dev
2025-01-30,0.0053671424535983,-0.0077244772447725,0.02859474346333,0.3854213503186559,1,-0.0077244772447725,0.0077310218465928,0.8861549213132234,-0.9518725115364018,62.5383002741493,1,0.6114840783870396,train_dev
2025-01-31,-0.0053219621843182,-0.0101156307054623,0.0268564018564019,-0.3171921455605462,1,-0.0130053300533004,0.0079965340406426,0.910371989545665,1.521517356917021,68.96674373110446,0,0.5228062837685434,train_dev
2025-02-03,-0.006729586919677,-0.002669469609757,0.0224582649151614,-0.9911321498491168,1,-0.0196473964739647,0.0078180772624396,0.8752594777691745,1.310543212689994,63.79252273492758,1,0.5411214669283123,train_dev
2025-02-04,0.0067082657209294,-0.0045325216700853,0.0166061322746853,-0.3059836620959787,1,-0.013070930709307,0.0075351470579024,0.8727718317007941,-1.4114537934970854,65.6494647707301,1,0.6067559573297304,train_dev
2025-02-05,0.004054637907541,0.0040045861650688,0.014881752217146,0.1350668290783229,1,-0.0090692906929068,0.0074163473927205,0.8632764218617507,-1.4783678755158052,60.50698016164589,0,0.6255814127826709,train_dev
2025-02-06,0.0034755552613285,0.0021155626074309,0.0300528345480184,0.5402429600936617,1,-0.0056252562525624,0.0072691138410244,0.8952032842467619,-0.9739106507533536,63.24909747292423,1,0.6112776612368667,train_dev
2025-02-07,-0.0091535822667899,-0.0017447077199164,0.0191351846511391,-0.2609813029806991,1,-0.0147273472734728,0.0077474372826138,0.9154182660330732,0.1835471656024429,52.899472823123006,1,0.6114745103532192,train_dev
2025-02-10,0.0067912845182016,0.0118440202753569,0.0419645471928888,0.325100764650255,1,-0.0080360803608036,0.0065922557142169,0.8639298665726659,-1.61856789704814,51.67847817978372,1,0.6605756255998513,train_dev
2025-02-11,0.0007605191369759,0.0058659310711555,0.0411427785135622,0.3882454985248011,1,-0.0072816728167282,0.0060213111322377,0.7885941216080478,-1.1755676911898802,48.88538173209696,1,0.6710535492573109,train_dev
2025-02-12,-0.0032214898151359,-0.0014233226308298,0.0363626994623746,0.0391295985568456,1,-0.0104797047970479,0.0059260022436159,0.7670803991615104,0.0043240076134161,43.52321102777216,1,0.6533471517692442,train_dev
2025-02-13,0.0105575444179262,0.0056240928882438,0.0285940821215291,1.0167447269931795,1,-3.280032800323518e-05,0.0066096247073923,0.9400277454320966,-0.2626603141769074,51.6320474777448,0,0.6012476829086345,train_dev
2025-02-14,-4.9202105850132405e-05,0.0148642575361619,0.0305253194510175,0.8800739930606809,1,-8.200082000808795e-05,0.0062692360512509,0.8960383901123492,-1.2541406845942036,61.389195148842376,0,0.629753372309912,train_dev
2025-02-18,0.0029358701000492,0.0109779284120028,0.0232772181130558,0.947085693343651,1,0.0,0.0055997487034321,0.8337359381110127,-1.1450428070421876,58.29959514170044,0,0.6308737055913008,train_dev
2025-02-19,0.0023549035961338,0.0125885909699161,0.0163833844623164,0.9988992663973076,1,0.0,0.0053827635136432,0.8334580015579404,-0.7651646494271201,63.65422396856585,0,0.6008029167415909,train_dev
2025-02-20,-0.0041603445744211,0.0116348448687351,0.0064969329199919,0.4767203745283757,1,-0.0041603445744211,0.0056302006300151,0.8733067781576318,-0.3093257612335408,56.66833166833173,0,0.6049014687354662,train_dev
2025-02-21,-0.0171040990858153,-0.0160562872090924,-0.0160885608856087,-1.138015246042645,1,-0.0211932847144044,0.0079286275992768,1.0703653856725688,2.1905681098523893,48.011002962336015,0,0.5385201740226838,train_dev
2025-02-24,-0.0045504550455045,-0.0204854846645891,-0.017698241689557,-1.5301159128757231,1,-0.0256473006705495,0.0075280206827013,1.0116880602146958,0.4815140685228768,49.39050936003489,0,0.574793264604827,train_dev
2025-02-25,-0.004973125031396,-0.0282097826620222,-0.008558986936283,-1.848111008887907,1,-0.030492878468993,0.0071603298786066,1.0471805595693515,1.0665672466440026,41.60356347438754,0,0.5798102796571526,train_dev
2025-02-26,0.0005048465266557,-0.03000342616612,-0.0165089657910408,-1.6235571322673084,1,-0.03000342616612,0.0071508396426277,1.0986587894448363,0.0498677257089579,38.6810102899905,0,0.6051601533830449,train_dev
2025-02-27,-0.0159619201399401,-0.0414987384907763,-0.0278493212143366,-2.899649970706416,1,-0.045486434013672,0.0084542451004745,1.1570587643751689,1.8391387081302035,28.793619142572084,0,0.5863711040641993,train_dev
2025-02-28,0.0156055038030937,-0.0096009600960097,-0.0179492264974217,-1.1291820169527158,1,-0.0305907689295678,0.0094488575019999,1.1638998857763625,2.213196493500296,43.86748557602822,0,0.47172202771708066,train_dev
2025-03-03,-0.0175199434514793,-0.0225046466067213,-0.0299923565185604,-2.440451023024111,1,-0.0475747638392638,0.0104944802198154,1.180293467907539,1.3904077020387962,32.450882450882304,0,0.5844163040247908,train_dev
2025-03-04,-0.0118368535553384,-0.0292474421109315,-0.0349800090335747,-3.0340723806962324,0,-0.0588484818821071,0.0104041540285045,1.1407563673264327,2.548613826096964,28.61223876108849,0,0.5530210437754478,train_dev
2025-03-05,0.0107478417640327,-0.0193090456487369,-0.0311077137824454,-1.497323131555972,0,-0.0487331342893968,0.0114207436377704,1.2203043712991972,0.8355065297643576,35.65573770491791,0,0.5492266462367253,train_dev
2025-03-06,-0.0177511748362088,-0.0210922143406545,-0.052149879183079,-2.626174008256317,0,-0.0656192387385181,0.0121076624410383,1.2197696311826038,1.0906514225875787,25.2341450361251,0,0.6030303936802283,train_dev
2025-03-07,0.0056049309423615,-0.0307314281867447,-0.0501385407045785,-1.678861774738192,0,-0.0603820990977762,0.0119817394308204,1.1974325680920606,1.025925960374091,28.32392197125237,0,0.5631736314752365,train_dev
2025-03-10,-0.0266356438394219,-0.0397245490518525,-0.0668974815653243,-3.6954702958815657,0,-0.0854094268513532,0.0139633519391728,1.2360798240522963,1.5566085655984636,22.17120367333537,1,0.6008610687417986,train_dev
2025-03-11,-0.0083128188661744,-0.0362999687965884,-0.0808960899396545,-3.863147828222311,0,-0.0930122526226485,0.0139701118909555,1.2605557091873754,1.0246148993073063,19.89650438272245,1,0.5772243661110109,train_dev
2025-03-12,0.0053065189235861,-0.0414880115254003,-0.0767210189820091,-2.7531268923179724,0,-0.0881993049777298,0.0143179368965506,1.274506295045177,0.2409390335118374,22.91513303186447,1,0.5776985037510073,train_dev
2025-03-13,-0.013330470413513,-0.0371741369977826,-0.0860845929461682,-3.4846822058743725,0,-0.1003540371657448,0.014139110196207,1.2373805743459054,0.368108599622734,23.65906623235601,1,0.5971844870788355,train_dev
2025-03-14,0.0206557614885205,-0.0227635782747603,-0.076952093549604,-0.9472150259067466,0,-0.0817711647333301,0.015049970408927,1.22233702894553,-0.1468230462353483,32.929734021437,1,0.5367339115237882,train_dev
2025-03-17,0.007711305769265,0.0117200042812799,-0.0697884205346892,0.1094381586147255,0,-0.0746904214184327,0.0148891553834063,1.185370441974922,-0.8159632051837621,36.73749143248797,1,0.5724678416037765,train_dev
2025-03-18,-0.0108084281054394,0.0091739818678946,-0.0825361003450588,-0.694933675076918,0,-0.0846915634738061,0.0148230832722551,1.1798008501767792,-0.1573082188000852,34.475731752500906,1,0.5799553404889045,train_dev
2025-03-19,0.0108908773305764,0.014779823572566,-0.0747230515719575,0.6704499665396375,0,-0.0708574986074248,0.0148375434429167,1.1467610394701797,-0.2447697707183026,41.43239625167336,1,0.5344848365743791,train_dev
2025-03-20,-0.0028917532135489,0.0255159406622902,-0.0735443494216717,0.5081483245679739,0,-0.0574224089075574,0.0138716723743803,1.0720091886891052,-0.5706768420660149,35.22504892367907,1,0.594747570480071,train_dev
2025-03-21,-0.0026702505791437,0.0020788543202858,-0.0599393272660599,0.4529448540085745,0,-0.0556420689539692,0.013667200230267,1.088886503397757,0.6676987641406003,38.77990701893639,0,0.5579198241374295,train_dev
2025-03-24,0.0179084364693784,0.0122189896852684,-0.0387300949414778,2.0066206220115257,0,-0.034413159753759,0.0118925794665725,0.8885923022506914,-0.8884008201664851,48.47887940468375,0,0.581240262008722,train_dev
2025-03-25,0.0024038461538462,0.0257388328401839,-0.031603392568659,1.8980382157484468,0,-0.0320920375416287,0.0112825710232527,0.8422494074463608,-1.913810101808605,45.609981515711695,0,0.6545235672290284,train_dev
2025-03-26,-0.0119382754665832,0.0025743656657204,-0.0436471894237561,0.5085617618828039,0,-0.0430677572452791,0.0122547619024601,0.9021172093140722,-1.197259255897552,47.52046220510351,0,0.6434636875892256,train_dev
2025-03-27,-0.0026556921507588,0.0028117208085023,-0.0307153234766257,-0.0350797403041458,0,-0.0456090746911709,0.0112115361148344,0.84986678401222,-1.5756311680267607,44.56869009584671,0,0.656352403021761,train_dev
2025-03-28,-0.0201382520984695,-0.0147522961807157,-0.0648288397455316,-1.9245839834511385,0,-0.0481525258235263,0.0114365386356668,0.8678897981900896,0.0889048070620987,46.82416731216108,0,0.6082567901919638,train_dev
2025-03-31,0.0067127380052549,-0.0255887681159421,-0.0417630231084159,-1.1308122476970217,0,-0.0405961650601995,0.0113539640599982,0.8795485582887633,1.2977967461703594,52.26708480334509,0,0.521092700429884,train_dev
2025-04-01,0.0028245052646633,-0.0251798561151079,-0.0275456783274971,-0.850679500798007,0,-0.0378863238774739,0.0108971828689951,0.8554131736560778,-0.8293972872599956,51.397019691325184,0,0.6169219040716195,train_dev
2025-04-02,0.0063283241528067,-0.0071580576513833,-0.0317977566631221,-0.1771814359123193,0,-0.0197944158910959,0.010480136144481,0.8346861472237752,0.4429706206872331,59.19169239404996,0,0.5436884121180448,train_dev
2025-04-03,-0.0492808049316232,-0.0535726881568737,-0.0628764994499834,-4.610916691401116,0,-0.0680997360744546,0.0187241657173678,1.1586431985276329,2.6279078759927343,35.11232751739088,0,0.586889812574406,train_dev
2025-04-04,-0.0585429476430037,-0.0906669546125328,-0.1226559244339491,-9.248472896494633,0,-0.1219546102248636,0.0251637862036353,1.245760714743209,3.593406826660231,23.04609218436876,1,0.5489957880216564,train_dev
2025-04-07,-0.001781190626979,-0.0983392624108403,-0.1002533090727462,-8.261686458604265,0,-0.1235185764431933,0.0233897615660071,1.190869076795101,3.0629569921665656,24.146430527661156,1,0.47867034704054906,train_dev
2025-04-08,-0.015662793925215,-0.1149615843984527,-0.1069218592603251,-8.382465561306864,0,-0.1372467243596427,0.0227915887830139,1.152667950993764,1.3012988301189483,18.27000808407439,1,0.5855680705245336,train_dev
2025-04-09,0.1050193361263294,-0.028165521150712,-0.0183405800991286,1.6136082443675568,0,-0.0466409481110764,0.0441780006949463,1.3963473633658436,2.1283479521544497,44.7877402212198,0,0.30085140951664074,train_dev
2025-04-10,-0.0438190368561116,-0.022582448295137,-0.0486743317253635,-2.0681106228227666,0,-0.0884162235429047,0.0460496561567015,1.3956009474399618,0.8696798842317017,39.31438489911044,1,0.5953508417119586,train_dev
2025-04-11,0.0178428457051356,0.0567210259658013,-0.0512961745526907,0.0851006399418287,0,-0.072150974872276,0.0463954327627136,1.4101717197314847,-0.0943602682871807,39.0698181026032,0,0.4868067124424999,train_dev
2025-04-14,0.0097014645840356,0.0688766406280978,-0.0494225513532574,1.4415034838058898,0,-0.0631494804156674,0.0464747684363004,1.4111113204647503,-0.5517288041778097,40.30519688400383,0,0.516932976337064,train_dev
2025-04-15,-0.0028008606618192,0.082843216242346,-0.0417275676446472,1.6039748791868744,0,-0.0657734681819761,0.0464339983664074,1.4126077017313587,-0.706879457095865,41.49181588487311,0,0.541888440835231,train_dev
2025-04-16,-0.0222280091516156,-0.0418504611570851,-0.0731225644913865,0.0805350727385926,0,-0.0865394640809092,0.04665367567931,1.4119905606410377,-0.3288441100261954,39.24155844155842,1,0.5930029444916453,train_dev
2025-04-17,0.0014267777650953,0.0034885050897859,-0.0691082070416807,0.4200622653603146,0,-0.0852361588989678,0.0441331718964415,1.335027744674507,-0.3978022647446907,41.956772809767365,1,0.5356009377075002,train_dev
2025-04-21,-0.0238027393096634,-0.037569764393003,-0.0888329373382035,-2.1307716333884352,0,-0.1070100441386022,0.0403093381409482,1.207565820015333,-0.5412932921753081,38.06326391438912,1,0.6032807112351339,train_dev
2025-04-22,0.0260177473340079,-0.022017361626354,-0.0815739966555184,-0.0199106863498057,0,-0.0837764570951934,0.0409433233959199,1.2145753651122906,-0.4597886458111048,41.67078351941507,1,0.5038750334737367,train_dev
2025-04-23,0.0154954954954953,-0.0040735849407563,-0.0695791193132452,0.7851308896581332,0,-0.0583372904905117,0.0403632961181091,1.1885084104802903,-0.287259165487446,42.97237248840803,1,0.525543864683661,train_dev
2025-04-24,0.0210488961936425,0.0400068485332725,-0.0385163298686223,2.9439456479166286,0,-0.0359561261197713,0.0230050563985726,0.6705663759837485,-0.709331468723614,52.62218489159537,1,0.5617269271375106,train_dev
2025-04-25,0.0072253013590881,0.0460287608518075,-0.0289906186076039,3.1814144533431183,0,-0.0245872599730744,0.0171465762800023,0.4990388683741811,-0.7822339541318223,63.91240338608762,1,0.5822718215614262,train_dev
2025-04-28,0.0003813744006975,0.0719428660387639,-0.0086563726019507,2.894725536234961,0,-0.024215262523914,0.0165720420604506,0.4865513284903847,-0.9609152923411204,64.31343559416007,1,0.6027912004399215,train_dev
2025-04-29,0.0062993555414359,0.0513418681839734,-0.0090634441087612,3.249744352947532,0,-0.0180684475306454,0.0164593419333052,0.4833005922765183,-0.9017609895667402,68.31538948701711,1,0.5895359556435164,train_dev
2025-04-30,0.0003968826670512,0.0357102835157445,-0.0114622885359289,2.966024591229289,0,-0.0176787359172394,0.016366945521735,0.4806715573908979,-0.2470867718471804,52.79297980751084,1,0.6229154303619814,train_dev
2025-05-01,0.0070869549536554,0.0215478607620405,-0.0107170693686671,3.067840183668092,0,0.0,0.0137111045228477,0.4025804358762125,-0.694272098885578,69.73331780598579,1,0.5992652810201077,train_dev
2025-05-02,0.014844127706054,0.02927502542496,0.056008943543879,3.824636093514724,0,0.0,0.0138524844030861,0.4310215376846334,-0.6747819599773273,69.3514150943396,0,0.6203397966321751,train_dev
2025-05-05,-0.0057343496365304,0.0229826631569391,0.1152430335655478,2.2991948733309666,0,-0.0057343496365304,0.0099425328329577,0.3453023584617435,-0.9308085758935096,64.71581995897188,1,0.7121149759168702,train_dev
2025-05-06,-0.0083583254955547,0.0080819743108671,0.1078948411911653,0.8664259927797753,0,-0.0140447455713177,0.0094532320715216,0.3268448460925284,-0.7541373629816465,62.309747879632816,1,0.7147746584007962,train_dev
2025-05-07,0.0042054402290623,0.0119197893749773,0.1302570093457942,0.8223539409924661,1,-0.009898369680288,0.0088293335000856,0.3098565303956964,-0.5291206925887679,73.20517850137308,1,0.6643884185587796,train_dev
2025-05-08,0.0069678339125009,0.0118000966927496,0.02996609675185,1.190881252126549,1,-0.0029995059637236,0.0068374577769814,0.4116007688224125,-0.2375119088885653,74.26849177445685,1,0.5854105639188997,train_dev
2025-05-09,-0.0012742009698083,-0.0042698849601241,0.0757939685081399,0.8146057379684983,1,-0.0042698849601241,0.0068279117574469,0.5347895694320254,-1.589967728798627,87.20141551164855,1,0.6353966345127823,train_dev
2025-05-12,0.0330474536626854,0.0345690404784297,0.0918642544106078,3.551725240411084,1,0.0,0.0117508511438481,0.8369088831543003,0.9185289922711984,88.1258549931601,1,0.45560610827381975,train_dev
2025-05-13,0.0066038868591229,0.0501789549033644,0.0885146164119305,3.6369351836481054,1,0.0,0.0117528328853429,0.8396459207211003,0.2277296145375018,87.38005234079681,1,0.5250182966776015,train_dev
2025-05-14,0.0012780314906959,0.0471175265080638,0.0929670207027399,3.167231731662307,1,0.0,0.0117112309476897,0.8414874861263051,0.0948040034924882,85.10127016821151,0,0.5490455245559032,train_dev
2025-05-15,0.0048843581408806,0.0449509786571338,0.1232735989042348,3.092099519860329,1,0.0,0.0117064423764209,0.9432315758525674,0.4623603209758024,84.81986708639391,0,0.5409107285247506,train_dev
2025-05-16,0.0063340446431596,0.0529113654888897,0.1287779487471745,3.250424852387691,1,0.0,0.0112644972387858,0.9109034471871214,0.7956935707642322,85.70252017789497,0,0.5269871916520591,train_dev
2025-05-19,0.0010939077751599,0.0203434021166744,0.1575659687086479,2.8035283463641543,1,0.0,0.0107505180945126,1.047016146533137,0.2805960767295686,85.00604594921408,0,0.5760694827262772,train_dev
2025-05-20,-0.0033621921492813,0.0102412923454433,0.1244191559981033,1.8584856872376665,1,-0.0033621921492813,0.0101344806615357,1.0624739988875145,-0.1700497819728949,82.10155857214687,0,0.5884436291322926,train_dev
2025-05-21,-0.0168508054313907,-0.0080498306642387,0.0886033394344627,-0.2300566240559891,1,-0.0201563419349416,0.0124634535814829,1.1845482628942838,2.069219568434902,68.55317206754908,1,0.5383878036773,train_dev
2025-05-22,0.0003946059087946,-0.0124817938556379,0.0665825239166619,-0.4977756238406566,1,-0.0197696898377741,0.0124553847046804,1.273649494194285,0.4619864618719249,64.15814114791057,1,0.5554552761441598,train_dev
2025-05-23,-0.0068257044367079,-0.0253954897340963,0.0517034723231148,-1.4254005215461227,1,-0.026460452214844,0.012796741616463,1.281851231381558,0.7371757990222251,63.35616438356167,1,0.5533863792210841,train_dev
2025-05-27,0.0207905233893388,-0.0062200554761705,0.0731596623400199,0.484446710861809,1,-0.0062200554761705,0.0097985188890574,0.910617751085574,0.4505205080468571,74.60824585425229,1,0.5248488359320086,train_dev
2025-05-28,-0.0057853336716569,-0.0086362486295015,0.0602720450281424,-0.11200073420815,1,-0.0119694040514415,0.0098552983364249,0.9010106722572968,0.1160169180773218,69.8952095808384,1,0.5911229177341927,train_dev
2025-05-29,0.0039473908087046,0.0123357238444907,0.0640350560825189,0.2403866572663813,1,-0.0080692611582753,0.0099238003075438,0.9085564227611064,0.3358601250362134,69.161171599448,1,0.5622124061403984,train_dev
2025-05-30,-0.001118549275485,0.0108045070229294,0.0553655523125682,0.1464671179620963,1,-0.009178784567538,0.0098074499011483,0.8979852952555494,1.6359858419479645,69.22486569455104,1,0.5212357446951341,train_dev
2025-06-02,0.0056329425338061,0.0234843121341368,0.0457865763286047,0.7360901731706974,1,-0.003597545599731,0.0097584244363144,0.92290259308762,-0.3726000219427707,59.755118426334846,1,0.5948078537157392,train_dev
2025-06-03,0.0057026201683791,0.0083565930812823,0.0578161878227538,1.2892032835856382,1,0.0,0.0099340102354762,0.95291852107891,-0.3619750786925872,59.37183383991896,1,0.6078602500446356,train_dev
2025-06-04,-0.0002684158432453,0.0139519847549043,0.0664459556191838,1.209046705988834,1,-0.0002684158432453,0.0098568021351389,0.9741009289199544,-0.9303329593021352,58.552091878588925,1,0.6409507664924097,train_dev
2025-06-05,-0.0048327823737687,0.0050843148885688,0.0568475452196381,0.5459200108505887,1,-0.0050999010216579,0.0080682180029223,0.7851895951930247,1.6932189646202982,52.655320893992126,1,0.5854474559850641,train_dev
2025-06-06,0.0102689486552567,0.0165425270194607,0.0603121792376031,1.3027636173036643,1,0.0,0.0084759742824238,0.8172187183622283,-0.3120662294964257,54.83176838810636,0,0.6185389274216602,train_dev
2025-06-09,0.0009012918516539,0.0117595451401188,0.0626218237232871,1.0426425293011512,1,0.0,0.0078337888601174,0.7579070425738292,-1.6443746889941917,54.73436581062529,1,0.6853897296736448,train_dev
2025-06-10,0.0056696905016009,0.0117264171517723,0.0344602823376045,1.411671725367208,1,0.0,0.0051198665994762,0.6723675749646901,-0.4063692870710245,59.75958786491128,0,0.6163861271929747,train_dev
2025-06-11,-0.0028520262651721,0.0091118084338766,0.0247426896598732,0.8912033930153296,1,-0.0028520262651721,0.0046894503888076,0.6179117949387491,0.2369486866950884,70.95604893520611,0,0.5784202266458889,train_dev
2025-06-12,0.0039743248636423,0.0180423235814857,0.0275021698803588,1.0598944122875429,1,0.0,0.0046905060606607,0.6160676631463959,-0.6105026896838763,72.31101511879044,0,0.5909164237285583,train_dev
2025-06-13,-0.0111801242236024,-0.0035717862269252,0.0110761101514074,-0.1970981930157985,1,-0.0111801242236024,0.0063075652600796,0.7826395429550834,1.4865704058891454,68.22906052577946,1,0.536489519077519,train_dev
2025-06-16,0.0095142378559462,0.0050026680896477,0.0142712891282394,0.5848031296313446,1,-0.0017722567287785,0.0067102616104139,0.8174471813256896,0.6629763715964122,63.49800983376255,1,0.5387765234973588,train_dev
2025-06-17,-0.0085451649299793,-0.0092027591695962,0.004505337480037,-0.2986718280718087,1,-0.0103022774327122,0.0072541150943025,0.8568616770474261,0.7788687835110774,61.02610261026096,1,0.5682305386360165,train_dev
2025-06-18,-0.0001506200525495,-0.0065185579353465,0.0077422619549634,-0.3387987075271279,1,-0.0104513457556935,0.0072532482582551,0.8610249907138419,0.2590790830705188,58.75384979862603,1,0.5771131921751036,train_dev
2025-06-20,-0.0052892340653456,-0.0156853002070394,0.0195930412105822,-0.8862663735794684,1,-0.0156853002070394,0.0072903173271188,0.9687853742037288,1.7528561890658116,55.46857526280471,1,0.5428280080491766,train_dev
2025-06-23,0.0098774988221039,0.0052763819095476,0.0292579190176471,0.0758719015499613,1,-0.0059627329192546,0.0072312427644354,0.9295042729846704,1.0823841719131126,57.87134997884039,1,0.5362717586293961,train_dev
2025-06-24,0.0110472381904522,0.0068029468374593,0.0477802144670269,1.0617832962750144,1,0.0,0.0080114999340825,1.0267333484762025,-0.5047090147282651,60.58206295783005,1,0.5889809317173564,train_dev
2025-06-25,0.0005603348824945,0.0160494033772362,0.0270151399813922,1.0504170210499568,1,0.0,0.0078566668633302,1.210700403602803,-0.9017555611717548,61.03768001578225,1,0.591313537540564,train_dev
2025-06-26,0.0078238239557253,0.0241530530262452,0.0410732819491943,1.6631774831356114,1,0.0,0.0080441316197537,1.2540633650442854,0.3746901013624769,67.90334855403351,1,0.5168324872928969,train_dev
2025-06-27,0.0049683756353473,0.0347142760988086,0.0421320227099397,1.9791832510746643,1,0.0,0.0080805506066233,1.255813871248389,0.9087269645211484,65.92607554029487,1,0.5055084416229649,train_dev
2025-06-30,0.0047811874908523,0.0294926268432893,0.0482872122024466,2.1136711835666326,1,0.0,0.0066715454228858,1.0399731001204102,1.37725900040943,67.50144480832213,1,0.5083657342670933,train_dev
2025-07-01,-0.0003237031641984,0.0179142358021029,0.0420779133134245,1.8286792029781127,1,-0.0003237031641984,0.0063991798536017,1.0007487813814888,-0.411792332772349,64.95586121946204,1,0.5916592276610767,train_dev
2025-07-02,0.0045333117461345,0.0219561207010146,0.0408663121340737,1.90523117352386,1,0.0,0.0051015702449241,0.8015254546597079,-0.7108888519596421,69.1705161679052,1,0.5953606974977654,train_dev
2025-07-03,0.00788137642034,0.0220144802000425,0.0493514338932425,2.2398796677784203,1,0.0,0.005045449725942,0.7797798846598812,-1.8478364004367211,70.64448269267547,0,0.6312034748844957,train_dev
2025-07-07,-0.0074519461412992,0.0093834870143598,0.0465896636034062,1.0418701569316888,1,-0.0074519461412992,0.0055380835467079,0.8329010216524744,0.0539912238107048,73.58565737051781,1,0.5815760108092123,train_dev
2025-07-08,-0.0005477862988978,0.0040301043942705,0.0353840504723437,0.6556882292523684,1,-0.0079956503662007,0.005364611708047,0.8379310873466075,-1.1646801430595737,69.68345965225149,1,0.6152759589362403,train_dev
2025-07-09,0.0059967114808006,0.0103780458188293,0.0406550160085379,0.976170943987868,1,-0.0020468864937475,0.0047608153334061,0.73613524407844,-0.7018802299425382,80.54340317752698,1,0.5692063526206476,train_dev
2025-07-10,0.0028202416434319,0.0086550084616003,0.0377064402732638,0.9554813138311689,1,0.0,0.0046946974560734,0.7319782907351475,-1.3370038994761513,81.46341463414616,1,0.5946629465519179,train_dev
2025-07-11,-0.0035153878111917,-0.002750503725973,0.0370160968471464,0.4102583919416753,1,-0.0035153878111917,0.0047816438681732,0.7423663922547109,-0.7839774966324708,83.23516085183495,1,0.5838262755747241,train_dev
2025-07-14,0.0019082133350436,0.0066539923954371,0.0348819875776396,0.4417566094697849,1,-0.0016138825860472,0.0046608640546304,0.7258140037823014,-1.5794327167441369,81.24683223517471,1,0.603453183889506,train_dev
2025-07-15,-0.0042732990829211,0.0029016345874841,0.042110552763819,-0.0563863573931187,1,-0.0058802850659934,0.0048515643387883,0.8292157964689253,0.1729072043314819,71.63380281690135,1,0.5753153097348809,train_dev
2025-07-16,0.0033432989359309,0.0002563856039483,0.0357403597265548,0.1720297585806448,1,-0.0025566456808667,0.0049036621315426,0.8763927780277302,1.2484194559586963,72.95918367346934,1,0.5138207144515848,train_dev
2025-07-17,0.0061196373073595,0.0035473458822024,0.0510601978143356,0.6624384724005402,1,0.0,0.0050515944364705,0.9881675096856898,-0.2327054003216816,72.26659322500679,1,0.5639446003777381,train_dev
2025-07-18,-0.0007324374243677,0.006350020846028,0.0504485806106052,0.5526083466451865,1,-0.0007324374243677,0.0044947549819336,0.8762356850493728,-0.4412025790295205,68.78150014823609,1,0.6002547507662851,train_dev
2025-07-21,0.001896172599509,0.0063379267297258,0.0580366157366898,0.6128588344480953,1,0.0,0.0035636165752191,0.742727908621796,-0.5397503947605209,67.07317073170731,1,0.6182665778238038,train_dev
2025-07-22,0.0001431366000286,0.0108014273314689,0.0478380404898775,0.4902587441194492,1,0.0,0.0035303198779943,0.7788965384580615,-0.7390056029710034,67.58707248195807,1,0.6164096358707565,train_dev
2025-07-23,0.0085074579397641,0.0160039729582519,0.0452058406671282,1.1810653039930985,1,0.0,0.0039591207020443,0.9194760872938624,0.168659035927003,69.98837884950618,1,0.5496101348994586,train_dev
2025-07-24,0.0003311206067388,0.0101585886249282,0.044966398735011,1.0758889666017055,1,0.0,0.0039536378226355,0.9171467614293498,0.1997995320312361,65.26563550773369,0,0.5788806425212223,train_dev
2025-07-25,0.0042243308849028,0.0151693807960737,0.041234249105202,1.2853429568452135,1,0.0,0.0036351360469077,0.8789663997842151,-0.9760803710589288,79.57492795389086,0,0.5737500951705778,train_dev
2025-07-28,-0.0002511379689216,0.0129936224692654,0.0358263810964207,1.06501139270234,1,-0.0002511379689216,0.0037141571611501,0.9047625170214312,-1.0565069340193634,80.09427121102273,0,0.5787489497042388,train_dev
2025-07-29,-0.0026376110779666,0.0101771459466335,0.0281783604434733,0.5890363239066271,1,-0.0028880866425993,0.0034361891981993,0.8272882494744161,-0.4707025877344672,71.92638997650755,0,0.5854930327582702,train_dev
2025-07-30,-0.0012593268897773,0.0003941911984988,0.0272160608759006,0.2997325171840253,1,-0.0041437764872076,0.0035564629091344,0.8509981817318841,1.5698405298761158,67.5752644426364,0,0.5229119426093451,train_dev
2025-07-31,-0.0037512215112063,-0.0036884083099523,0.0187444596663712,-0.1402914523325086,1,-0.0078794537749176,0.0035429866494645,0.8322592702998824,2.8189556687520185,67.08400646203577,1,0.48035159649567755,train_dev
2025-08-01,-0.0163903303379319,-0.024140637262596,-0.0057888508651293,-1.6860062430619522,1,-0.024140637262596,0.0064706784883791,1.1845892564761418,3.379900177168708,45.44650751547313,1,0.500682125303321,train_dev
2025-08-04,0.0151997683844815,-0.0090589380475399,0.0169008184571759,-0.2295209461574386,1,-0.0093078009731597,0.0082395466351479,1.3299563064349964,0.0829737959750558,61.09064112011792,1,0.5178275434309131,test_holdout
2025-08-05,-0.0050699494589412,-0.0114756162830966,0.0122997066125027,-0.7213852874079278,1,-0.0143305603515931,0.0084213289965067,1.330309393899335,-0.1962989366964746,54.48242887879516,1,0.5800767392449102,test_holdout
2025-08-06,0.0076596015733234,-0.002647921066734,0.0139730154151844,0.0616708044086517,1,-0.0067807251608853,0.0083286907440966,1.298335102116999,-0.3754962684546991,55.5347968239141,1,0.5630903516467601,test_holdout
2025-08-07,-0.0008375738803375,0.000268953297051,0.0102745198299829,0.0121802101639896,1,-0.0076126196829383,0.00832869567613,1.3005840101013133,0.0742618816174976,55.44415947773371,1,0.559752260402085,test_holdout
2025-08-08,0.0077975484381178,0.0248664993887921,0.0217440107757929,0.7907545465618272,1,0.0,0.0086165831967696,1.3203311696065505,-0.4395859747802792,59.01779969976411,1,0.5509838278438202,test_holdout
2025-08-11,-0.0019774631972127,0.0075257062281159,0.0177814055472864,0.6076772049063501,1,-0.0019774631972127,0.0086404575881074,1.3174651969879865,-0.7370860339020683,57.3849372384937,1,0.5880856830746977,test_holdout
2025-08-12,0.0106459932066929,0.0234406102202335,0.0330311505448934,1.5593642446059164,1,0.0,0.0092136204839973,1.358265775621869,-0.3987938255271022,58.61438439658681,0,0.5509096472746203,test_holdout
2025-08-13,0.0034231122314023,0.019137773001675,0.0331133254301367,1.7393293524646378,1,0.0,0.0091936129626352,1.3551018891404436,-0.5727635699316839,60.22261277094324,0,0.5688297363685991,test_holdout
2025-08-14,9.303912295122174e-05,0.0200869909054963,0.0269250366218714,1.5426228682268184,1,0.0,0.0090204853178539,1.344537292254263,-0.5822962793263365,58.07779378472942,0,0.5776256489252302,test_holdout
2025-08-15,-0.0023412667648654,0.0098245393766285,0.0252716785111062,0.9596374842309562,1,-0.0023412667648654,0.0065971315494586,0.9781020334392216,-0.1156385197910401,56.50780937124551,1,0.6001455607387762,test_holdout
2025-08-18,-0.0002175805047869,0.011605233362687,0.0231086088712884,0.7459238853817272,1,-0.0025583378556478,0.0052026713532432,0.7706446895644873,-1.2798044327028948,58.30578512396693,0,0.6443134751927087,test_holdout
2025-08-19,-0.005425151562257,-0.0044811651029269,0.0174124606430683,0.0139123148997675,1,-0.0079696100472906,0.0052566106612087,0.7609023754999207,-0.0298176318581058,55.23585828929332,1,0.6205182633026715,test_holdout
2025-08-20,-0.0026570388083961,-0.0105134208934856,0.006149382696583,-0.3348670996198392,1,-0.0106054732925033,0.0050029660201165,0.7457853827823467,0.8529341904123934,55.98095615949215,1,0.578645445717282,test_holdout
2025-08-21,-0.0040118474871104,-0.0145747732382356,0.0017811544402761,-0.785845416057846,1,-0.0145747732382356,0.0052180389266701,0.7698336737867121,-0.7455594284089281,66.22858483923957,1,0.6046191276597764,test_holdout
2025-08-22,0.0153567775942098,0.0029062538853659,0.0128865170302934,0.6100745715991651,1,0.0,0.0067190350375521,0.890269456223329,0.5862863434000783,66.47250698974837,0,0.5169734763585382,test_holdout
2025-08-25,-0.0044009855728253,-0.0012902222913103,0.0086821364649731,0.0651037610660828,1,-0.0044009855728253,0.0068914359347244,0.9031597460076156,-0.9643120529651316,67.03477443609026,0,0.6034174839088713,test_holdout
2025-08-26,0.0041869659283702,0.0083618574264234,0.0155841702609955,0.4454311776913852,1,-0.0002324464210998,0.0061551010708848,0.8059427560933187,-0.9137549034837612,65.30662710187934,0,0.6000561676045583,test_holdout
2025-08-27,0.002278504557009,0.0133519299180391,0.0191816662988997,0.6470310814617773,1,0.0,0.006103071730542,0.8001013247620313,-0.9689703360714708,67.37554374093764,1,0.6011548205436794,test_holdout
2025-08-28,0.0035414379165827,0.0210368971756746,0.0266421971902288,0.9410922892653008,1,0.0,0.006187782592469,0.8180634382038179,-0.2912960678254033,65.15229736706249,0,0.5817819495000515,test_holdout
2025-08-29,-0.0059637551624237,-0.0004029071299065,0.0375249308370326,0.3139817520461697,1,-0.0059637551624237,0.0064802428846717,0.9860942153193162,0.8965105412481487,61.03990326481256,1,0.5680942666376769,test_holdout
2025-09-02,-0.007410278273002,-0.0034242844023846,0.0144176687738644,-0.3824323819718404,1,-0.0133298403501201,0.0069241858673035,1.1382090628453283,1.4418816561332466,46.92581300812999,1,0.5615833661103623,test_holdout
2025-09-03,0.0054195886110548,-0.0022010044020087,0.0251126646177364,0.0962493838640051,1,-0.007982493990014,0.0069077243150549,1.1496698024551717,0.4999697489587422,48.58478956436134,1,0.573383935225441,test_holdout
2025-09-04,0.0083574113772642,0.0038507338044941,0.0258225607636146,0.7602969162804164,1,0.0,0.0071967556104212,1.1896529196073302,0.0329033817413216,54.537540805223024,1,0.5666233546131277,test_holdout
2025-09-05,-0.0028962287404485,-0.0025889169697342,0.0237089758797943,0.2864929941694332,1,-0.0028962287404485,0.0071058374493861,1.1639608980166325,1.5519216050876226,54.10189982728839,1,0.5370324527699254,test_holdout
2025-09-08,0.0024565848835054,0.005860010851872,0.0182836874980383,0.4780539626445797,1,-0.0004467586886861,0.0053296955221395,0.901127998337894,-0.171581725870123,55.78815155955631,1,0.5983205140437762,test_holdout
2025-09-09,0.0023118536442519,0.0157121214487638,0.0226600830293119,0.5879086630298168,1,0.0,0.0050513317440844,0.8588595202126994,0.0347072819759215,61.48973350808227,1,0.5787372573248393,test_holdout
2025-09-10,0.0028908400350591,0.0131574859415293,0.0148127402013411,0.7688100439717318,1,0.0,0.004983145763478,0.912286711228981,0.9005548102836657,65.33942558746742,1,0.5290909995644434,test_holdout
2025-09-11,0.0083102068352216,0.0131100566921369,0.0197553071066383,1.4338288598160724,1,0.0,0.0054819165351766,0.9629885299767,0.2392452062818705,72.61368291683749,1,0.5226388861486829,test_holdout
2025-09-12,-0.0003345346167298,0.0157128731227982,0.0193193270796183,1.267285187689754,1,-0.0003345346167298,0.0054744100858713,0.9609334619797232,0.4095950814869212,65.40224032586566,1,0.5512226048135456,test_holdout
2025-09-15,0.0053239226662205,0.0186181280150423,0.0271509387044632,1.5583102452636746,1,0.0,0.0049451578173077,0.8645245783071589,-0.2724412185778828,73.08462694041057,1,0.5557359705484717,test_holdout
2025-09-16,-0.0013768894403171,0.0148693740101177,0.0259598942950411,1.111924772727975,1,-0.0013768894403171,0.0038579833764562,0.6718062645095181,-0.5944780731081398,69.4444444444445,1,0.6039385579662487,test_holdout
2025-09-17,-0.0012424242424242,0.0106867420002758,0.0302746127756676,0.7479909397419486,1,-0.0026176030019215,0.0039760171412631,0.7153455513127549,2.305312805748594,66.72887230071976,1,0.5084558460298134,test_holdout
2025-09-18,0.0046724718589763,0.0070404330702673,0.0378461393803575,1.015863331299568,1,0.0,0.0035031265469477,0.6357066020387705,1.4644898751709088,67.41514360313317,0,0.5389931398628711,test_holdout
2025-09-19,0.0021743726029053,0.0095678495915791,0.0442923452128078,0.9819763071970108,1,0.0,0.003051700300411,0.5721601187165088,1.7374693733246225,75.99665458600506,0,0.518647069668981,test_holdout
2025-09-22,0.0047310531866806,0.0089724773418469,0.0333638096418775,1.182464983529266,1,0.0,0.0031303083137816,0.7114699483002194,-0.1232562879906925,88.81098451650591,0,0.5283099564674119,test_holdout
2025-09-23,-0.0054435846679863,0.0048636363636365,0.0322816629570252,0.435385069699488,1,-0.0054435846679863,0.0040696294706939,0.908258643649936,0.6352001648048706,78.30764757196856,1,0.5316399379903537,test_holdout
2025-09-24,-0.0031814960570558,0.002912709730271,0.0247070494140988,-0.0187531003109248,1,-0.0086077619818847,0.0043597425335797,0.95629711587853,-0.4184953874326522,69.2480719794344,1,0.5796649318240896,test_holdout
2025-09-25,-0.0046135229163516,-0.0063570199015492,0.0176607951997278,-0.4863398390360492,1,-0.0131815727910744,0.0039697056536335,0.8387654596860059,1.140205189607955,66.7389284608236,1,0.5406188057738226,test_holdout
2025-09-26,0.0057290479446852,-0.0028326050926623,0.0198791838747458,0.0170770446738596,1,-0.0075280427088956,0.0043461372075655,0.9013461435221296,-0.5785097671567829,68.84247171453426,1,0.5735124117488635,test_holdout
2025-09-29,0.0028104318394728,-0.0047387679203407,0.0288814820556546,0.2561995456083398,1,-0.0047387679203407,0.0041140347674066,0.9048593851280492,-0.2105434103780678,69.16451335055964,1,0.5724140579909816,test_holdout
2025-09-30,0.0037668756027,0.0044782195684622,0.0404673028566073,0.5399923332558572,1,-0.0009897426669067,0.0041845390241104,1.0297931244006413,0.8360135237081501,69.70380818053576,1,0.5271707346401499,test_holdout
2025-10-01,0.0034074874658502,0.011117833913175,0.0383850622922299,0.7416405311598941,1,0.0,0.0041733766397569,1.0437169868676228,-0.312986720842643,66.74922600619188,1,0.5723031045545192,test_holdout
2025-10-02,0.0011519186176975,0.016974394043006,0.0309649987675622,0.7520042154390462,1,0.0,0.0040125374379182,1.0848177228611855,-1.5136972630962269,67.97564687975643,1,0.6052270665663284,test_holdout
2025-10-03,-1.4942769194004056e-05,0.0111661781148952,0.0339441320066744,0.6669915881439715,1,-1.4942769194004056e-05,0.0040042887640256,1.1212877211277863,-0.3756783037895994,64.13487738419619,0,0.5792122534130526,test_holdout
2025-10-06,0.003586318196082,0.0119485294117647,0.0351093506773729,0.9555762995431768,1,0.0,0.003895394644097,1.084159608782213,-1.5500695435683267,68.81685575364655,0,0.6045922272190845,test_holdout
2025-10-07,-0.0037075088220842,0.0044132216518057,0.028893023541894,0.4920071368068126,1,-0.0037075088220842,0.0036190708852329,0.9552173749842788,-0.2340233553436241,65.28290282902827,0,0.5893004757757193,test_holdout
2025-10-08,0.0059630559540888,0.0069713516343778,0.0320448935158921,0.9092340096995036,1,0.0,0.0036303091868172,0.928159570121562,-1.0194527633623445,66.22793897696675,0,0.600654579572248,test_holdout
2025-10-09,-0.0028970004902616,0.0028988972236334,0.0205738789288809,0.419536893511837,1,-0.0028970004902616,0.0033202914739004,0.8988451290124432,-0.5635776228619975,60.98998232174409,0,0.6105628229725939,test_holdout
2025-10-10,-0.0270278324095595,-0.0241927048310695,-0.0066777201442022,-2.165770754304277,1,-0.02984653325608,0.0095410714518347,1.3094229082419362,3.4881585372104844,35.880670208418465,1,0.5295375294610997,test_holdout
2025-10-13,0.0153440935959081,-0.0127603817691815,0.0032228291295335,-0.6550676343847684,1,-0.0149604076599665,0.0108710219537101,1.3582981339177589,0.0197542835918605,49.84637628772811,1,0.5380991920014043,test_holdout
2025-10-14,-0.0012216457528956,-0.010297106647537,0.0033787878787878,-0.7176728629105457,1,-0.0161637770943827,0.0107909429271653,1.3485496744226615,0.3654538962359313,51.04571534332776,1,0.5537418130964104,test_holdout
2025-10-15,0.0044395451731271,-0.0117959917398345,0.0090870475439182,-0.2278423672806969,1,-0.0117959917398345,0.0108377429798334,1.3465153221772583,0.1006989556852862,56.60237388724037,1,0.543618971903457,test_holdout
2025-10-16,-0.0068102890990272,-0.0156743548483222,-0.0024461691782683,-0.7796272627738917,1,-0.0185259467249038,0.0109992032051988,1.3507246749519053,1.3029247515494653,48.92099487929767,1,0.5344765225817553,test_holdout
2025-10-17,0.0056763138774522,0.0174114115953569,0.0010396263372005,-0.1441348825954418,1,-0.0129547919359391,0.0112144579397639,1.3623628352403507,0.6986868494832532,50.62754109952275,1,0.5180876251175296,test_holdout
2025-10-20,0.0104005177681782,0.0124577702702701,0.0066882610521263,0.8991189175702402,1,-0.0026890107114736,0.0116981099764553,1.3772988700807407,-0.8338926482699043,54.19809773696295,1,0.562849618774511,test_holdout
2025-10-21,-1.4896469536673784e-05,0.0136810473702488,0.0121831697350762,0.8647178585649133,1,-0.0027038671242443,0.0116255726037213,1.386628316765302,-0.9376262797431008,52.41825613079012,1,0.5928786534811736,test_holdout
2025-10-22,-0.0051989453142456,0.0039538764526361,0.0101346241113295,0.4204485988054109,1,-0.007888755181174,0.0115662166682501,1.369696065335238,0.0526715110217345,48.84440104166661,1,0.5792545236919063,test_holdout
2025-10-23,0.0059299191374664,0.0168321627512715,0.0208342831091863,1.0068203962325295,1,-0.0020056157240273,0.0117183682613357,1.3892701521700053,-0.5241149295948101,51.94983942498849,1,0.5726714992673188,test_holdout
2025-10-24,0.0081725616291532,0.0193561010852059,0.0233144963887461,1.4626502089179316,1,0.0,0.0069728314259077,0.8180957297458714,-0.168668144788513,54.1179906542056,1,0.5975056056799624,test_holdout
2025-10-27,0.0117977113325951,0.0207656785341874,0.0324855351976858,2.3193725017059723,1,0.0,0.0063780276631931,0.7211561440579444,-0.6049681472236319,60.89483644228172,0,0.6019907781907934,test_holdout
2025-10-28,0.0026560037359173,0.0234920824084969,0.031342880302621,2.212172153706542,1,0.0,0.0061864234116021,0.7003308167944509,-0.6161071301620166,59.71313187578329,0,0.6219325412254765,test_holdout
2025-10-29,0.0004803073967338,0.0293351302785265,0.0283342059989526,1.924342983220932,1,0.0,0.0062604295838225,0.709318741346392,0.3338005640647997,61.56147599373134,0,0.5832732289008656,test_holdout
2025-10-30,-0.0109981233360972,0.0120132190067883,0.0158542781148203,0.5173502323566623,1,-0.0109981233360972,0.0070967606944079,0.7668639072329758,-0.0803987371990278,72.4878376111392,0,0.5791709444795715,test_holdout
2025-10-31,0.0032802318226614,0.0071022517534145,0.0192017453415218,0.584281328067606,1,-0.0077539679075925,0.0070323963240291,0.7587993909250214,0.3402392429823079,68.35198764955624,0,0.5539841178428776,test_holdout
2025-11-03,0.0018766677418409,-0.0027727511528806,0.017465493366686,0.5944336981195419,1,-0.0058918517871949,0.0064838458411026,0.7009200213325748,-0.926977893903096,70.18550392044375,0,0.6039701968734529,test_holdout
2025-11-04,-0.0118535428922644,-0.0172037376648326,0.0091463414634145,-0.6557333635428718,1,-0.017675555361585,0.0077990625566811,0.8093950188109676,-0.0469848632225691,58.7641427328112,1,0.6155352779111396,test_holdout
2025-11-05,0.0034654345121734,-0.0142713743289835,0.0066408165084459,-0.4546957064678317,1,-0.0142713743289835,0.0075590766025122,0.7892830142956067,-0.2508924085216795,65.32754252623964,1,0.5771185504029193,test_holdout
2025-11-06,-0.0107293603707312,-0.0140035008752189,-0.0012664640324214,-1.5017706787356957,1,-0.0248476119815534,0.0082717335661799,0.8377691251092779,0.1692796009867433,55.03572643756375,1,0.6027305491708427,test_holdout
2025-11-07,0.0009846190568543,-0.0162595666070431,0.0274876726593367,-1.3137187418186596,1,-0.0238874583569733,0.0077613263125412,1.0273426858096342,1.522486696628744,49.68589377498579,1,0.5518142205970881,test_holdout
2025-11-10,0.0156042744086919,-0.0027804606784324,0.0277509652509653,0.2822572337613802,1,-0.0086559304034099,0.0085106754851758,1.1227442346459744,-0.147891227985911,58.05683441816165,0,0.5549451023232173,test_holdout
2025-11-11,0.0022892697816387,0.0114922101771222,0.0313637255938268,0.5719199665447288,1,-0.0063864763816755,0.0084962309701951,1.1242817277544863,-1.166177655105813,62.4467736652473,0,0.6015376475958393,test_holdout
2025-11-12,0.0005563689604686,0.0085598748487263,0.0273764601530437,0.6873282600207861,1,-0.0058336606584326,0.0084972997757161,1.1285609616755372,-0.8634194518323275,60.10786360473206,0,0.5993141655998285,test_holdout
2025-11-13,-0.0165939887032106,0.0025808954066028,0.0172559941874546,-0.8696986146184996,1,-0.0223308456625788,0.0093981370084921,1.1240165048467463,1.9421158991963772,45.88662561187429,0,0.5603778068352111,test_holdout
2025-11-14,-0.0001636807332896,0.0014307644156965,0.011348756001746,-0.7376023565457299,1,-0.0224908712666754,0.0092816805893388,1.120046720156007,1.4837811291990817,37.998196573489615,0,0.5640061545454365,test_holdout
2025-11-17,-0.0093164466536692,-0.0231421695233624,-0.0083867123491732,-1.4050086202299898,1,-0.0315977829179942,0.0095072422754904,1.154933742807223,0.9460309812019468,32.1422608114878,1,0.6067800300827068,test_holdout
2025-11-18,-0.0083975543437437,-0.0335578330893118,-0.0166991911096544,-2.0129445994893334,1,-0.0397299931625423,0.0091900318650479,1.09106415498792,2.182021679151398,29.040675364543432,1,0.5711239632610852,test_holdout
2025-11-19,0.003863168100836,-0.0303637800345342,-0.0077418388739143,-1.4156171659388952,1,-0.036020308703938,0.0092182377189741,1.0950500008576514,0.8804036980381128,35.7000332557366,1,0.5817113753543124,test_holdout
2025-11-20,-0.0152422920785355,-0.029031010058925,-0.0286262951053948,-2.6607813332100165,1,-0.0507135687164491,0.0097763044110269,1.0980383687388828,3.2416907280603118,28.289957359211968,1,0.5346470104253456,test_holdout
2025-11-21,0.0099612278362679,-0.019198428407721,-0.0269029162052418,-1.515751532115018,1,-0.0412575102925558,0.0105293741318619,1.168231035556314,1.3922812097239674,33.40161136146388,1,0.5345173532927546,test_holdout
2025-11-24,0.0147186015811116,0.0045968723241247,-0.0240937481758215,0.1239702830654928,0,-0.0271461615676689,0.0103697515350732,1.120175200086029,-0.3235503996948428,45.65014031805427,1,0.5677273103289837,test_holdout
2025-11-25,0.0094058887742436,0.0226336201672523,-0.0175239425959886,1.1866215762459909,0,-0.0179956065697785,0.0109139765437332,1.1459927504493392,-0.3462866892601488,48.37522213759834,1,0.5705353712245923,test_holdout
2025-11-26,0.0069034991555805,0.0257307999939633,-0.0112163400689565,1.9417038879073083,0,-0.0054142643917001,0.0112030885068607,1.1576377926590056,-0.6832631869596416,56.15071550479192,1,0.5727583043493857,test_holdout
2025-11-28,0.0054584510357815,0.0472928447734204,0.005236603268464,2.323958740411679,0,0.0,0.0097572074367072,1.0340087972338938,-1.453923086215176,57.83892956324159,1,0.6110895879766743,test_holdout
2025-12-01,-0.0045654750581659,0.0322291853178156,-0.0026244025452305,1.7297664284443182,0,-0.0045654750581659,0.0099489876247396,1.0506843695541024,-0.927635485479088,49.18603033254482,1,0.6313897559140306,test_holdout
2025-12-02,0.0018522057418377,0.0191407593498122,-0.0026487546462962,1.677037815032021,0,-0.002721725515445,0.0092281842999778,0.9745897165568168,-0.8827322356108466,48.9730333938801,1,0.6299524392133026,test_holdout
2025-12-03,0.0034627969421743,0.0131403513969956,0.0128102600556838,1.6679798415270533,1,0.0,0.0084130211438621,0.9266830326678668,-1.0279682558890952,50.34670292318151,1,0.6331530538939214,test_holdout
2025-12-04,0.0007311117284942,0.006929731638418,0.0100504737447975,1.4142485841214116,1,0.0,0.0084595550574216,0.9342436583733328,-0.8213550362128651,59.84691436772447,1,0.6063753367955149,test_holdout
2025-12-05,0.0018995017460805,0.0033655745621095,0.0229446077188169,1.1100592483801834,1,0.0,0.0055167803329188,0.637077274444881,-0.1919792852625237,60.76682316118945,0,0.6118625677154339,test_holdout
2025-12-08,-0.0030042730680045,0.0049392153115674,0.0188682057319999,0.4419486881117454,1,-0.0030042730680045,0.0057359631977099,0.6585632807741508,-0.9540852085459504,65.0418760469012,0,0.6288652610701652,test_holdout
2025-12-09,-0.0008630399485102,0.0022156031282556,0.0023479690068088,0.1447101618202641,1,-0.0038647202088408,0.0043565451407391,0.5443370213426713,-0.8013957409252628,70.98720292504558,0,0.604081503718632,test_holdout
2025-12-10,0.006632115249473,0.0053809823217185,0.0066910688140557,0.6237304407382992,1,0.0,0.0039067711495149,0.4809764876026118,0.1012297561841358,72.00070571630198,0,0.5642179873819221,test_holdout
2025-12-11,0.0023270357927192,0.0069843218048188,0.0084725921156603,0.7180050770397689,1,0.0,0.0034955108459239,0.4297184960635626,0.0780326807739695,88.02407638024061,0,0.5346589245440863,test_holdout
2025-12-12,-0.0107520640770781,-0.0057314529889601,0.014463424796143,-0.341181182702954,1,-0.0107520640770781,0.0048838210061891,0.6446646160223819,1.0088884875170323,73.15135465471577,0,0.5533048817973428,test_holdout
2025-12-15,-0.0015107955878901,-0.0042420607638634,0.013096602324647,-0.4984359926330987,1,-0.0122466154939999,0.0046733783694636,0.6157090080505231,0.2343575149619654,64.84413656605639,1,0.5854783274436351,test_holdout
2025-12-16,-0.0027323608479132,-0.0061050597329584,0.019829645319753,-0.7317137367409814,1,-0.0149455141692179,0.0047046989406551,0.6471422173170629,1.2277676336150969,55.34870797443737,1,0.5795037285747341,test_holdout
2025-12-17,-0.0110035794776613,-0.0235176054801693,0.0171494364319475,-1.6443874748214646,1,-0.0257846394938838,0.005541205495219,0.7419877024663305,0.8536227721672724,39.32989690721657,1,0.6420973117568786,test_holdout
2025-12-18,0.0075513851653261,-0.018427964072725,0.0208864675610824,-0.7865562388444007,1,-0.018427964072725,0.0062637568108442,0.8252414824932616,0.7525775822638952,41.38446215139451,1,0.6039346780039979,test_holdout
2025-12-19,0.0060904400786434,-0.0017161464444965,0.0430018543208743,-0.1075848019221515,1,-0.0124497584050378,0.0066201975662234,1.000827327778178,0.8613464611265809,50.38872691933922,1,0.575045337355184,test_holdout
2025-12-22,0.0062298887729763,0.0060229459550775,0.0391484454425443,0.4970335009678076,1,-0.0062974302421752,0.0069050666982375,1.0735037333974953,-0.4989009783984648,53.73810602628008,1,0.605013219626881,test_holdout
2025-12-23,0.0045704773447425,0.0133898979186,0.0287560001794446,0.8835152910467973,1,-0.0017557351596847,0.0070251285693595,1.2252481307576906,-0.6706644875222225,54.531284791805874,0,0.5934333767751605,test_holdout
2025-12-24,0.0035176463747892,0.0282692880548107,0.0227548813368492,1.1966884388521923,1,0.0,0.0068003412661988,1.248511754539137,-1.5982988433438503,56.39547298740123,0,0.6125078545932134,test_holdout
2025-12-26,-0.0001013934354993,0.0204591482253462,0.0156397128060263,1.1695220787595304,1,-0.0001013934354993,0.0067683075748522,1.282054533040631,-1.3691848112271092,55.06578947368408,0,0.611076605771909,test_holdout
2025-12-29,-0.0035636163462791,0.0106672152103322,0.0065262880639167,0.7190978989338643,1,-0.0036646484544743,0.0057883157897186,1.1036584618331793,-0.5768168727366207,54.58695652173916,1,0.6019727570755374,test_holdout
2025-12-30,-0.001221196481791,0.0031832717608748,0.0099078307142752,0.5036814240593802,1,-0.0048813696804658,0.0057755977471761,1.125366898606003,-1.143823427004621,54.29189189189192,1,0.6202141854440256,test_holdout
2025-12-31,-0.0074089169007729,-0.0087795802081517,0.0005722418675626,-0.2854335314210844,1,-0.0122541209189143,0.0062733178128875,1.158648785359658,-0.098008768098779,43.96496475112145,1,0.6158574938394271,test_holdout
2026-01-02,0.0018330595964335,-0.0104435238564269,-0.0010528008890319,-0.2742869488168027,1,-0.0104435238564269,0.0048077183494387,0.8949162045428802,0.450528672447883,43.54283254412398,1,0.6016852617083057,test_holdout
2026-01-05,0.0066601285185239,-0.0037519375353101,0.0048656467803445,0.2253072835753102,1,-0.0038529505489729,0.0046951613767232,0.841927469575598,-0.2761924213478832,56.83486238532112,1,0.5904721033324581,test_holdout
2026-01-06,0.0059471878089918,0.0057570691284436,0.0089253161049451,0.6567767017413015,1,0.0,0.0046803392304531,0.819497354300444,-0.3626648646175962,61.873124732104486,1,0.5837557547438457,test_holdout
2026-01-07,-0.0032234283979704,0.0037408480225906,0.008703538463789,0.2630235936089313,1,-0.0032234283979704,0.0046057829276336,0.8054273598682058,-0.1512557709322618,61.38634913884759,1,0.5949778676816997,test_holdout
2026-01-08,-0.0001015110647061,0.0111303378695448,0.009472358866245,0.2302573241889311,1,-0.0033246122490278,0.0044021143959237,0.770709405550127,-0.6503640736130366,72.848851879889,1,0.5762768031667784,test_holdout
2026-01-09,0.0066133921190412,0.0159550331542663,0.009453582907922,0.8390297764766694,1,0.0,0.004753533303218,0.8323891015293684,0.0374875996697342,72.4948875255624,0,0.5353697136418779,test_holdout
2026-01-12,0.0015704467849062,0.0108183563077997,0.0086916145508364,0.9262754435378489,1,0.0,0.0047577348699468,0.8346360917132424,-0.5906410330920376,70.185646993627,0,0.5750231853499046,test_holdout
2026-01-13,-0.0019995396743195,0.0028331478296064,0.0176161699131658,0.6379719512832005,1,-0.0019995396743195,0.0046254826782633,0.9070359746881432,0.0857122206752995,63.447653429602845,0,0.5778774145883561,test_holdout
2026-01-14,-0.0049151736166164,0.0011311232924389,0.0141465779383895,0.0946778849569483,1,-0.0069048852062834,0.0049470973701109,0.9443390868066304,0.7995117413114363,53.579952267303085,0,0.5779696467580956,test_holdout
2026-01-15,0.0027232168723565,0.003959333439689,0.0196944923181168,0.2173034966897902,1,-0.0042004718338223,0.0041155398999775,0.7927423235220437,0.1750299709761175,52.81989084293514,0,0.6023309108306879,test_holdout
2026-01-16,-0.0008378597018375,-0.0034722722491968,0.0301757521596663,0.0104108226285017,1,-0.0050348121295816,0.0041784881647869,0.951461095153205,0.3581482543884611,52.015527022991975,1,0.6010893828597037,test_holdout
2026-01-20,-0.0203568227163634,-0.025289142068013,0.0016408709920616,-1.8816231135258368,1,-0.025289142068013,0.0076113251148519,1.1968433561757053,2.0975123337154264,38.61671469740633,1,0.575346474811515,test_holdout
2026-01-21,0.0115410726408688,-0.0120645170589677,0.0070673974051924,-0.6570203193643464,1,-0.0140399332527763,0.0083825245520108,1.2445562286617535,2.537477358833842,48.45459781148011,1,0.4712238955301262,test_holdout
2026-01-22,0.0052232273125183,-0.0019989570658787,0.0060598980768948,-0.1294441150762409,1,-0.0088900397030898,0.0085462022322963,1.276902912975713,0.1217661033120365,56.97904310003962,1,0.5418249407423016,test_holdout
2026-01-23,0.0003628552352752,-0.004348202935398,0.0018460375603233,-0.0891504613355187,1,-0.0085304102652625,0.0085471766556215,1.2914841762854763,-0.5376625211736944,56.11133521581291,1,0.5741783412612784,test_holdout
2026-01-26,0.0050781306675564,0.0015470028626782,0.0034039224774762,0.4377195666010844,1,-0.0034955981356808,0.0084279938721294,1.2636896374235078,-0.7576373305412589,55.16175561508348,1,0.5787176555302985,test_holdout
2026-01-27,0.0039842362825344,0.0264323031966704,0.0075038750706204,0.8330627015240409,1,0.0,0.0085171877184219,1.2670082410835817,-1.1004286157379803,53.89830508474584,0,0.590233388641529,test_holdout
2026-01-28,-0.0001006484636731,0.0146192004668805,0.0110053063894743,0.7988010012914866,1,-0.0001006484636731,0.0084867784739398,1.27443580850322,-0.7930351849544048,56.48312611012424,0,0.5863611539648006,test_holdout
2026-01-29,-0.0019844122976042,0.0073441899619726,0.0102327477038179,0.5451434713890271,1,-0.0020848610332284,0.0083370977044983,1.2495249358565037,1.0392704838674114,54.88673139158575,0,0.532909338433424,test_holdout
2026-01-30,-0.0029825370295659,0.0039754508654585,0.0147377991553261,0.2491850778703408,1,-0.0050611798875612,0.0083680406244914,1.2943196605520118,1.1591101161435926,47.606019151846745,0,0.5494694506018831,test_holdout
2026-02-02,0.0049713137852795,0.0038687511728956,0.0179164775970841,0.6928506787330271,1,-0.0001150268156264,0.0085045005738807,1.3022577506263424,-0.0126214776591051,50.27050421986584,0,0.5720529679614613,test_holdout
2026-02-03,-0.0084554435512862,-0.0085694977641663,0.0026318850695048,-0.3310109566072211,1,-0.0085694977641663,0.0055798698815561,0.8325262703440541,1.3546308812224952,45.81854043392502,1,0.5899485819944011,test_holdout
2026-02-04,-0.0048438791640681,-0.0132725547151359,-0.0081236177563202,-0.8251204294268306,1,-0.0133718673165681,0.0047309096726753,0.7119030056823796,1.0987391234795687,45.881888208572015,1,0.5946001034982975,test_holdout
2026-02-05,-0.0124892522479197,-0.0236585787562676,-0.0173438904840628,-1.902678632179203,1,-0.0256941149405455,0.005804192664034,0.8109903334604144,1.3535028207788036,37.247034193998566,1,0.6080514634952339,test_holdout
2026-02-06,0.019184793837254,-0.0019509516308511,0.0016098388710823,-0.0408162083768646,1,-0.0070022574012567,0.0088043956212755,1.0424037132532529,0.1388519314888311,49.25437338686553,0,0.5516489188120514,test_holdout
2026-02-09,0.0048217543656425,-0.0020994808817819,-0.0001728932240263,0.4234295769756253,1,-0.002214266200808,0.0087890898223578,1.0484483043996808,-0.5836018260732772,63.87523309035432,0,0.565882063123901,test_holdout
2026-02-10,-0.0026370775992506,0.0037561817469871,-0.0043730939639794,0.2074745868967967,1,-0.0048455046082618,0.0087223694390277,1.0390074388908046,-1.0101294112519617,56.33962264150946,0,0.609467333766389,test_holdout
2026-02-11,-0.0002311737848927,0.008408749763185,-0.002608933796503,0.2345217798160495,1,-0.0050755582395145,0.0087218836567328,1.0402885184023745,-0.4630174789425731,53.0052440500202,0,0.5940895700930541,test_holdout
2026-02-12,-0.0154488698768715,0.005386499808152,-0.0131670432817661,-1.1310995785587543,1,-0.0204460164775913,0.0099371965399366,1.1028856402344995,1.4486772166108837,43.36887704098631,1,0.564499769412174,test_holdout
2026-02-13,0.0007045664714431,-0.0128435318988734,-0.0151537039177164,-0.9144790579644893,1,-0.0197558555838329,0.0099572823817927,1.108585168059718,0.3758488136213409,40.36842105263157,1,0.5857224358019101,test_holdout
2026-02-17,0.0016134946828016,-0.0159953887167664,-0.0127374721684063,-0.5731042857600527,0,-0.01817423686897,0.0097718587820104,1.0861166209377882,-0.3117461831603558,38.57968919407302,1,0.6286200689680868,test_holdout
2026-02-18,0.0050377095994726,-0.0084233947870312,0.0128545706780009,-0.025056011840426,0,-0.0132280837970352,0.0096785276446926,1.2455021409626283,-0.59498755910415,42.224493272014975,1,0.6249481825494893,test_holdout
2026-02-19,-0.0026373690422415,-0.0108098734030869,-0.0013422818791946,-0.2638822307155306,0,-0.0158305655005822,0.0095914489205994,1.3027240479290605,-1.221247566635884,41.91748393642208,1,0.6478370107345983,test_holdout
2026-02-20,0.0072317671809256,0.0119776300145315,0.0006531394234954,0.2848115995996884,1,-0.0087132812836993,0.0087787481055954,1.1781398393199958,0.801284639862039,47.95227346017407,0,0.5379776460634274,test_holdout
2026-02-23,-0.010211334000551,0.0009387605427209,-0.0099241182188819,-0.6202586765581855,0,-0.0188356410588218,0.00704829941547,0.904109175017272,0.268696401315423,40.07924413288632,1,0.6359174449968339,test_holdout
2026-02-24,0.007268570758657,0.0065900270923335,-0.0077663736232009,0.1983996827937625,0,-0.0117039784899855,0.0073169821614757,0.9270595680265302,-0.6467236866201223,48.31530139103558,0,0.6146423313122541,test_holdout
2026-02-25,0.008438204699207,0.0099957743810925,-0.003364534357072,1.0287250106399717,0,-0.0032642144315665,0.0078489102551835,0.9711269830316912,-1.580382505726333,55.18165574746868,0,0.6279255232303689,test_holdout
2026-02-26,-0.0055543533145784,0.0070418419822346,-0.0088004371458974,0.5065424757883263,0,-0.0087861836901971,0.008057377508494,0.9859184286767516,-0.818835888546212,59.35297885970528,0,0.6113143472896044,test_holdout
2026-02-27,-0.0048019730161031,-0.0049896291139056,-0.0115987551149788,-0.0448784638742926,0,-0.0135459656893055,0.0063676545597195,0.7741698695149656,-0.1406601224462446,45.61137440758293,0,0.6391969984604342,test_holdout
2026-03-02,0.0005685214070176,0.0058470962352907,-0.0080783849010795,-0.0554778154263232,0,-0.012985145453761,0.0063678102428375,0.7757865377193638,0.133745185610358,42.40112427223441,0,0.6265360359349376,test_holdout
2026-03-03,-0.0088143593927561,-0.0102131374117988,-0.0216850491077205,-0.9000610334314587,0,-0.0196267742632754,0.0070210642607674,0.8444980004695416,1.02787014368432,39.089394780677374,0,0.6115405685486877,test_holdout
2026-03-04,0.0070553995854951,-0.0115703671643944,-0.0063811581802096,-0.184005373015156,0,-0.0127098494127819,0.0072192125411279,0.8685879834739277,-0.3323259115384573,44.17930799386392,0,0.6261133005366374,test_holdout
2026-03-05,-0.0055755841957001,-0.0115914696068475,-0.007111732901966,-0.6946752254852343,0,-0.0182145687729664,0.007389671683833,0.8866761079987062,1.231515129216323,50.03861003861,0,0.5761419822843855,test_holdout
2026-03-06,-0.0131071024937252,-0.0198399393577165,-0.0077329476697853,-1.7521198297414684,0,-0.0310829310469055,0.0078295558871198,0.9340248485967382,0.9804252904942664,42.22406639004145,0,0.613013884172308,test_holdout
2026-03-09,0.0087599274219933,-0.0118156123430169,-0.0178824824071124,-0.8317750040572556,0,-0.0225952878449456,0.0080418260273304,1.0917279362473808,1.02963276134886,46.47908979089786,0,0.5415538071654088,test_holdout
2026-03-10,-0.0016070296489598,-0.0046301059779814,-0.0241660061964119,-0.8437026863189052,0,-0.0230397460867056,0.0075548506653754,1.0429582782656248,-0.2335134457259,42.73408837135104,0,0.6123983464736553,test_holdout
2026-03-11,-0.0012552054106735,-0.0128442777283143,-0.0228139628966074,-0.7236591022517027,0,-0.0242660318834305,0.0067187865585107,0.9285470813455956,-1.0272817585942196,43.398671634537486,0,0.6489613112820862,test_holdout
2026-03-12,-0.0151848949477327,-0.0223833497233271,-0.037429909243309,-1.8964968715755373,0,-0.0390824496862151,0.0078164263805425,0.9916846275678696,1.2478472400545249,32.572706935122994,0,0.6098460361394747,test_holdout
2026-03-13,-0.0056601507371707,-0.0150063951931943,-0.0278597325583102,-2.110067606116782,0,-0.0445213878669841,0.0078382556798203,1.0773688088127276,0.6950955517427034,34.242709313264285,0,0.6012545858907413,test_holdout
2026-03-16,0.0101768107626567,-0.0136228935379716,-0.0186578657865786,-0.8596226314440274,0,-0.0347976628435403,0.0089061130916535,1.1545739638727543,-0.2179363684256616,36.028065893837635,0,0.6022798299370352,test_holdout
2026-03-17,0.0026306742597492,-0.0094361912637703,-0.017661272607454,-0.4580954684608599,0,-0.0322585298997331,0.0087414031423807,1.1301650800571943,0.0885472793260119,31.82704811443429,0,0.6189224663268431,test_holdout
2026-03-18,-0.0139536963878412,-0.0220306655035265,-0.0362237538066998,-1.5006544980171463,0,-0.0457621005554353,0.009010184548962,1.1085410432358709,-0.2651724893978929,29.21080113382064,0,0.6571118462009913,test_holdout
2026-03-19,-0.0024643575283854,-0.0093985526829414,-0.0360565684899486,-1.4276408966230287,0,-0.0481136839068022,0.0089833681901546,1.1053550599049526,1.498084158250946,29.96174445294561,0,0.5694822562448877,test_holdout
2026-03-20,-0.0170203091846012,-0.0207160005435683,-0.0592663504634262,-2.759473743393676,0,-0.0643150833152996,0.0095329210245592,1.1204038986117344,3.195995415481795,25.18703241895261,0,0.532035923923116,test_holdout
2026-03-23,0.010500023127804,-0.0204026725258956,-0.039581471006316,-1.4000595770032658,0,-0.0544903700497727,0.0097950243537776,1.107972427025715,1.6668197669646858,33.788174139051264,0,0.5283922175377768,test_holdout
2026-03-24,-0.0033568311513931,-0.0262526274989192,-0.0497126645813633,-1.3749346958866706,0,-0.0576642862295319,0.0097753664622447,1.1405705819855358,0.0476784216724361,28.51378614660385,0,0.6181519057712709,test_holdout
2026-03-25,0.0055727364585567,-0.0069697473655563,-0.052412897641203,-0.5323055721716815,0,-0.0471202669374726,0.010184063533686,1.212363353687886,-0.288438626541642,33.49062963462322,0,0.5900782891711797,test_holdout
2026-03-26,-0.0178587740933588,-0.0222946347377992,-0.0641375308283764,-1.9974538085008635,0,-0.0601561817069261,0.0105709035393881,1.168154411901051,-0.0835445192251398,32.27231388852802,1,0.625386311194269,test_holdout
2026-03-27,-0.0170518842332078,-0.0223260403657277,-0.0756570795492644,-3.254106539643399,0,-0.0761822896937556,0.0114495562307555,1.197824437984328,0.207262439240031,23.087231968810958,1,0.6221008859437958,test_holdout
2026-03-30,-0.0033433739689949,-0.0357197351155054,-0.07927095777849,-3.0292521850142338,0,-0.0775911140951352,0.0102921768964529,1.0830886800308688,-0.0290141649140082,22.80110696667072,1,0.6177795668165753,test_holdout
2026-03-31,0.0290678354985205,-0.0043479592149177,-0.044081548660209,0.1035915322773054,0,-0.050778684337279,0.0149792855965188,1.2519058673351957,2.100117327048661,37.086355957467966,1,0.4499308688979412,test_holdout
2026-04-01,0.0075345204047112,-0.0024055296732743,-0.0436267569658312,0.9540126462141486,0,-0.0382645198221073,0.0147717320618355,1.2325059740472963,-0.229069030567286,44.32080621457069,1,0.5610711127630879,test_holdout
2026-04-02,0.0009004334289726,0.0166488396967865,-0.0373985410459261,1.1067584880004768,0,-0.0330841700207881,0.0147689943255816,1.2332718648699077,-1.338791617215001,46.49218071242402,1,0.60433851802898,test_holdout
2026-04-06,0.004726834698016,0.0391742497121858,-0.020003569410155,1.422685077583486,0,-0.0285137187255812,0.0136237375789463,1.1590773464981254,-2.091810949189265,44.289914066033454,1,0.6375921343313172,test_holdout
2026-04-07,0.0004401074469215,0.0431191354019968,-0.0280861603786102,1.4073847318215835,0,-0.0265217519714107,0.0132659216968732,1.1497930288970457,-0.9193772561304512,43.34828101644249,1,0.6034195199575609,test_holdout
2026-04-08,0.0254694942507811,0.0394716609773349,-0.001727753329986,3.626252004279877,0,-0.0004731418094717,0.0152751078076368,1.1747602449921528,-0.124115723372303,57.72245762711867,1,0.5153548498529973,test_holdout
2026-04-09,0.0057691454268427,0.0376503265978878,0.0052932739934645,3.8564879945865207,0,0.0,0.0152781296317467,1.1696647249880132,-1.342149554917681,60.40136547015621,1,0.5946083218027095,test_holdout
2026-04-10,-0.0006618523039813,0.0360306786819755,0.0201183076599706,3.245707339310137,0,-0.0006618523039813,0.0134581287063454,1.0726406912556454,-1.612825710130888,67.98230294562812,1,0.6117843068041258,test_holdout
2026-04-13,0.0097724663703528,0.0412335149408891,0.0359510184360325,3.437202717921423,0,0.0,0.0109510561130482,0.8701345515027042,-1.1263299764792774,67.91880541297247,1,0.5998521468415463,test_holdout
2026-04-14,0.0121848127095176,0.0534571159855588,0.038010253650808,3.720409230079917,0,0.0,0.0102473095113237,0.8092177058053764,-0.801701093631844,72.46408358728782,1,0.5738944394315638,test_holdout
2026-04-15,0.0078910232410793,0.0353988846318842,0.0434562232591424,3.770144252865052,1,0.0,0.0076068113517198,0.5974230366769018,-0.8952637924654709,73.00469483568078,1,0.5999618336266597,test_holdout
2026-04-16,0.0024573534874416,0.031989528025768,0.0608227628018083,3.3141329186986006,1,0.0,0.0077648317506103,0.6389725700215386,-1.0575854775256663,83.78927248835268,1,0.5947124454464386,test_holdout
2026-04-17,0.0120856255166319,0.0451535042533775,0.0762958472264323,3.733221537782857,1,0.0,0.0076094300207275,0.6216224188325798,-1.866707626259878,96.8345855400912,1,0.5764002232716017,test_holdout
2026-04-20,0.0,0.0350386241072728,0.094931927162835,2.963010218876509,1,0.0,0.0079743376891879,0.707293179879486,-0.9464737366812276,99.43088402681175,1,0.5668729572252877,test_holdout
2026-04-21,-0.0085335285999943,0.0138524897042306,0.0743080350331106,1.424682003486092,1,-0.0085335285999943,0.0092629636556984,0.8019475993570042,-0.4219347941095471,90.24865188735784,1,0.5721436600859502,test_holdout
2026-04-22,0.0101266901488468,0.0161013801182958,0.0888422793104506,1.934901320032678,1,0.0,0.0067197506588782,0.5836498597259039,-0.8524390755905222,90.56384983330932,1,0.5799011385895547,test_holdout
2026-04-23,-0.0038807103387185,0.0096770515634354,0.0786060107792088,1.1256644646313494,1,-0.0038807103387185,0.0072836645160473,0.6250613027994443,-0.371284759634577,86.9730185497472,1,0.5894423666688944,test_holdout
2026-04-24,0.0077493118780436,0.0053510575379502,0.1067292935869412,1.4102032351721272,1,0.0,0.0071514570786884,0.6817292323887969,-0.6464376989387295,87.39632902787235,1,0.5917073052437928,test_holdout
2026-04-27,0.001722833851584,0.0070831103726025,0.127868283682127,1.1671775691415651,1,0.0,0.0070042620499576,0.7650470504445988,-0.9378475339573892,87.55537656061229,1,0.617371440897882,test_holdout
2026-04-28,-0.0048659759218087,0.0108084308601295,0.1261452284127411,0.4301184519122493,1,-0.0048659759218087,0.0069139836679565,0.7479695854306031,-0.5377933343700845,79.15985616214473,1,0.6336291897254452,test_holdout
2026-04-29,-0.0001545616771346,0.0005202401541035,0.0941661284866377,0.2499274449638513,1,-0.005019785505544,0.0066778314492594,0.8831185134235643,-0.585416075265576,77.59191496776467,1,0.6058737578439709,test_holdout
2026-04-30,0.0099496894235362,0.0144117439480555,0.0967889628227824,1.005472898331145,1,0.0,0.0071775124963062,0.9405718288261212,0.8937752580168113,80.61543267728847,1,0.5209136663717542,test_holdout
2026-05-01,0.0027690423844377,0.0093985488976664,0.0988365887501332,1.135768787619792,1,0.0,0.0063391784135688,0.8347682261022539,-0.4511817988879413,79.09718713154805,1,0.5980179890812914,test_holdout
2026-05-04,-0.0036633594671476,0.0039710837982578,0.0896605102211161,0.6541023685627047,1,-0.0036633594671476,0.006537490443834,0.8356102072625018,0.0404979815002742,71.94780987884447,1,0.6064688094549374,test_holdout
2026-05-05,0.0080221723931421,0.0169736823617023,0.0979187524650344,1.1822796454139648,1,0.0,0.0058843005482867,0.7535456931500069,-0.7798132257276208,72.09345447802717,1,0.6207079960876549,test_holdout
2026-05-06,0.0138994431932797,0.0312684448691644,0.08553127912309,2.265268438839145,1,0.0,0.0064969094735751,0.9978899435098916,0.4495511312915937,75.83105829452401,1,0.5268669988678055,test_holdout
2026-05-07,-0.0030661052287314,0.0179779033200679,0.0759953523260432,1.6241415331273763,1,-0.0030661052287314,0.0064033273553619,0.9570111185445042,0.3515161744816923,69.12919343326209,1,0.5814198018874123,test_holdout
2026-05-08,0.0082561032286283,0.0235481856657184,0.0855973861595973,2.127223588312182,1,0.0,0.006444885371651,0.964396186973229,-0.029104898747225,72.132731958763,1,0.5701229244770872,test_holdout
2026-05-11,0.002277595509883,0.0296513976128465,0.0775397172423844,2.0189907392202477,1,0.0,0.0064323014056866,0.98066570166518,-0.2476793083927441,80.51993067590996,0,0.5579258711535896,test_holdout
2026-05-12,-0.0015149465710807,0.0199096398026996,0.0629553897992682,1.4934320338558875,1,-0.0015149465710807,0.0060319880972543,0.950669219712555,0.6384846656720834,76.08821822402791,0,0.5418151125824829,test_holdout
2026-05-13,0.0055948413666042,0.01155580992873,0.0605337600365745,1.6318656719483102,1,0.0,0.0058986794866229,0.9402292020623572,-0.1484422828183834,81.90727478326431,0,0.5437991267037263,test_holdout
2026-05-14,0.007894275976344,0.0226769457885671,0.0662856654219992,2.0219761039187683,1,0.0,0.0057109218398877,0.8968505908106237,-0.0324058320817972,82.03256597417189,0,0.5381973084094518,test_holdout
2026-05-15,-0.0120293516179478,0.0021013530001896,0.0408792632438672,0.5408096366401248,1,-0.0120293516179478,0.0076626477848296,1.115882219427225,1.4587803627320413,69.60784313725496,1,0.5257923099048658,test_holdout
2026-05-18,-0.0007034917542648,-0.0008792100635736,0.0401470132649899,0.1888077172441586,1,-0.0127243808225403,0.0074494429270056,1.0828277324190272,-0.0689116693205305,73.14560439560438,1,0.5513700393170725,test_holdout
2026-05-19,-0.0066608001083056,-0.0060283399712806,0.0421116918531985,-0.612797221552474,1,-0.019300426373685,0.0077601268270577,1.1513296285848498,0.7547180529146733,67.56542426645522,1,0.5430114438130957,test_holdout
2026-05-20,0.0102490016763658,-0.0014279748353113,0.0422378762953277,0.3050084168249921,1,-0.0092492347995776,0.0071699528173969,1.062549905254908,-0.3235862589234891,67.79020318160346,1,0.5582904682591201,test_holdout
2026-05-21,0.0019831365935918,-0.0072844407019794,0.048373209118498,0.352650281714882,1,-0.0072844407019794,0.0070258081663871,1.0644400847159108,-0.5593305806569071,67.52421788153096,1,0.5893684073518438,test_holdout
2026-05-22,0.0039314950452391,0.0087530608655654,0.0444014903213154,0.6381324637743688,1,-0.0033815843992675,0.0066912414993208,1.030771507997882,-0.7295722637994195,71.84189723320162,1,0.5758574457063883,test_holdout
2026-05-26,0.0066385923501959,0.0161646246530833,0.049526685962778,1.152092674124488,1,0.0,0.0069147417742556,1.0532206174151488,-0.9296254568737432,71.4766175528508,1,0.5789978651831533,test_holdout
2026-05-27,-0.0001731970849597,0.0228013029315961,0.0544759656592055,0.9674828359584524,1,-0.0001731970849597,0.0068617282323804,1.0769472184279387,-0.7844005279084165,65.83507903256526,1,0.5997800544244638,test_holdout
2026-05-28,0.0055166164752284,0.0180101180438447,0.0604570111582674,1.3568874597379676,1,0.0,0.0068568026157056,1.0772497498304352,-0.8547419890600975,71.15808823529416,1,0.5836796378902883,test_holdout
2026-05-29,0.0024913861648554,0.0185264971994829,0.0526257200901678,1.4961178217941429,1,0.0,0.0065157720585719,1.0596899083632358,1.286254890296235,68.76990445859877,0,0.5168896338626434,test_holdout
2026-06-01,0.0027231387478847,0.0173005740035405,0.0525775341705405,1.508699713355084,1,0.0,0.0045931175917317,0.7470075049606675,-0.6025603964082237,69.00434610825765,0,0.6075889458718844,test_holdout
2026-06-02,0.0013578717008992,0.0119639217149176,0.0578822021977409,1.3627665281480932,1,0.0,0.0044730944454244,0.7479574785055898,-2.1318224671459918,71.16564417177925,0,0.6600620304838637,test_holdout
2026-06-03,-0.007017128111958,0.0050369106947738,0.0420990093538002,0.3767588623505996,1,-0.007017128111958,0.0045575067907071,0.7310828821050148,0.6673089963698827,61.53102648366525,0,0.5973535807630772,test_holdout
2026-06-04,0.0037786380992788,0.0032997614630267,0.0316967144979081,0.5440953634363108,1,-0.0032650052003107,0.003768794676079,0.6726349005186996,0.4781732312902203,59.15435139573078,0,0.5906321303891852,test_holdout
2026-06-05,-0.0258093489545497,-0.0250237944162436,0.0081604199130647,-1.9835848585204108,1,-0.0289900864963073,0.0096078191993671,1.161954140081828,3.64039746518152,48.633142085723925,1,0.5084694755441649,test_holdout
2026-06-08,0.0022642532709646,-0.0254699818071557,0.0021691385808411,-1.677763974494374,1,-0.0267914741235172,0.0095335423133314,1.1803513536525587,0.0225303223180112,50.47177619599408,1,0.5746521464572716,test_holdout
2026-06-09,-0.0029355266361842,-0.0296483536737892,-0.0030434194508318,-1.7895213729879629,1,-0.0296483536737892,0.0091749566729651,1.1343420381099898,2.4292622812094207,52.87894554283725,1,0.49362553852331775,test_holdout
2026-06-10,-0.0157655518621532,-0.0381973907509546,-0.0172722100300739,-3.014397501527472,1,-0.0449464828784708,0.0101451131234242,1.1511723907624236,0.5820930762405945,37.1923575129534,1,0.611976232883636,test_holdout
2026-06-11,0.0169968156817337,-0.0255319710998692,-0.0061295146232704,-1.1433847027909818,1,-0.0287136142817647,0.0117769398810207,1.2286187336853966,1.935492607882219,46.58496282015973,1,0.47974722207246495,test_holdout
2026-06-12,0.0054082628497071,0.0056945291844621,-0.0085809374874693,-0.4121801240568106,1,-0.0234606422054584,0.0119407948546931,1.2582768230891517,0.1699292460206077,47.360564527072896,1,0.5496537104497268,test_holdout
2026-06-15,0.017633973710819,0.0211168528990015,0.0211859247534398,1.3944541533402672,1,-0.0062403728425293,0.0134214107721445,1.3578361199453777,0.3551656920998732,52.591053532143725,0,0.5172824682547351,test_holdout
2026-06-16,-0.0059616072493143,0.0180177735567466,0.015812631151425,0.9152348609663512,1,-0.0121647774398673,0.0135136303474823,1.3508252307791122,0.7029082837344292,49.92458521870287,0,0.5533777167889411,test_holdout
2026-06-17,-0.0124878386843122,0.0214079925009995,0.0098537609202296,-0.1666673403422496,1,-0.0245007043458799,0.0138836270006042,1.3461272623673246,1.5956060672179466,42.53992561802673,0,0.543917891925572,test_holdout
2026-06-18,0.0078006909954653,0.012171980047712,0.0074064080944351,0.7526019952453006,1,-0.0168911357741881,0.0141158998479824,1.3830387925448084,1.1858008441803751,44.8908938313051,0,0.5162691066235127,test_holdout
2026-06-22,-0.0031470123470016,0.0035591506572294,0.0022484920292975,0.3429283166587266,1,-0.0199849915083535,0.0112744526435536,1.102151806667368,-0.6435597216093765,42.60014642819793,0,0.6280745701617947,test_holdout
2026-06-23,-0.0145219575760017,-0.0281520342328736,-0.0161740249986588,-1.0390107948122305,1,-0.0342167278855142,0.012267957012509,1.147253191566045,0.3761290311501153,37.66960812221277,1,0.6184631358090745,test_holdout
2026-06-24,-0.0004634804656615,-0.0227766449428918,-0.0231151494157929,-1.034011291657058,1,-0.034664349566202,0.0122427401300817,1.1602650285866376,-0.1855706367525859,39.54183266932274,1,0.5997350033451299,test_holdout
2026-06-25,0.0014456385358134,-0.0089883394515224,-0.0215334594781868,-1.009452835581063,1,-0.0332688231499401,0.0109969364644082,1.0408359566050134,-0.415589244055077,38.44437683804888,1,0.6124042209402365,test_holdout
2026-06-26,-0.0072313768214625,-0.0237699868762889,-0.0339385104691227,-1.608965179353532,1,-0.0402596205747989,0.0097448022546091,0.9250857820335912,0.4868125244297738,44.92770798767484,1,0.584968218551519,test_holdout
2026-06-29,0.0164748487633574,-0.0045540644017249,-0.0204631979695432,0.0221371531621016,1,-0.0244480429716814,0.0111059682319537,0.98600348401428,-0.2939795287086681,50.93961148648647,1,0.5542585949301225,test_holdout
2026-06-30,0.0077867746288797,0.0179803157119877,-0.0155166504073614,0.9107738875451008,1,-0.0168516397435392,0.009713453606114,0.8515295335973271,-0.4881865537728697,54.943043124491474,0,0.5756341221016369,test_holdout
2026-07-01,-0.00135249139628,0.0170749004418744,-0.0181813394420528,0.8365638010040946,1,-0.0149651956834723,0.0095616385663985,0.8389476705778188,-1.1503585204277424,61.58932846881773,1,0.5983058155440522,test_holdout
2026-07-02,-0.0013140956876207,0.0142720958736211,-0.0125424268137462,0.6520666797305303,1,-0.0162596256719809,0.0086207079666497,0.7624980303831089,-0.4837798371146266,54.59664745940282,1,0.6034155405429424,test_holdout
2026-07-06,0.0087274094363436,0.030576551118671,-0.0076741206461583,1.468242552427102,1,-0.0047030457189036,0.008711838944541,0.7602501929253597,-0.9511575030572912,56.04158742234056,0,0.5984681574945367,test_holdout
2026-07-07,-0.0047518901075497,0.0090553306342779,0.0137753372652702,0.9408146707148566,1,-0.0094325874700263,0.0088036612316128,0.8939216841378058,-1.3441428591313755,44.86735870818914,1,0.6719195130805736,test_holdout
2026-07-08,-0.0030894330689706,-0.0018345675375283,0.0083601634154919,0.4686470159302213,1,-0.0124928791913412,0.007243029895481,0.7333090422530517,-1.2899715504111349,46.3302069376209,1,0.6748208793470514,test_holdout
2026-07-09,0.0084652535551381,0.0079784381034113,0.0198901024353843,1.0675343184048909,1,-0.0041333810261913,0.0075028938322669,0.7503657182720139,-1.3562665214726013,58.38402745281548,0,0.631628813892103,test_holdout
2026-07-10,0.0043101728060024,0.0136550390719407,0.0406931061577273,1.222120174033147,1,0.0,0.0075121620207807,0.8165737743594272,-1.1837257770663638,56.6672080558714,0,0.6438146691507198,test_holdout
2026-07-13,-0.0076561361679582,-0.002808540091577,0.0154657341140749,0.1761041274154155,1,-0.0076561361679582,0.0075761289076958,0.8679096989766623,-0.9909538749225894,53.67692307692306,0,0.6504972339976609,test_holdout
2026-07-14,0.0035505959928989,0.005510157681454,0.0135894843276036,0.3864148605488479,1,-0.0041327240214583,0.0058916604376709,0.6781862963081813,-1.5011997807796882,66.05101143359714,0,0.627664816294789,test_holdout
2026-07-15,0.0039636619980578,0.012624094445935,-2.649603221926977e-05,0.676234427935009,1,-0.0001854427445527,0.0055501934424452,0.7137815210863973,-0.7870512682326457,68.12909732728184,0,0.5854639114666091,test_holdout
2026-07-16,-0.0054185821597486,-0.0013169972462785,0.0005197713006277,0.0645130332321994,1,-0.0056030200675541,0.0058873330181327,0.7591987820092264,-0.5330638303014631,63.13179782469616,0,0.606822754870175,test_holdout
2026-07-17,-0.0098971653878944,-0.0154447314391682,0.0031445692075144,-0.9061615519266616,1,-0.0154447314391682,0.0067696784889433,0.8962721122517556,0.8917900801768539,61.06126237623757,0,0.5628708409968421,test_holdout
2026-07-20,-0.0016144438913477,-0.0094504585074147,-0.0062270669844926,-0.944781410845079,1,-0.0170342406781905,0.0060044914163473,0.8176095030774447,-0.0548738168407821,51.012446591120224,0,0.6048572741926544,test_holdout
2026-07-21,0.0083413063105552,-0.0047218121117806,0.0052257553164336,-0.1261303346791751,1,-0.0088350221868999,0.0065500124034601,0.8670089655538881,-1.6060276691652065,51.39170506912442,0,0.6426327011478427,test_holdout
2026-07-22,-0.0011626663815683,-0.009803791682675,0.0188527495297035,-0.2690058791661987,1,-0.0099874163851911,0.0064738088972781,0.9632260346888905,-1.59554993822285,51.5246719645167,0,0.6606096005687118,test_holdout
2026-07-23,-0.0123493129607578,-0.0167039641943734,0.0067372211008673,-1.3224645188370692,1,-0.0222133916153388,0.006885651038099,0.936926339815364,0.7059374355328054,44.7081462475946,0,0.614011164212,test_holdout
2026-07-24,0.0010160123547102,-0.0058658128052307,0.0063053247991284,-1.010220088925096,1,-0.0212199483409498,0.0066354661702865,0.9032167213924696,-0.3351129243036552,39.092033209680245,0,0.6382423560044839,test_holdout
2026-07-27,0.0002165293058884,-0.0040426363379104,0.0138547853880026,-0.8549049382732522,1,-0.0210080137757467,0.006367621819844,0.89332369168768,-0.6233097578930372,41.89849624060153,0,0.6467950714497401,test_holdout
2026-07-28,0.0023948368940183,-0.0099160741968246,-0.0001889338731443,-0.471004855138463,0,-0.0186634876481887,0.0062789559138736,1.0272804109859013,0.1663763984426436,45.689327763008016,0,0.6030688932610925,test_holdout
