date,open,high,low,close,volume,1d_return,5d_return,20d_return,10ma,percent_ma_gap,50ma,sma_crossover,20d_drawdown,10d_volatility,20d_volatility,volatility_ratio,volume_zscore,rsi_14,future_5d_return,target
2021-07-28,439.68,440.3,437.31,438.83,52472360,,,,,,,0,,,,,,,0.0003418180160883466,1
2021-07-29,439.82,441.8,439.81,440.65,47435340,0.004147391928537303,,,,,,0,,,,,,,0.002519006013843139,1
2021-07-30,437.91,440.06,437.77,438.51,68951200,-0.004856462044706689,,,,,,0,,,,,,,0.00907618982463343,1
2021-08-02,440.34,440.93,437.21,437.59,58783300,-0.002098013728307313,,,,,,0,,,,,,,0.010375008569665667,1
2021-08-03,438.44,441.28,436.1,441.15,58053900,0.00813546927489206,,,,,,0,,,,,,,0.003468208092485714,1
2021-08-04,439.78,441.12,438.73,438.98,46732210,-0.0049189618043747885,0.0003418180160883466,,,,,0,,,,,,,0.010934438926602397,1
2021-08-05,440.22,441.85,439.88,441.76,38969660,0.006332862544990547,0.002519006013843139,,,,,0,,,,,,,0.0075833031510323945,1
2021-08-06,442.1,442.94,441.8,442.49,46930010,0.001652480985150362,0.00907618982463343,,,,,0,,,,,,,0.0077515876064995215,1
2021-08-09,442.46,442.8,441.31,442.13,41222590,-0.0008135777079708584,0.010375008569665667,,,,,0,,,,,,,0.010947006536539128,1
2021-08-10,442.61,443.44,441.88,442.68,43339280,0.0012439780155157898,0.003468208092485714,,440.477,0.5001396213650273,,0,,,,,,,0.003072196620583778,1
2021-08-11,443.82,443.88,442.62,443.78,44034340,0.002484864913707252,0.010934438926602397,,440.97200000000004,0.6367751240441424,,0,,0.004396942022864486,,,,,-0.010365496417143572,0
2021-08-12,443.62,445.26,442.66,445.11,38942420,0.002996980485826306,0.0075833031510323945,,441.418,0.8363954347126776,,0,,0.004323692070435821,,,,,-0.011794837231246191,0
2021-08-13,445.59,445.94,445.07,445.92,39470250,0.0018197748871064956,0.0077515876064995215,,442.159,0.8505989926700631,,0,,0.003799888212845784,,,,,-0.005740940078937884,0
2021-08-16,444.53,447.11,442.87,446.97,73930860,0.002354682454251966,0.010947006536539128,,443.09700000000004,0.8740749768109444,,0,,0.0035608922007367497,,,,,0.0006488131194486435,1
2021-08-17,444.24,444.96,440.85,444.04,92673930,-0.006555249793050999,0.003072196620583778,,443.38599999999997,0.14750127428472107,,0,,0.0038278530335811222,,,,61.707865168539406,0.008850554004143696,1
2021-08-18,442.96,444.63,438.92,439.18,89351930,-0.01094495991352129,-0.010365496417143572,,443.40599999999995,-0.9530768640929403,,0,,0.00507486764796207,,,,47.093712930011925,0.02215492508766337,1
2021-08-19,436.27,441.14,436.12,439.86,92812250,0.0015483400883464782,-0.011794837231246191,,443.216,-0.7571928811234239,,0,,0.004622875146386976,,,,52.832563994964374,0.014550084117673778,1
2021-08-20,440.23,443.71,439.71,443.36,72008710,0.007957077251852906,-0.005740940078937884,,443.303,0.012858022616588739,,0,,0.00531517972426084,,,,60.923892464975445,0.015540418621436292,1
2021-08-23,445.16,448.23,443.44,447.26,54973040,0.008796463370624341,0.0006488131194486435,,443.816,0.7759972601258217,,0,,0.005941568444105051,,,,61.420560747663586,0.011112104815990786,1
2021-08-24,447.97,448.54,447.42,447.97,38744710,0.0015874435451415092,0.008850554004143696,,444.34499999999997,0.8158075369364024,,0,0.0,0.00594303491138024,,,-0.9881161014017289,67.77382364570973,0.008013929504207873,1
2021-08-25,448.17,449.46,447.77,448.91,40529710,0.002098354800544655,0.02215492508766337,0.022970170681129387,444.858,0.9108524517936107,,0,0.0,0.0059350345029773885,0.005083646065245144,1.167475946752636,-0.8434188511776843,65.2452025586354,0.006437816043304956,1
2021-08-26,448.61,448.86,446.16,446.26,57829570,-0.005903187721369663,0.014550084117673778,0.012731192556450832,444.97300000000007,0.2892310319951819,,0,-0.005903187721369663,0.006286841565180678,0.005265112897092869,1.1940563646131797,0.04896963097371945,57.43003547497037,0.015529063774481155,1
2021-08-27,447.12,450.65,447.06,450.25,77235110,0.008940976112580046,0.015540418621436292,0.026772479532964022,445.40600000000006,1.087547091866732,,0,0.0,0.006858478995950807,0.005408181913811047,1.2681672150184315,1.0443346035262107,63.99999999999995,0.006285397001665638,1
2021-08-30,450.97,453.07,450.71,452.23,48357360,0.004397556912826284,0.011112104815990786,0.03345597477090445,445.93199999999996,1.412322955069396,,0,0.0,0.006933722388775305,0.0053861126915219935,1.2873333303421828,-0.44096184765814095,65.69175156095955,-0.0017026734183933634,0
2021-08-31,452.13,452.49,450.92,451.56,59300210,-0.0014815470004201359,0.008013929504207873,0.023597415844950786,446.684,1.091599430469857,,0,-0.0014815470004201359,0.006474217477748189,0.005203835564242131,1.2441241460885923,0.12681339807747324,62.96666666666664,-0.0014394543360792822,0
2021-09-01,452.56,453.11,451.55,451.8,48721380,0.0005314908317832767,0.006437816043304956,0.029204063966467686,447.946,0.8603715626437081,,0,-0.0009508435972845897,0.004778969336859942,0.005006622574936139,0.9545295786393283,-0.4313974407253519,61.57039086821164,-0.006241699867197914,0
2021-09-02,453.32,454.05,451.91,453.19,42830870,0.003076582558654284,0.015529063774481155,0.025873777616805427,449.279,0.8705058549364653,,0,0.0,0.004757201116444857,0.004891168026211341,0.972610446206598,-0.7564376135659786,62.326212275347494,-0.017100995167589783,0
2021-09-03,451.98,453.63,451.55,453.08,47234360,-0.00024272380237877478,0.006285397001665638,0.02393274424280767,450.25100000000003,0.6283162058496151,,0,-0.00024272380237877478,0.004508012824631536,0.004902110466822423,0.9196065358261208,-0.5250473989449551,60.700525394045414,-0.014346252317471553,0
2021-09-07,452.71,452.81,450.74,451.46,51671530,-0.0035755275006621456,-0.0017026734183933634,0.021102390699567986,450.671,0.17507228110972023,,0,-0.0038173834374104487,0.004175923025564437,0.004999596502350896,0.8352520095573405,-0.3238282669932282,63.619676945668004,-0.01614760997652054,0
2021-09-08,450.89,451.67,448.86,450.91,56181910,-0.0012182696141407323,-0.0014394543360792822,0.01859130749073823,450.965,-0.012196068431020142,,0,-0.0050310024493037675,0.004221811724001535,0.005024990031998927,0.8401632037311942,-0.11794129289212636,75.57784561709548,-0.006719744516644144,0
2021-09-09,450.7,452.57,448.72,448.98,57970410,-0.0042802333059812625,-0.006241699867197914,0.011717517688945023,450.97200000000004,-0.4417125675208258,,0,-0.00928970189103906,0.004456105570277093,0.005141407407242859,0.8667092913118769,-0.05933300424587112,68.85856079404462,-0.004031359971490955,0
2021-09-10,451.04,451.49,445.31,445.44,89948170,-0.007884538286783371,-0.017100995167589783,0.0007413897688210991,450.89000000000004,-1.208720530506342,,0,-0.017100995167589783,0.004781152442719644,0.005440899686675648,0.8787429870152405,1.524043017984592,54.293971924029684,-0.009069683908046078,0
2021-09-13,448.64,448.92,444.11,446.58,83738650,0.002559267241379226,-0.014346252317471553,0.001480086114101109,450.523,-0.8752050394763509,,0,-0.014585493942937844,0.0037424726741636166,0.005456043056277489,0.6859316606487715,1.079344410258423,48.41565703634669,-0.028080075238478996,0
2021-09-14,448.12,448.34,443.22,444.17,78197140,-0.005396569483631097,-0.01614760997652054,-0.006264402532608515,449.717,-1.2334423648650081,,0,-0.01990335179505276,0.003501511573855658,0.005560858592488566,0.6296710329202383,0.7617126553251419,41.79620034542313,-0.02372965306076502,0
2021-09-15,444.62,448.41,443.44,447.88,78792220,0.008352657766170557,-0.006719744516644144,0.008647869561300814,449.349,-0.3269173849279723,,0,-0.01171693991482603,0.0047548360321673115,0.005676135861334626,0.8376889046220451,0.8725240595682402,48.01388353258768,-0.022372063945699683,0
2021-09-16,447.32,448.36,444.02,447.17,77786740,-0.0015852460480485497,-0.004031359971490955,0.018192996038070897,448.88599999999997,-0.3822796879385749,,0,-0.013283611730179334,0.004735667428090573,0.0050374643190130896,0.9400895228610487,0.8843201921961149,51.896623593163866,-0.008922781045240136,0
2021-09-17,444.92,445.37,441.02,441.4,118425000,-0.01290337008296627,-0.009069683908046078,0.003501113990815208,447.707,-1.408733837085419,,0,-0.026015578454952726,0.005780741762868372,0.005903688686034544,0.9791745585337165,2.7090497806429057,32.82887077997667,0.00568645219755326,1
2021-09-20,434.88,436.56,428.86,434.04,166445500,-0.016674218396012574,-0.028080075238478996,-0.021021291952363796,445.803,-2.638609430622938,,0,-0.04225600741410884,0.007193412226704093,0.006712212984065958,1.07169010336538,3.2062070651881442,20.802568218298475,0.01981384204220804,1
2021-09-21,436.53,437.91,433.07,433.63,92526110,-0.0009446133996867667,-0.02372965306076502,-0.030474444394759215,444.02,-2.33998468537453,,0,-0.04316070522297488,0.007268966854433214,0.006301739107679977,1.1534858441814053,0.7126417734460568,20.97766267400445,0.00020755021562157694,1
2021-09-22,436.05,440.03,433.75,437.86,102350100,0.009754860134215892,-0.022372063945699683,-0.022568475567560364,442.71500000000003,-1.096642309386404,,0,-0.03382687173150334,0.008464983661315302,0.006762031547055176,1.2518403089973384,0.9343389083826384,30.017201834862348,-0.007787877403736432,0
2021-09-23,439.85,444.89,439.6,443.18,76395980,0.012150002283835004,-0.008922781045240136,-0.01276425118620661,442.13500000000005,0.23635315005596907,,0,-0.022087866016461066,0.009675354606597244,0.007360770485122732,1.3144486200395256,0.027057244928612657,37.10383921669672,-0.03168012996976399,0
2021-09-24,441.44,444.67,441.21,443.91,62094840,0.0016471862448665942,0.00568645219755326,-0.005265988437233804,441.98199999999997,0.436216859510128,,0,-0.020477062600675167,0.009415946335595978,0.007268389283625339,1.2954653318870502,-0.466310694076117,38.37179812325644,-0.02178369489310905,0
2021-09-27,442.81,444.05,441.9,442.64,61371110,-0.0028609402806876183,0.01981384204220804,-0.016901721265963343,441.588,0.23823111135265543,,0,-0.023279419228138365,0.009388776635979241,0.006956265311960275,1.3496863927597214,-0.46123657945582774,38.715455475946776,-0.03162841135008132,0
2021-09-28,439.69,440.04,432.94,433.72,130436300,-0.02015181637448027,0.00020755021562157694,-0.04093049996683107,440.543,-1.5487704945941665,,0,-0.04296211302102859,0.011173264375161042,0.008063328616804505,1.3856888273008279,1.637699915094745,31.88619599578503,-0.001429493682560179,0
2021-09-29,435.19,437.04,433.85,434.45,82329210,0.0016831135294659294,-0.007787877403736432,-0.03789086721587387,439.2,-1.081511839708561,,0,-0.0413513096052428,0.0106522134901391,0.008106140342319315,1.3140919155479742,0.06637445034824033,34.29189189189184,0.001035792381171463,1
2021-09-30,436.02,436.77,428.78,429.14,140506000,-0.012222350097824797,-0.03168012996976399,-0.050154935812306345,437.39700000000005,-1.8877587180524926,,0,-0.05306824952006883,0.011021226225859033,0.008401233505324804,1.3118581002270258,1.6958242201802303,33.027905039566804,0.02218390268909931,1
2021-10-01,430.98,436.03,427.23,434.24,129240100,0.011884233583445925,-0.02178369489310905,-0.041814691409784,436.6809999999999,-0.5589892850845165,,0,-0.04158206056325586,0.011582514348215112,0.008925404948500257,1.2977018314627091,1.2259310339885732,38.130050019238176,0.00833640383198242,1
2021-10-04,433.0,433.96,426.36,428.64,128570000,-0.012896094325718588,-0.03162841135008132,-0.053941908713692976,436.14099999999996,-1.7198566518625804,,0,-0.050547113808532274,0.011086194749363726,0.009230413200746456,1.2010507556115901,1.095616547796892,35.92532173282579,0.014114408361328934,1
2021-10-05,430.24,435.49,429.39,433.1,90682520,0.010405001866368169,-0.001429493682560179,-0.04066805475568147,436.088,-0.6851828071398433,,0,-0.03949790423809629,0.01167982100951938,0.009681230219071458,1.2064397545790013,-0.1469585066722662,36.78469241773968,0.001200646501962499,1
2021-10-06,429.27,435.12,427.54,434.9,113032200,0.004156084045255026,0.001035792381171463,-0.035505976802466255,435.79200000000003,-0.20468480375960382,442.8588,0,-0.03135997149093506,0.01128453025162796,0.009779013486466086,1.1539538489486156,0.5074040686951853,39.23873004736008,0.0006438261669350354,1
2021-10-07,438.39,441.68,438.2,438.66,72437500,0.008645665670269143,0.02218390268909931,-0.022985433649605702,435.34,0.7626223181880945,442.8553999999999,0,-0.020585871215504037,0.01089145057661698,0.010027685758407614,1.086138002228994,-0.918154532012093,47.50909090909096,0.008753932430584088,1
2021-10-08,439.48,439.89,437.19,437.86,74557400,-0.0018237359230384165,0.00833640383198242,-0.017016882183907955,434.735,0.7188287117439359,442.7996,0,-0.022372063945699683,0.0108539846674597,0.00990311764501472,1.0960169369414339,-0.8047027308105142,53.943022295623436,0.01829351847622518,1
2021-10-11,437.16,440.26,434.62,434.69,65233290,-0.007239756999954383,0.014114408361328934,-0.026624568946213456,433.94000000000005,0.17283495414111238,442.7232,0,-0.029449852639099716,0.01101034489299952,0.009969773660238313,1.1043726034535004,-1.0652361379447355,51.03515625,0.02875612505463665,1
2021-10-12,435.67,436.1,432.78,433.62,71181160,-0.002461524304676832,0.001200646501962499,-0.023752166963099786,433.93,-0.07144009402438234,442.6438,0,-0.03183888541573632,0.008955725000350903,0.009927828312753718,0.9020829851424798,-0.8467521930382632,45.58701082431307,0.03925095705917614,1
2021-10-13,434.71,436.05,431.54,435.18,72973980,0.00359762003597619,0.0006438261669350354,-0.028355809591854908,434.003,0.2711962820533547,442.5244,0,-0.02681306885524526,0.009015656361741202,0.00974339788769116,0.9253092674302756,-0.7723034088166335,40.96657633243001,0.039592812169676916,1
2021-10-14,439.08,442.66,438.58,442.5,70236830,0.016820625947883583,0.008753932430584088,-0.010443455509090538,435.33900000000006,1.6449249894909355,442.5948,0,-0.003176319524227922,0.009242758698784282,0.010559270441929763,0.8753217137125545,-0.84197564308567,48.61411440927853,0.02506214689265529,1
2021-10-15,444.75,446.26,444.09,445.87,66260210,0.007615819209039643,0.01829351847622518,0.010126869053013188,436.50200000000007,2.1461528240420287,442.67699999999996,0,0.0,0.008884070943851545,0.010280987556434966,0.8641262228054076,-0.8804455048076284,53.04889560128376,0.016260344943593408,1
2021-10-18,443.97,447.55,443.27,447.19,62213230,0.0029605041828335565,0.02875612505463665,0.030296746843608835,438.35699999999997,2.0150242838599652,442.77099999999996,0,0.0,0.0070126770430286095,0.009453400663518494,0.7418152781877899,-0.9866079966837055,64.84461097641608,0.018694514635837045,1
2021-10-19,448.92,450.71,448.27,450.64,46996830,0.007714841566224706,0.03925095705917614,0.039226990752484925,440.11100000000005,2.392351020537987,442.94120000000004,0,0.0,0.0067994361997268165,0.00953178706887674,0.7133432745186247,-1.396257750047614,66.83302141817421,0.011805432274099026,1
2021-10-20,451.13,452.73,451.01,452.41,49571570,0.003927747203976706,0.039592812169676916,0.033229799479285616,441.86199999999997,2.387170655091422,443.1358,0,0.0,0.006799232026734482,0.00936893875789001,0.725720618144562,-1.1736194592723648,76.11672278338942,0.003381888110342235,1
2021-10-21,451.77,453.83,451.31,453.59,41305440,0.002608253575296704,0.02506214689265529,0.023489327135701066,443.355,2.308533793461212,443.33200000000005,1,0.0,0.006603730218632418,0.00904493498929981,0.7301025630858214,-1.3316741226630437,73.81245385183354,0.010427919486761139,1
2021-10-22,453.13,454.67,451.05,453.12,58845090,-0.0010361780462531112,0.016260344943593408,0.020747448807190594,444.88100000000003,1.8519559163012078,443.4922,1,-0.0010361780462531112,0.006539262192765545,0.009057853343044011,0.7219439248028209,-0.7431688606601746,84.47887323943664,0.013528425141242861,1
2021-10-25,454.28,455.9,452.39,455.55,45214510,0.005362817796610075,0.018694514635837045,0.02916591360925369,446.967,1.9202759935297298,443.68480000000005,1,0.0,0.005357683830182891,0.009056849282020949,0.5915615534000999,-1.1369712477568452,83.53749626531223,0.009856217758753116,1
2021-10-26,457.2,458.49,455.56,455.96,56075120,0.0009000109757435482,0.011805432274099026,0.05127732177441646,449.201,1.5046716280684944,443.8646,1,0.0,0.0049474030258023815,0.007500348126722894,0.6596231191156772,-0.7115055201277383,82.82418952618457,0.013027458548995563,1
2021-10-27,456.45,457.16,453.86,453.94,72438000,-0.004430213176594422,0.003381888110342235,0.044861318908965275,451.07699999999994,0.6347031659783268,444.06260000000003,1,-0.004430213176594422,0.005788559007019514,0.0076595643043074115,0.7557295398335223,-0.13486965714846003,75.18127883981545,0.023747631845618455,1
2021-10-28,455.46,458.4,455.45,458.32,51437940,0.00964885227122525,0.010427919486761139,0.06799645803234378,452.659,1.250610282795659,444.4454,1,0.0,0.004313676940158491,0.007023280862300362,0.6141968440011405,-0.8041413706913418,80.15919811320761,0.01874236341420854,1
2021-10-29,455.87,459.56,455.56,459.25,70162420,0.0020291499389073486,0.013528425141242861,0.05759487840825339,453.997,1.1570561038949565,444.8332,1,0.0,0.004080809387345364,0.006730246797520275,0.6063387436028226,0.05511033275742629,88.7626262626264,0.02020685900925412,1
2021-11-01,460.3,460.7,458.2,460.04,48433640,0.0017201959716930393,0.009856217758753116,0.07325494587532666,455.282,1.0450665741232992,445.1668,1,0.0,0.004099886243931822,0.005638244307945423,0.7271565437762701,-0.9783085808900327,92.07006369426765,0.019324406573341335,1
2021-11-02,460.22,462.23,460.08,461.9,48908420,0.0040431266846361336,0.013027458548995563,0.0664973447240822,456.408,1.20330931973146,445.45959999999997,1,0.0,0.003766080867888061,0.005406195788940053,0.6966230996651427,-0.8667429743443704,92.14511041009476,0.011864039835462359,1
2021-11-03,461.3,465.15,460.83,464.72,52509830,0.006105217579562838,0.023747631845618455,0.06856748677856994,457.63899999999995,1.5472894574107703,445.7946,1,0.0,0.003919095767494906,0.005441072967504267,0.7202799504621481,-0.6610105383610838,90.84558823529427,-0.0023670166982269203,0
2021-11-04,465.36,467.0,464.99,466.91,52847090,0.004712515062833544,0.01874236341420854,0.06440067478229161,458.971,1.729738915966373,446.1546,1,0.0,0.003970073271193701,0.005308506954081771,0.7478700330497009,-0.5579550621031293,90.43043812451975,-0.006725064787646562,0
2021-11-05,469.28,470.65,466.92,468.53,66390560,0.0034696194127346036,0.02020685900925412,0.07004521993331192,460.512,1.7411055520811558,446.6,1,0.0,0.00372087316064753,0.005178429106318185,0.7185331853066607,0.7687489836608384,90.53951367781168,-0.0026892621603739064,0
2021-11-08,469.7,470.23,468.2,468.93,50405190,0.0008537340191663301,0.019324406573341335,0.07876877774966062,461.85,1.5329652484572878,446.97360000000003,1,0.0,0.0037238879478203504,0.0045851832338389365,0.8121568447554781,-0.7078425398638444,89.29952728835427,-0.0031987716716780357,0
2021-11-09,469.32,469.57,465.88,467.38,51149150,-0.003305397394067322,0.011864039835462359,0.0778561874452286,462.992,0.9477485572104868,447.27660000000003,1,-0.003305397394067322,0.004184474473988023,0.004649348073909369,0.9000131647423719,-0.5612391121196636,82.47288503253804,0.004065214600539102,1
2021-11-10,465.58,467.38,462.04,463.62,69429650,-0.008044845735803774,-0.0023670166982269203,0.06535226802702332,463.96000000000004,-0.07328217949823947,447.51779999999997,1,-0.011323651717740413,0.004936677330644588,0.005347903492291115,0.92310516406302,1.336115433614022,69.56691377292246,0.009749363703032587,1
2021-11-11,465.21,465.29,463.75,463.77,34848500,0.000323540830852842,-0.006725064787646562,0.048067796610169466,464.505,-0.15823295766461365,447.7572,1,-0.011003774550572665,0.004179906275551641,0.004304296435067792,0.9711009310365513,-1.947640997843055,71.03911497431845,0.01285119779200894,1
2021-11-12,465.12,467.86,464.11,467.27,53466650,0.007546844340944769,-0.0026892621603739064,0.04799605266108942,465.30699999999996,0.4218720113817378,448.0388,1,-0.003539973983323841,0.004641572819921753,0.004299888164424307,1.0794636145015164,-0.06747651564956322,72.21379833206974,0.003466946305134,1
2021-11-15,468.64,468.81,466.23,467.43,46980500,0.0003424144498898052,-0.0031987716716780357,0.045260403855184705,466.046,0.29696639387528584,448.3258,1,-0.0031987716716780357,0.004662707538211375,0.004320304437545108,1.0792543918180053,-0.6521989387213458,71.94795254496752,0.00029951008707174154,1
2021-11-16,467.15,470.49,467.07,469.28,48857500,0.00395781186487798,0.004065214600539102,0.041363394283685295,466.78399999999993,0.5347226982930088,448.6822,1,0.0,0.004657825592307703,0.004147232294931198,1.1231166380529392,-0.47278129746674086,79.54545454545452,-0.002322707125809731,0
2021-11-17,469.0,469.19,467.48,468.14,47858290,-0.002429253324241376,0.009749363703032587,0.03476934638933704,467.12600000000003,0.2170720533646068,449.0268,1,-0.002429253324241376,0.004519666132933751,0.004237303383298792,1.066637369122042,-0.5640292204234115,71.61091549295776,0.0027769470671166196,1
2021-11-18,469.24,470.01,466.34,469.73,50625610,0.003396419874396539,0.01285119779200894,0.03558279503516393,467.408,0.49678225447574764,449.4418,1,0.0,0.004409031389305132,0.004249656983127295,1.037502887129623,-0.3425660145958933,72.4123182207015,-0.02290677623315518,0
2021-11-19,469.61,470.94,468.5,468.89,57315570,-0.0017882613416217996,0.003466946305134,0.034803142655367214,467.44399999999996,0.3093418676889695,449.9108,1,-0.0017882613416217996,0.004343285665107822,0.004278913057873721,1.015044149381733,0.3790942934513469,68.88604353393079,-0.009149267418797513,0
2021-11-22,470.89,473.54,467.35,467.57,72761950,-0.0028151592057839014,0.00029951008707174154,0.026385687630336996,467.308,0.05606580670564177,450.33060000000006,1,-0.004598386307027469,0.0044253471162891975,0.004303230848048002,1.0283778101973284,1.7553092490560362,62.38532110091744,-0.025685993541074037,0
2021-11-23,467.22,469.1,464.45,468.19,73206540,0.0013260046624035127,-0.002322707125809731,0.026822528291955416,467.389,0.17137758911741346,450.811,1,-0.0032784791263066326,0.004314693519916365,0.004302139389317956,1.002918113399482,1.5900529313421947,58.385693571773736,-0.03778380571990003,0
2021-11-24,466.06,469.57,465.19,469.44,61858810,0.002669856254939207,0.0027769470671166196,0.03414548178173327,467.971,0.31390834047408794,451.2421999999999,1,-0.0006173759393695022,0.003241857898390705,0.004089202904401933,0.7927847979617053,0.6250938756432547,56.405063291139165,-0.025647580095432887,0
2021-11-26,462.34,463.9,457.77,458.97,112669600,-0.02230316973415125,-0.02290677623315518,0.0014182230755803715,467.491,-1.8227088863742742,451.4782,1,-0.02290677623315518,0.008147393633432405,0.006402598661310754,1.2725135627608513,3.3202986599431106,33.28671328671339,-0.012092293613961691,0
2021-11-29,464.07,466.56,461.73,464.6,86268820,0.012266596945334163,-0.009149267418797513,0.011649428415895446,467.224,-0.5616149855315581,451.94219999999996,1,-0.010921167479190141,0.008808062788925786,0.006951449894406163,1.2670828277153576,1.558616079700163,43.600354714750246,-0.012505380972879898,0
2021-11-30,462.0,464.03,455.3,455.56,148559600,-0.019457597933706494,-0.025685993541074037,-0.009738283627510724,466.037,-2.248104764213995,452.37260000000003,1,-0.03016626572711989,0.010626082426159473,0.00826170352889568,1.2861853961467236,3.2180314178691156,35.69699903194579,0.02792167881288954,1
2021-12-01,461.64,464.67,450.29,450.5,132485800,-0.011107208710158911,-0.03778380571990003,-0.02468066681099801,464.159,-2.9427416036315126,452.71,1,-0.0409384114278416,0.010673827379977836,0.008518010354589172,1.2530892703396626,2.13407547402305,34.60816518066635,0.04221975582685911,1
2021-12-02,450.73,459.07,450.31,457.4,127637800,0.01531631520532728,-0.025647580095432887,-0.015751420210019074,463.08500000000004,-1.2276363950462785,453.1008,1,-0.026249121835948408,0.012317086886492357,0.009159441374145814,1.3447421500245167,1.7052271953329916,43.5487137938019,0.019567118495846136,1
2021-12-03,459.17,460.3,448.92,453.42,137331600,-0.008701355487538143,-0.012092293613961691,-0.028892077702340924,461.454,-1.7410186064049704,453.30559999999997,1,-0.03472207438315633,0.012295017791115307,0.009228980371174278,1.3322184354750026,1.7288178277987927,36.1083249749248,0.038198579683295764,1
2021-12-06,456.13,460.79,453.56,458.79,98977530,0.011843324070398342,-0.012505380972879898,-0.02078842336669995,460.4440000000001,-0.35921849345415574,453.6032,1,-0.0232899750920742,0.013221639474391474,0.009643319241848152,1.3710672790977243,0.5880450388134166,42.15401380312387,0.016957649469256042,1
2021-12-07,464.41,468.88,458.65,468.28,95484690,0.020684844918154255,0.02792167881288954,-0.0013861343910606116,460.51500000000004,1.68615571696903,454.116,1,-0.003086879696847178,0.015042686265879346,0.010795291275222104,1.3934488549101103,0.43108189578675676,49.20255183413077,-0.010506534551977365,0
2021-12-08,468.7,470.0,466.83,469.52,72238780,0.002647988383018829,0.04221975582685911,0.004578715392186128,460.64799999999997,1.9259825289592085,454.832,1,-0.0004470653354055054,0.01505895652643986,0.010781826032152799,1.39669815498155,-0.26753770037738883,51.098726114649686,0.002300221502811395,1
2021-12-09,468.15,469.63,466.14,466.35,61272570,-0.006751576077696275,0.019567118495846136,0.005888443121522036,460.33900000000006,1.3057768296842038,455.47,1,-0.007195623017478114,0.015194302418822954,0.010733014349892229,1.4156603097223588,-0.5711475802249876,47.374961168064615,0.00021443122118580682,1
2021-12-10,469.23,470.9,466.51,470.74,77159760,0.009413530610056897,0.038198579683295764,0.015029001444681667,461.51599999999996,1.9986306000225447,456.30199999999996,1,0.0,0.013348617642737383,0.010922691439933893,1.2220996735231562,-0.18221237894021047,51.3616958633888,-0.02309130305476481,0
2021-12-13,470.19,470.56,466.27,466.57,87724680,-0.008858393168203249,0.016957649469256042,-0.0014980632182677311,461.713,1.0519521867480386,456.9486,1,-0.008858393168203249,0.013323120191903437,0.011005267623130437,1.210613012617833,0.0890238764640263,49.29358575868889,-0.024840859892406253,0
2021-12-14,463.09,465.74,460.25,463.36,97264130,-0.006879996570718139,-0.010506534551977365,-0.008707186102731912,462.49300000000005,0.18746229672664488,457.64300000000003,1,-0.015677444024302156,0.01172752541002049,0.01111083116803242,1.0555038801923655,0.31930129989483397,46.70846394984326,-0.000647444751381232,0
2021-12-15,463.42,470.86,460.74,470.6,116899300,0.015625,0.002300221502811395,0.0028128196385954762,464.50300000000004,1.3125857098877682,458.393,1,-0.00029740408718181843,0.011513208752746149,0.011643977937292304,0.9887693720092564,0.8638417201677263,50.730846774193566,-0.006183595410114817,0
2021-12-16,472.57,472.87,464.8,466.45,116568600,-0.008818529536761655,0.00021443122118580682,-0.003610031187251672,465.408,0.22388957645764,459.024,1,-0.009113310957216347,0.011508161009277608,0.011806564940780036,0.9747255926682166,0.7713257226266322,55.12048192771082,0.008896987887233365,1
2021-12-17,461.55,464.74,458.06,459.87,135636500,-0.01410654946939649,-0.02309130305476481,-0.02099078193856052,466.053,-1.3266731466163704,459.4482,1,-0.02309130305476481,0.012175301408892718,0.012175547840551226,0.9999797601174308,1.3051340855177818,46.80362211109608,0.03781503468371494,1
2021-12-20,454.48,455.4,451.14,454.98,107134800,-0.010633439885184948,-0.024840859892406253,-0.02966580647913153,465.6719999999999,-2.296036695356366,459.79060000000004,1,-0.03347920295704632,0.012124156436735931,0.012365246717597944,0.980502590334983,0.2303229988550796,49.5847651775487,0.04811200492329326,1
2021-12-21,458.61,463.21,456.31,463.06,69806260,0.0177590223746098,-0.000647444751381232,-0.009645614560386706,465.15,-0.44931742448671935,460.35799999999995,1,-0.016314738496834735,0.011571651988856497,0.013079319888079147,0.8847288764152959,-1.1485566040889703,58.61926983255561,0.031140672914957035,1
2021-12-22,462.79,467.81,462.58,467.69,58890220,0.009998704271584558,-0.006183595410114817,-0.0010679425019757272,464.967,0.5856329588981612,461.0394,1,-0.0064791604707482575,0.012056694566380043,0.013281870112348928,0.9077557952603551,-1.474869933204311,57.288567785805384,0.018110286728388436,1
2021-12-23,468.75,472.19,468.64,470.6,56439750,0.006222070174688454,0.008896987887233365,0.002471029311520212,465.392,1.1190566232337529,461.7478,1,-0.00029740408718181843,0.011986160688795235,0.0133426359820406,0.8983352843417746,-1.5302328567845465,62.35615650172614,0.009264768380790489,1
2021-12-27,472.06,477.31,472.01,477.26,56808620,0.014152146196344972,0.03781503468371494,0.03985009913501969,466.04400000000004,2.4066397164216147,462.443,1,0.0,0.012441965077186794,0.012573429045203395,0.9895443027081977,-1.3525995368620858,63.04194322835758,0.0009428822863848385,1
2021-12-28,477.72,478.81,476.06,476.87,47274590,-0.0008171646482001416,0.04811200492329326,0.026409814894532868,467.07399999999996,2.0973122032054983,463.06300000000005,1,-0.0008171646482001416,0.011952208812988845,0.012351240976982848,0.9676929496608787,-1.5083993477861293,56.959974072273575,0.0014259651477341873,1
2021-12-29,476.98,478.56,475.92,477.48,54502960,0.0012791746178204555,0.031140672914957035,0.04811660374045146,468.486,1.9198012320538989,463.66880000000003,1,0.0,0.011530751424978235,0.011339165279425658,1.0168959655169858,-1.1844892326152554,56.516044531761665,-0.019058389880204474,0
2021-12-30,477.93,479.0,475.67,476.16,55329040,-0.002764513696908777,0.018110286728388436,0.05695893451720324,469.04200000000003,1.5175613271306183,464.1792,1,-0.002764513696908777,0.010744893567291223,0.010962809607143499,0.9801222453311349,-1.0556663265648867,58.28127638021274,-0.017263104838709742,0
2021-12-31,475.64,476.86,474.67,474.96,65237430,-0.002520161290322731,0.009264768380790489,0.0383909051158724,469.89300000000003,1.0783305986681968,464.63019999999995,1,-0.0052777079668259175,0.010264475363303905,0.010613568202115174,0.9671088146640733,-0.643103750514774,53.765167737330444,-0.018675256863735945,0
2022-01-03,476.3,477.85,473.85,477.71,72668230,0.005789961259895504,0.0009428822863848385,0.05357064090688546,471.677,1.2790532504234802,465.11259999999993,1,0.0,0.008623508436188192,0.010340085785092344,0.8339880940466663,-0.2964880426898136,60.19772976931526,-0.025538506625358504,0
2022-01-04,479.22,479.98,475.58,477.55,71178680,-0.0003349312344308464,0.0014259651477341873,0.04089016761481279,473.934,0.7629754353981747,465.6012,1,-0.0003349312344308464,0.007199476935592333,0.010127426236682675,0.7108891012718532,-0.3043567143453181,63.75799883653287,-0.016333368233692802,0
2022-01-05,477.16,477.98,468.28,468.38,104538900,-0.019202177782431162,-0.019058389880204474,0.00021354745024360078,474.466,-1.2827051885698897,465.8578,1,-0.01953067760775362,0.009090272012696845,0.01019268863781577,0.8918424113311121,0.9980469387637673,47.92523364485979,0.005636449037106583,1
2022-01-06,467.89,470.82,465.43,467.94,86858900,-0.0009394081728510972,-0.017263104838709742,-0.003365138865224049,474.4910000000001,-1.3806373566622128,466.09740000000005,1,-0.020451738502438643,0.0085535068949276,0.01017630077765108,0.8405320441896316,0.2720681934861969,51.49628439445673,-0.007287259050305694,0
2022-01-07,467.95,469.2,464.65,466.09,85111590,-0.003953498311749404,-0.018675256863735945,-0.000557521175083231,474.03999999999996,-1.6770736646696458,466.3404,1,-0.02432438090054634,0.008345221241251212,0.010099264502459383,0.8263197027089423,0.15845241549115055,56.90190856635594,-0.002939346478147864,0
2022-01-10,462.7,465.74,456.6,465.51,119362000,-0.001244394859361897,-0.025538506625358504,-0.011110166971151858,472.86499999999995,-1.555412221247071,466.4842,1,-0.025538506625358504,0.0064607727690642386,0.009855802442433717,0.6555298573404506,1.3684874728425023,62.92024539877297,-0.019376597710038412,0
2022-01-11,465.23,469.85,462.05,469.75,74303060,0.009108289832656657,-0.016333368233692802,0.00681569753734701,472.15299999999996,-0.5089451936130795,466.69419999999997,1,-0.0166628289129388,0.007432375507923062,0.009873836577632513,0.7527343043898292,-0.3135588127776088,59.06258466540232,-0.0383182543906333,0
2022-01-12,471.59,473.2,468.94,471.02,67605440,0.002703565726450252,0.005636449037106583,0.016531422651933525,471.50700000000006,-0.10328584729390655,466.9138,1,-0.014004312239643268,0.007504390678204023,0.009734217666775116,0.7709289986208188,-0.5115241611957531,54.96274217585691,-0.05152647445968317,0
2022-01-13,472.19,472.88,463.44,464.53,91173120,-0.013778608127043457,-0.007287259050305694,-0.012898427539311585,470.34399999999994,-1.2361165444865811,466.9664,1,-0.02758996043624795,0.008481979263284837,0.009607297764666902,0.8828683643468731,0.4512146714572133,41.82601669808773,-0.057154543301831895,0
2022-01-14,461.19,465.09,459.9,464.72,95890950,0.0004090155641187643,-0.002939346478147864,-0.0037088648300995786,469.32,-0.9801414812920749,466.9664,1,-0.02719222959536105,0.008529240096159315,0.009411673673797097,0.9062405255194353,0.7136815620983297,29.54990215264199,-0.05353761404716828,0
2022-01-18,459.74,459.96,455.31,456.49,109872400,-0.017709588569461254,-0.019376597710038412,-0.00734990323352247,467.198,-2.291961866275106,466.758,1,-0.04442025496640212,0.009302556859319668,0.009722364354361742,0.9568204317652695,1.520453225711996,23.532467532467606,-0.04823763937873771,0
2022-01-19,458.13,459.61,451.46,451.75,109357600,-0.010383579048829139,-0.0383182543906333,-0.007099213152226502,464.61800000000005,-2.769587058615906,466.4224,0,-0.05434259278641851,0.009345981575080424,0.009708570172200755,0.9626527294247141,1.4793838333773393,19.821721792165192,-0.040664084117321586,0
2022-01-20,453.75,458.74,444.5,446.75,122379700,-0.011068068622025473,-0.05152647445968317,-0.035222217423228064,462.45500000000004,-3.3960060978906146,465.9788,0,-0.06480919386238504,0.008318306715396535,0.00899851334035046,0.9244089996617783,1.7879168633950668,18.24659900669407,-0.03471740346950192,0
2022-01-21,445.56,448.06,437.95,437.98,202271200,-0.019630665920537194,-0.057154543301831895,-0.0635249844982787,459.45899999999995,-4.674845851316425,465.3908,0,-0.08316761214963042,0.00941117387628891,0.009392396862276189,1.0019991717011167,3.234334161164486,15.682999257609566,0.009064340837481089,1
2022-01-24,432.03,440.38,420.76,439.84,252496700,0.004246769258870131,-0.05353761404716828,-0.06536336591585223,456.834,-3.7199507917536847,464.9152,0,-0.07927403654937093,0.010001742435591683,0.009297634988774929,1.0757297363971403,3.078725180550585,14.266842800528394,0.02289468897781033,1
2022-01-25,433.06,439.72,427.15,434.47,167997300,-0.012208985085485513,-0.04823763937873771,-0.0896576289653438,453.73,-4.244815198466046,464.32919999999996,0,-0.09051516610495902,0.010055647326267049,0.008524847035647768,1.1795692385116165,1.2577865708965408,12.989690721649495,0.042534582364720075,1
2022-01-26,440.72,444.04,428.86,433.38,186391100,-0.0025088038299537763,-0.040664084117321586,-0.09119885922788185,450.093,-3.7132325985962953,463.65139999999997,0,-0.09279688513951978,0.008571041757486502,0.008493140036158801,1.0091723109469573,1.4375033638171266,15.083798882681577,0.05530942821542295,1
2022-01-27,438.26,441.59,429.45,431.24,149878300,-0.004937929761410276,-0.03471740346950192,-0.09684175253413763,446.11500000000007,-3.334342041850208,462.92760000000004,0,-0.09727659040003345,0.007819094211123633,0.00837435557718035,0.9336950334937086,0.6753827669853227,14.588961790814352,0.03561821723402292,1
2022-01-28,432.68,442.0,427.82,441.95,164457400,0.02483535850106655,0.009064340837481089,-0.07184559811827962,443.85699999999997,-0.42964288047726684,462.381,0,-0.0748571308953131,0.01292875218763612,0.010716663957180966,1.2064157502086168,0.8628517951060953,30.108767303889252,0.015273220952596533,1
2022-01-31,441.24,450.28,439.81,449.91,152251400,0.018011087227062017,0.02289468897781033,-0.0527412834765032,442.37600000000003,1.7030761162450023,462.0164,0,-0.058194301982374186,0.014794779334324718,0.011764383121900404,1.2575907449650268,0.5547920662100125,38.53952394945639,-0.005890066902269453,0
2022-02-01,450.68,453.63,446.94,452.95,123155400,0.006756906936942864,0.042534582364720075,-0.05183060852818655,442.02200000000005,2.47227513562672,461.68080000000003,0,-0.05151293058318507,0.01412468788151175,0.01180277404711987,1.1967261107534695,-0.07507863996543006,37.43643434041278,-0.00443757589137872,0
2022-02-02,455.5,458.12,453.05,457.35,117361000,0.009714096478640188,0.05530942821542295,-0.042299235682127456,442.582,3.33678278827427,461.45,0,-0.02902212220287881,0.014021415238269691,0.012113694137946404,1.157484668062347,-0.24950575117865198,40.23431918845553,0.00041543675522026646,1
2022-02-03,450.95,452.97,445.71,446.6,118024400,-0.023504974308516502,0.03561821723402292,-0.046500704556129535,442.567,0.911274451100063,461.0306,0,-0.051844932274637934,0.015694204522042444,0.012466686683450771,1.258891389552296,-0.2511967403044559,37.92592592592596,0.0060904612628749355,1
2022-02-04,446.35,452.78,443.83,448.7,118454400,0.004702194357366629,0.015273220952596533,-0.04111638244219351,443.639,1.1407924010287596,460.6408,0,-0.04738652286527112,0.014104964067653481,0.012562648169589906,1.1227699667492894,-0.28171394417752754,39.482668067226854,-0.01836416313795408,0
2022-02-07,449.51,450.99,445.85,447.26,84472860,-0.003209271227991972,-0.005890066902269453,-0.04039992276169835,444.381,0.6478674830832145,460.1972,0,-0.05044371788883695,0.014199738156697518,0.012557727375821634,1.1307570017834099,-1.0203330993883182,43.34726827158712,-0.01842328846755803,0
2022-02-08,446.73,451.92,445.22,450.94,81012040,0.008227876402987055,-0.00443757589137872,-0.03129900539193575,446.02799999999996,1.1012761530666315,460.0366,0,-0.042630886161946435,0.013414024028855625,0.0127640524938872,1.0509220355588245,-1.024739834844724,49.40711462450592,-0.010733135228633506,0
2022-02-09,455.22,457.88,455.01,457.54,92589930,0.014636093493591185,0.00041543675522026646,-0.025992549228312845,448.44399999999996,2.028346906191199,459.8954,0,-0.028618742303936018,0.013611077128123499,0.013062469549571831,1.0419987642053221,-0.8155925074624553,57.717064797596926,-0.023910477772435157,0
2022-02-10,451.34,457.71,447.2,449.32,140103700,-0.017965642348210076,0.0060904612628749355,-0.04607023056345805,450.25200000000007,-0.2069951938025979,459.7706,0,-0.03313823377517655,0.015248568860658123,0.013543265047333566,1.125915265437436,0.13947596585732835,58.17474048442905,-0.027285676132822956,0
2022-02-11,449.41,451.61,438.94,440.46,153214600,-0.019718686014421838,-0.01836416313795408,-0.05181581383333689,450.10299999999995,-2.142398517672616,459.56980000000004,0,-0.052203477362713135,0.015063806003201168,0.013870158539754443,1.0860586748179921,0.37601598773212114,50.405971712938715,-0.014144303682513626,0
2022-02-14,439.92,441.6,435.34,439.02,123006300,-0.003269309358398087,-0.01842328846755803,-0.05530211740402835,449.014,-2.2257657890399916,459.2022,0,-0.04047733531494524,0.013635186142721661,0.013853019697117861,0.9842753739503077,-0.3678203084653505,53.14096368907907,-0.021525215252152452,0
2022-02-15,443.73,446.28,443.18,446.1,88659500,0.01612682793494602,-0.010733135228633506,-0.022760630024754036,448.329,-0.4971795266422616,459.05580000000003,0,-0.025003278401888318,0.01461805407286625,0.013995237507153951,1.044502036167227,-1.133781263103475,58.11017597551646,-0.05413584398117022,0
2022-02-16,443.93,448.06,441.94,446.6,84863590,0.00112082492714638,-0.023910477772435157,-0.011400110680686137,447.254,-0.14622563465055569,458.81199999999995,0,-0.023910477772435157,0.014135008997874683,0.013827160682733573,1.0222640296301417,-1.1618839566373338,60.00260484501172,-0.040976265114196164,0
2022-02-17,443.22,446.57,436.42,437.06,102259100,-0.021361397223466194,-0.027285676132822956,-0.02168998321208726,446.3,-2.070356262603632,458.18760000000003,0,-0.04476111378240155,0.013789489502471506,0.014420744195919884,0.9562259280885808,-0.735747062821968,46.76630075386855,0.0015787306090697673,1
2022-02-18,437.33,438.66,431.82,434.23,132642900,-0.006475083512561208,-0.014144303682513626,-0.008562034796109397,444.85299999999995,-2.387979849523311,457.4818,0,-0.05094636534510644,0.013631563573436508,0.013813301574882851,0.9868432611522213,0.023396668037648578,38.87627695800228,0.005527024848582585,1
2022-02-22,431.89,435.5,425.86,429.57,124391800,-0.010731639914331126,-0.021525215252152452,-0.023349399781738778,443.084,-3.049986007167943,456.74619999999993,0,-0.061131267211609996,0.013838800090886338,0.013956880380002345,0.9915396359429149,-0.028303158191754375,33.78640776699034,0.0009544428149079742,1
2022-02-23,432.66,433.26,421.35,421.95,132578000,-0.017738668901459587,-0.05413584398117022,-0.028816719221120057,440.18499999999995,-4.142576416733864,455.7704,0,-0.07778554880447619,0.013737534770026677,0.014240666439162157,0.9646693733551783,0.3130749788080761,26.500265533722796,0.03777698779476246,1
2022-02-24,411.02,428.76,410.64,428.3,213942900,0.015049176442706536,-0.040976265114196164,-0.011721814573815048,437.26099999999997,-2.0493481010197474,455.005,0,-0.06390698081042101,0.013808714509117625,0.014700197792448784,0.9393556946703739,2.7317013443584295,37.09813874788495,0.017300957272939455,1
2022-02-25,429.61,437.84,427.86,437.75,121804500,0.022063973850104945,0.0015787306090697673,0.015096002226138605,436.104,0.3774329059123546,454.4928,0,-0.043253048913756253,0.01577634152080346,0.015488671282198519,1.0185729449197858,-0.0516845141165295,43.004982752012296,-0.012747001713306672,0
2022-02-28,432.03,438.2,430.7,436.63,145615000,-0.002558537978298081,0.005527024848582585,-0.012037560810046366,435.721,0.2086197360237381,453.81340000000006,0,-0.04570092232373135,0.014582650270013962,0.014432452808639388,1.0104069255147443,0.7433512835613486,43.18152661962799,-0.03939262075441452,0
2022-03-01,435.04,437.17,427.11,429.98,137785900,-0.015230286512607827,0.0009544428149079742,-0.04429774843857659,434.817,-1.1124220074192106,453.084,0,-0.06023517069545836,0.015283445716297235,0.014097922636553495,1.0840920403882683,0.5241748653018873,37.04893722194764,-0.03193171775431425,0
2022-03-02,432.37,439.72,431.57,437.89,117726500,0.018396204474626643,0.03777698779476246,-0.033248702947345166,433.996,0.8972432925649098,452.6444,0,-0.04294706473750931,0.015595730586986661,0.01471258384150145,1.0600266244868572,-0.12449591125613173,38.05180591025173,-0.023932951197789265,0
2022-03-03,440.47,441.11,433.8,435.71,105501700,-0.004978419237708143,0.017300957272939455,-0.04731605991035326,432.907,0.647483177680194,452.25899999999996,0,-0.04771167548192512,0.01559039752476131,0.014483667785052997,1.0764122566281482,-0.5023959780046541,41.06838167738549,-0.023478919464781534,0
2022-03-04,431.75,433.37,427.88,432.17,114083300,-0.008124670078721974,-0.012747001713306672,-0.0323107926556202,432.418,-0.05735191412013155,451.6412,0,-0.05544870393845347,0.014306595902145999,0.013686044020820692,1.0453419469045442,-0.21635290601776172,44.151262875687905,-0.02799824143276952,0
2022-03-07,431.55,432.3,419.36,419.43,137896600,-0.029479140153180428,-0.03939262075441452,-0.06523289503008689,430.938,-2.6704537543683737,450.676,0,-0.08329326397692005,0.016894330267209903,0.014940664357318787,1.130761649091869,0.5226119744401775,38.07959109163931,-0.005793576997353611,0
2022-03-08,419.62,427.21,415.12,416.25,164772700,-0.00758171804591945,-0.03193171775431425,-0.06933327371104059,429.60600000000005,-3.10889512716304,449.589,0,-0.09024347598024218,0.016769967711114376,0.01497182562741929,1.120101724962785,1.2555995975176868,30.931391337677255,0.023831831831831796,1
2022-03-09,425.14,429.51,422.82,427.41,116990800,0.026810810810810937,-0.023932951197789265,-0.05217989089457575,430.15200000000004,-0.6374490877643294,448.59200000000004,0,-0.06585216593084753,0.018274752431209924,0.016258008249576288,1.1240462023806757,-0.3585397011371022,39.21061509052063,0.01920872230411086,1
2022-03-10,422.52,426.43,420.44,425.48,93972660,-0.00451557052946816,-0.023478919464781534,-0.07007037636053681,429.87,-1.0212389792262746,447.56419999999997,0,-0.05305795424196558,0.017693541838035825,0.01574848091588851,1.1235078438698782,-1.1479208500844817,42.87998032464339,0.0366409701983641,1
2022-03-11,428.12,428.77,419.53,420.07,95636280,-0.01271505123625083,-0.02799824143276952,-0.06509837087153925,428.102,-1.8761883850110448,446.416,0,-0.059404388714733636,0.01610830205341603,0.015537131765337244,1.036761629926641,-0.9921552225637695,41.561382598331335,0.05820458495012737,1
2022-03-14,420.89,424.55,415.79,417.0,95729190,-0.007308305758564004,-0.005793576997353611,-0.05326249829723462,426.139,-2.1446053987079354,445.2328,0,-0.06627854903716979,0.0161311639022553,0.015085871587835987,1.0692894877391208,-0.8947719855623221,42.364232778520226,0.06568345323740998,1
2022-03-15,419.77,426.84,418.42,426.17,106219100,0.021990407673860846,0.023831831831831796,-0.0292697371418158,425.758,0.09676858684981482,444.25700000000006,0,-0.045745633676668174,0.017600366400465015,0.01605531122874344,1.0962332744416377,-0.5122492050053965,52.516098259003115,0.054954595583921906,1
2022-03-16,429.89,435.68,424.8,435.62,144954800,0.022174249712556104,0.01920872230411086,-0.02349249047298818,425.53099999999995,2.370920097478223,443.4152,0,-0.024585759068517676,0.01809074936422958,0.01645401070271857,1.0994735381593368,0.6942325869141301,54.20883164673413,0.018777833891924223,1
2022-03-17,433.59,441.07,433.19,441.07,102676900,0.012510903998898204,0.0366409701983641,-0.012382445141065901,426.067,3.521277170022552,442.68559999999997,0,0.0,0.01843808044868926,0.016728282833949223,1.102209989615317,-0.7957848873756568,52.00096432015429,0.021357154193212047,1
2022-03-18,438.0,444.86,437.22,444.52,106345500,0.007821887682227358,0.05820458495012737,0.01706859470095634,427.302,4.029468619383939,442.20840000000004,0,0.0,0.018213293830295987,0.016071829874099268,1.1332433190851414,-0.678052128456636,54.62539570875835,0.018379375506164086,1
2022-03-21,444.34,446.46,440.68,444.39,88349760,-0.00029245028345181723,0.06568345323740998,0.023397738525666067,429.79799999999994,3.3950832716764716,441.7374,0,-0.00029245028345181723,0.014368088798320282,0.015980310090383268,0.8991120145388669,-1.187669823556826,59.14688333121745,0.025923175589009695,1
2022-03-22,445.86,450.58,445.86,449.59,74650390,0.01170143342559471,0.054954595583921906,0.046604744279162835,433.13199999999995,3.799765429476471,441.4074,0,0.0,0.013634506918927881,0.015879949615010262,0.8585988777974514,-1.4711839859037141,57.69129634499079,0.026602015169376658,1
2022-03-23,446.91,448.49,443.71,443.8,79426100,-0.01287840032029175,0.018777833891924223,0.05178338665718685,434.771,2.076725448569476,440.9732,0,-0.01287840032029175,0.013263045630945713,0.015590090390094166,0.850735646752437,-1.189736890890429,55.07719342286936,0.03357368183866605,1
2022-03-24,445.94,450.5,444.76,450.49,64736890,0.015074357818837258,0.021357154193212047,0.05180947933691327,437.27200000000005,3.0228324704074256,440.588,0,0.0,0.013336853754044363,0.015591146052640894,0.8554120209646365,-1.775008144619177,61.06013040328423,0.002552775866278889,1
2022-03-25,451.16,452.98,448.43,452.69,77101320,0.004883571222446648,0.018379375506164086,0.03412906910336955,440.534,2.7593783907712015,440.2214,1,0.0,0.0116791761853347,0.014923873029456573,0.782583459553862,-1.1707413200588022,73.00774764803542,0.0005080739578962046,1
2022-03-28,452.06,455.91,450.06,455.91,68529770,0.007113035410545976,0.025923175589009695,0.04415637954332041,444.425,2.5842380604151463,440.04900000000004,1,0.0,0.01046549983978668,0.014932411191076168,0.7008579998145925,-1.3503261073616997,77.41980088495578,0.0019521396766906118,1
2022-03-29,460.02,462.07,457.18,461.55,86581540,0.012370862670263882,0.026602015169376658,0.07342201962882,447.963,3.0330629985065705,439.9856,1,0.0,0.009541075533491709,0.01449920567583416,0.6580412573492787,-0.6001037618188736,75.55389221556888,-0.02279276351424553,0
2022-03-30,460.34,461.2,456.47,458.7,79666940,-0.006174845628859282,0.03357368183866605,0.04752335061316759,450.271,1.8719837608906578,440.0298,1,-0.006174845628859282,0.009077795109061844,0.01422218184623672,0.6382842806544403,-0.7882202842877618,74.52746603662138,-0.02655330281229562,0
2022-03-31,457.89,458.76,451.16,451.64,121699900,-0.015391323304992377,0.002552775866278889,0.03656101535424949,451.328,0.069129325014183,440.0276,1,-0.021471129888419482,0.010724243408817679,0.014690181013375122,0.7300279961869405,0.782241253065927,72.75479313824421,-0.0063546187228766815,0
2022-04-01,453.31,453.46,449.14,452.92,89048770,0.0028341156673457046,0.0005080739578962046,0.0480135132008237,452.168,0.1663098671290338,440.15100000000007,1,-0.018697865886686205,0.010559966037467993,0.014499748941432251,0.7282861296510769,-0.4052979948446009,76.57591003255402,-0.01181224057228658,0
2022-04-04,453.13,456.91,452.26,456.8,59601000,0.008566634284200347,0.0019521396766906118,0.08909710797987747,453.409,0.7478898742636383,440.5274,1,-0.010291409381432137,0.010723696050658182,0.012440120835015169,0.8620250713702257,-1.380227357509371,74.5866110130037,-0.036952714535901876,0
2022-04-05,455.22,457.83,449.82,451.03,74214500,-0.012631348511383589,-0.02279276351424553,0.08355555555555538,453.553,-0.5562745698959162,440.7511999999999,1,-0.02279276351424553,0.011230639743719054,0.012742589509226328,0.8813467416169578,-0.8129430092197991,63.14622078143658,-0.02824645810699944,0
2022-04-06,446.89,448.93,443.47,446.52,106898000,-0.009999334855774533,-0.02655330281229562,0.04471116726328339,453.825,-1.6096512973062318,440.9922,1,-0.032564185895352704,0.010884653471164595,0.011921136881841635,0.913054986202212,0.7855408620301652,54.725160395352866,-0.007188927707605486,0
2022-04-07,445.59,450.69,443.53,448.77,78097210,0.0050389680193496655,-0.0063546187228766815,0.054738178057722964,453.65299999999996,-1.0763733514382097,441.3,1,-0.027689307767305826,0.009818936628393303,0.011826528389525484,0.8302467389407137,-0.5763057041249414,53.76306003187534,-0.024466876128083292,0
2022-04-08,447.97,450.63,445.94,447.57,79272710,-0.0026739755331238735,-0.01181224057228658,0.06546527959625781,453.14099999999996,-1.2294186577687674,441.62659999999994,1,-0.030289242768930857,0.009661891718367725,0.011339245195000671,0.8520753852846863,-0.4777813093561649,52.76329509906152,-0.021449158790803557,0
2022-04-11,444.11,445.0,439.39,439.92,89770540,-0.01709229841142168,-0.036952714535901876,0.05496402877697837,451.54200000000003,-2.5738469511141853,441.58600000000007,1,-0.04686382840428993,0.010382328762344184,0.012009365588269521,0.8645193358494648,0.04243577243894589,41.94032338723124,0.011638479723586226,1
2022-04-12,443.08,445.75,436.65,438.29,84363640,-0.0037052191307510585,-0.02824645810699944,0.02843935518689733,449.216,-2.4322374982191164,441.35360000000003,1,-0.05039540678149712,0.008768365361581381,0.01118880568707396,0.7836730395372913,-0.16915089842383832,45.065377037435084,0.01464783590773222,1
2022-04-13,438.03,444.11,437.84,443.31,74070390,0.011453603778320165,-0.007188927707605486,0.017653000321381063,447.67699999999996,-0.9754800894394758,441.1608,1,-0.03951901202469943,0.010190161003150082,0.010371260723137666,0.9825383118964929,-0.6611337969261116,43.37149187592319,-0.011842728564661287,0
2022-04-14,443.55,444.73,437.68,437.79,97869450,-0.012451783176558151,-0.024466876128083292,-0.007436461332668176,446.29200000000003,-1.9050307870183667,440.76959999999997,1,-0.05147871303217422,0.009840947488943558,0.010405771759438319,0.9457200980809088,0.9152585871387566,37.03897007654839,-0.026839352200826894,0
2022-04-18,436.81,439.75,435.61,437.97,66002500,0.0004111560337147768,-0.021449158790803557,-0.014734995050841304,444.797,-1.5348574743085044,440.597,1,-0.05108872278193044,0.009708473355618946,0.010231005114843792,0.9489266447079844,-1.0891046427781375,33.523144746509914,-0.02159965294426569,0
2022-04-19,437.86,445.8,437.68,445.04,77821010,0.016142658172934254,0.011638479723586226,0.001462679178199311,443.621,0.3198676347603111,440.5238,1,-0.03577077239735671,0.010953827820070785,0.010902779969484338,1.0046820949087594,-0.24940390034537335,35.22462860211205,-0.06502786266403016,0
2022-04-20,446.92,447.57,443.48,444.71,65224450,-0.0007415063814489864,0.01464783590773222,-0.010854333948708828,442.98900000000003,0.38849723130821456,440.4728,1,-0.03648575452280367,0.01036765982271211,0.010557241479407925,0.9820425006792165,-1.0507490578192251,36.888472352389876,-0.06170313237840386,0
2022-04-21,448.54,450.01,437.1,438.06,85417330,-0.01495356524476621,-0.011842728564661287,-0.012933753943217718,442.14300000000003,-0.9234568906439832,440.2152,1,-0.05089372765680855,0.010929421210973905,0.010694681286896893,1.0219492210922279,0.2737961503381946,37.174159425765026,-0.023398621193443825,0
2022-04-22,436.91,438.08,425.44,426.04,132471800,-0.027439163584896953,-0.026839352200826894,-0.054274234722191395,439.87,-3.1441107599972686,439.58520000000004,1,-0.07693640992308526,0.013234917218283944,0.011602510559975243,1.1406942618039888,2.601057500523507,28.894472361809036,-0.03295465214533855,0
2022-04-25,423.67,428.69,418.84,428.51,119647700,0.005797577692235434,-0.02159965294426569,-0.05341403609534123,437.96400000000006,-2.1586249098099533,439.16900000000004,0,-0.07158487704474059,0.013671735081814662,0.011635796565505082,1.1749719930945874,1.6540448955786555,27.284406616348107,-0.03274135959487523,0
2022-04-26,425.83,426.04,416.07,416.1,103996300,-0.028960817717206044,-0.06502786266403016,-0.08731986576297956,435.58200000000005,-4.472636610328257,438.6818,0,-0.09847253818654533,0.015324904707837698,0.012778318411194254,1.1992896259661636,0.781602725999303,24.655347554781585,0.0006729151646238662,1
2022-04-27,417.24,422.92,415.01,417.27,122030000,0.0028118240807497585,-0.06170313237840386,-0.09593760155996112,433.48,-3.739503552643729,438.2468,0,-0.09032047089601047,0.015544100800793915,0.012284079874975018,1.2653858456635547,1.5029624667782513,27.695592496568494,0.028255086634553228,1
2022-04-28,422.29,429.64,417.6,427.81,105449100,0.02525942435353623,-0.023398621193443825,-0.06734248964464784,431.93,-0.953858264070568,437.881,0,-0.06346322241681268,0.01762166494688821,0.014009913483834315,1.2577996978511967,0.6518384113092413,35.81099377200107,-0.03272480774175457,0
2022-04-29,423.59,425.87,411.21,412.0,145491100,-0.03695565788550992,-0.03295465214533855,-0.08776901957311134,429.351,-4.041215695316884,437.189,0,-0.09807355516637484,0.020488756900246013,0.015709215407256068,1.3042508087821039,2.241439680220223,29.897140273539023,-0.001601941747572888,0
2022-05-02,412.07,415.92,405.02,414.48,158312500,0.006019417475728206,-0.03274135959487523,-0.084871500485737,427.00200000000007,-2.9325389576629726,436.7374,0,-0.09264448336252185,0.020754602758848766,0.015802971975130142,1.3133354151049075,2.2433994849883483,34.729891956782694,-0.03935051148426949,0
2022-05-03,415.01,418.93,413.36,416.38,100028200,0.004584057131827857,0.0006729151646238662,-0.0884851138353766,424.1360000000001,-1.8286587321048164,436.3804,0,-0.07682415803826792,0.019723879768794538,0.015656655733710268,1.2597760405708576,0.06495641942271872,36.89122890989586,-0.04152456890340561,0
2022-05-04,417.08,429.66,413.71,429.06,144247900,0.030452951630721925,0.028255086634553228,-0.048710728776356294,422.571,1.5355999346855265,436.37020000000007,0,-0.043920048131559586,0.022933971911632458,0.017351830048174144,1.3217033504800664,1.5417994684251266,42.19006905623149,-0.0846268587143989,0
2022-05-05,424.55,425.0,409.44,413.81,172929100,-0.035542814524775035,-0.03272480774175457,-0.07325539729463404,420.146,-1.5080472026390856,436.2074,0,-0.07790182053167538,0.024929955962877965,0.018822239028222755,1.3244947067932287,2.1330805871701077,38.124009508716306,-0.05188371474831455,0
2022-05-06,411.1,414.8,405.73,411.34,151770800,-0.005968922935646881,-0.001601941747572888,-0.08340575350402213,418.67600000000004,-1.7521902377972631,435.8682,0,-0.08094823156154352,0.0237157029144246,0.018716131788292602,1.267126304873497,1.3120399569617298,37.104116222760254,-0.0233869791413428,0
2022-05-09,405.1,406.41,396.5,398.17,155586100,-0.032017309281859196,-0.03935051148426949,-0.11037379627767718,415.642,-4.20361753624513,435.07660000000004,0,-0.1053163760560849,0.025087826938283504,0.019715492257959766,1.2724930531802856,1.2802321637022784,28.568815729309534,0.004822060928748817,1
2022-05-10,404.49,406.08,394.82,399.09,132497200,0.002310570861692174,-0.04152456890340561,-0.09281232951445728,413.941,-3.5877093595464085,434.3258,0,-0.10324914614416691,0.023974983935990627,0.019599586402794838,1.2232392787927338,0.5312474496927371,29.252319446971043,0.02312761532486407,1
2022-05-11,398.07,404.04,391.96,392.75,142361000,-0.015886140970708285,-0.0846268587143989,-0.10390380798101717,411.48900000000003,-4.553949194267655,433.5812,0,-0.11749505662412374,0.024121642098262057,0.019756505011365846,1.2209468265963521,0.7456809860038021,29.335036030283646,-0.0022660725652450253,0
2022-05-12,389.37,395.8,385.15,392.34,125090800,-0.0010439210693826695,-0.05188371474831455,-0.11497597617919741,407.942,-3.824563295762641,432.6702,0,-0.11841632212834807,0.021671212100712267,0.01939356749809379,1.1174433019011252,0.1547989002963971,32.80963068761473,-0.007340571952897945,0
2022-05-13,396.71,403.18,395.61,401.72,104174400,0.023907835041035996,-0.0233869791413428,-0.08239110075607026,406.91400000000004,-1.2764367900834124,431.9904,0,-0.09733956498292284,0.021305420594614464,0.02042470650483369,1.0431200364897457,-0.5222746742508965,37.234346707328704,-0.030095588967440134,0
2022-05-16,399.98,403.97,397.6,400.09,78622440,-0.004057552524146302,0.004822060928748817,-0.08648994223348638,405.475,-1.3280720143042228,431.3488,0,-0.10100215710947336,0.021104604241426926,0.020397291799318564,1.034676782048683,-1.4054874434129303,41.49761019649494,-0.007923217276112782,0
2022-05-17,406.53,408.57,402.58,408.32,83029710,0.02057037166637521,0.02312761532486407,-0.08250943735394578,404.669,0.9022188504679158,431.12659999999994,0,-0.0818286074070742,0.02233968620408807,0.02065342849950131,1.0816454132362323,-1.2842712533414467,45.57850014820671,-0.03533992946708464,0
2022-05-18,403.5,403.8,390.55,391.86,117674500,-0.04031152037617547,-0.0022660725652450253,-0.11884149220840545,400.949,-2.266871846544074,430.63879999999995,0,-0.10546500479386378,0.022220959299102436,0.022156148986420657,1.0029251614403523,-0.2371457033440057,33.221319891720356,0.014061144286224625,1
2022-05-19,388.62,394.14,387.11,389.46,98510720,-0.006124636349716828,-0.007340571952897945,-0.11094370634159711,398.514,-2.2719402580586956,429.87979999999993,0,-0.0922947839463013,0.020137327556993864,0.022057594700749594,0.9129430398097544,-1.0070127584117003,37.974818608621426,0.04069737585374633,1
2022-05-20,393.25,397.03,380.54,389.63,131432200,0.00043650182303700547,-0.030095588967440134,-0.08546145901793267,396.34299999999996,-1.6937349719813306,429.1628,0,-0.0918985689647136,0.020235189280165447,0.02148010934667454,0.942043122480574,0.26120509753793525,36.40739525216059,0.06578035572209529,1
2022-05-23,392.83,397.73,390.38,396.92,76414880,0.018710058260400952,-0.007923217276112782,-0.07372056661454807,396.21799999999996,0.17717519143503202,428.69980000000004,0,-0.07490793828368991,0.01909785211631713,0.02198566226010996,0.8686502999260398,-1.6374045213076367,39.94834710743804,0.04033558399677517,1
2022-05-24,392.56,395.15,386.96,393.89,91448830,-0.007633780106822585,-0.03533992946708464,-0.05337659216534496,395.698,-0.45691411126667125,428.23760000000004,0,-0.08196988766139934,0.019214109824719043,0.021193299078421803,0.9066124983005646,-1.0593554346169611,29.82214572576021,0.03985884383965055,1
2022-05-25,392.31,399.45,391.89,397.37,91472870,0.008834953921145638,0.014061144286224625,-0.047690943513791995,396.15999999999997,0.30543214862682666,427.66159999999996,0,-0.07385913392066379,0.018689682300417194,0.02131555281713333,0.8768096450866864,-0.9782748637445973,39.09525072963654,0.05038125676321803,1
2022-05-26,398.67,407.04,398.45,405.31,82168340,0.019981377557440227,0.04069737585374633,-0.052593441013534026,397.457,1.9758112198300717,427.0554,0,-0.055353563604157885,0.01955567335035811,0.020987543853049347,0.9317752228313655,-1.210817361568484,46.27087198515772,0.01290370333818558,1
2022-05-27,407.91,415.38,407.7,415.26,84768710,0.024549110557351206,0.06578035572209529,0.007912621359223326,398.811,4.124510106290953,426.5392,0,-0.032163333799468674,0.0196311868537953,0.02016086372747181,0.9737274711621231,-1.0176135778545763,61.00734252222075,-0.008356210566873745,0
2022-05-31,413.55,416.46,410.03,412.93,95936980,-0.0056109425420218795,0.04033558399677517,-0.0037396255549122515,400.095,3.2079881028255737,425.9074,0,-0.03759380972358173,0.019703606074286943,0.020163703404739015,0.9771819034818804,-0.5797210446335053,58.755060728744944,0.006805027486499027,1
2022-06-01,415.17,416.24,406.93,409.59,86585810,-0.008088538008863555,0.03985884383965055,-0.016307219366924475,400.222,2.340700910994397,425.21139999999997,0,-0.045378268773598185,0.018990318760110404,0.02021136031407889,0.9395863744451715,-0.8609541489910054,61.07311941083635,0.003979589345443069,1
2022-06-02,409.42,417.44,407.04,417.39,79609630,0.01904343367757999,0.05038125676321803,-0.02719899314781149,402.775,3.6285767488051666,424.56739999999996,0,0.0,0.013227594531462779,0.019434024792596337,0.6806410238038811,-0.9907063743784327,65.01258540093488,-0.03821366108435753,0
2022-06-03,412.4,414.04,409.51,410.54,71874280,-0.016411509619300824,0.01290370333818558,-0.007902177327759108,404.883,1.3971937572088824,423.9022,0,-0.016411509619300824,0.014635726709683043,0.01807803934986533,0.80958595268198,-1.2008375612053603,55.45117428924598,-0.050518828859550835,0
2022-06-06,414.78,416.61,410.55,411.79,57508860,0.0030447703025284767,-0.008356210566873745,0.0010939855107698904,407.09900000000005,1.1522995634968332,423.1282,0,-0.013416708593880888,0.014560867343843506,0.01804003000851726,0.8071420799726424,-1.5938251153418963,57.265275707898674,-0.08934165472692401,0
2022-06-07,408.1,416.22,407.61,415.74,59272370,0.00959226790354295,0.006805027486499027,0.04412688047818758,408.981,1.6526440103574531,422.38919999999996,0,-0.003953137353554181,0.013923141551805482,0.01645769309426263,0.8459959407469612,-1.4607366469581462,54.86621196222457,-0.10071198345119547,0
2022-06-08,413.93,415.82,410.38,411.22,64349970,-0.01087217972771437,0.003979589345443069,0.03039414668370566,410.71400000000006,0.12320008570440057,421.4954,0,-0.014782337861472428,0.014275860772936603,0.016718769218370642,0.853882279638757,-1.149518160789627,65.05443234836702,-0.07786586255532324,0
2022-06-09,409.34,411.74,401.44,401.44,86289800,-0.023782889937259966,-0.03821366108435753,0.02212603437301075,411.121,-2.3547811958036644,420.2932,0,-0.03821366108435753,0.01667608139872066,0.017239387499513936,0.9673244713126172,-0.10149678629934786,58.35658482142858,-0.08666301315265046,0
2022-06-10,394.88,395.78,389.75,389.8,132893900,-0.02899561578318055,-0.050518828859550835,-0.006473976652903057,409.57,-4.827013697292277,418.9152,0,-0.06610124823306729,0.01769038745587613,0.018519488685342374,0.955230879018682,2.130791346748884,50.10222489476849,-0.061416110826064685,0
2022-06-13,379.85,381.81,373.3,375.0,170004900,-0.037968188814776815,-0.08934165472692401,-0.0665139898436723,405.544,-7.531611859625585,417.3824000000001,0,-0.10155969237403861,0.01762369148694823,0.019432893614428525,0.9069000137922332,2.840944258222539,37.910875799691155,0.0001866666666665573,1
2022-06-14,376.85,377.94,370.59,373.87,104011800,-0.0030133333333333123,-0.10071198345119547,-0.06553525456772225,401.63800000000003,-6.913688445814397,415.8014,0,-0.10426699250101823,0.017714561190457043,0.019432025857263103,0.9116167979899984,0.3923538094734007,38.72239747634071,0.0013908577847914216,1
2022-06-15,377.36,383.9,372.12,379.2,125666800,0.01425629229411296,-0.07786586255532324,-0.07131661442006276,398.59900000000005,-4.866795952824782,414.24940000000004,0,-0.09149716092862792,0.019286287859386055,0.01907345273877035,1.0111587096227772,1.073300798306746,39.9735128573005,-0.0030063291139240667,0
2022-06-16,370.51,370.94,364.08,366.65,134473300,-0.03309599156118148,-0.08666301315265046,-0.06433420099014964,393.52500000000003,-6.829299282129485,412.5618,0,-0.12156496322384347,0.018334187091494654,0.0183971247617124,0.9965789398597367,1.3123397990738708,29.69964293215709,0.06390290467748527,1
2022-06-17,365.51,369.38,362.17,365.86,111113900,-0.0021546433928814057,-0.061416110826064685,-0.060596723668669306,389.05699999999996,-5.962365411751993,410.9486,0,-0.12345767747190872,0.01856845497682295,0.018384838019114027,1.0099874123186738,0.48589610749126877,21.299093655589118,0.06212758978844346,1
2022-06-21,371.89,376.53,371.81,375.07,76811860,0.02517356365822976,0.0001866666666665573,-0.03736878577111624,385.385,-2.676544234985793,409.4746,0,-0.10139198351661516,0.021547418835526428,0.019427809491861164,1.1091018184295676,-0.6084873807379583,29.63202065848934,0.014877222918388444,1
2022-06-22,370.62,378.72,370.18,374.39,90059420,-0.0018129949076172158,0.0013908577847914216,-0.0567620679230072,381.25,-1.7993442622950857,408.01099999999997,0,-0.10302115527444355,0.020735451649826767,0.018824440550014875,1.1015175507996906,-0.1687822684109142,30.50509525919361,0.01589251849675466,1
2022-06-23,376.64,378.83,372.89,378.06,79292140,0.009802612249258935,-0.0030063291139240667,-0.04018888522176234,377.93399999999997,0.03333915445554864,406.7738,0,-0.09422841946381078,0.021673430706843407,0.018989312431147452,1.1413488921954487,-0.5254155610401235,27.173534532791635,-0.002142517060784055,0
2022-06-24,381.4,390.09,381.37,390.08,98050330,0.03179389514891806,0.06390290467748527,-0.01834562246772531,376.79799999999994,3.524965631452407,405.8096,0,-0.06543041280337336,0.024200325065382864,0.020318369691980517,1.1910564396775654,0.12372961853689139,38.79763469119577,-0.022662018047579946,0
2022-06-27,391.05,391.36,387.44,388.59,66009620,-0.003819729286300255,0.06212758978844346,-0.04125237472551879,376.677,3.1626565996861906,404.7152,0,-0.06900021562567382,0.02239134458079136,0.019730046559335333,1.1348855418791106,-0.9562400005674614,37.33071210135427,-0.017061684551841316,0
2022-06-28,390.23,393.16,380.53,380.65,86689820,-0.0204328469595203,0.014877222918388444,-0.08334537398256514,377.242,0.9033988792340085,403.57239999999996,0,-0.08802319173914086,0.01960855992385198,0.01910813421185388,1.0261891457559291,-0.24638971442299853,31.63788592360018,0.006830421647182616,1
2022-06-29,381.23,382.27,378.42,380.34,65676000,-0.0008143964271640769,0.01589251849675466,-0.07892378853558724,377.889,0.6486031612457533,402.4198,0,-0.08876590239344506,0.01956248416267602,0.019119163346912545,1.0231872497619026,-0.8990604786264406,33.096124370483864,0.022742809065573022,1
2022-06-30,376.24,380.66,372.56,377.25,112508300,-0.00812430982804857,-0.002142517060784055,-0.07895700578627407,377.69399999999996,-0.11755548142145758,401.064,0,-0.09616905052828284,0.019268483724954356,0.01911957473724567,1.007788300197839,0.6315029066647113,35.71175428233903,0.030271703114645554,1
2022-07-01,376.56,381.7,373.8,381.24,74839730,0.010576540755467212,-0.022662018047579946,-0.08660964565514262,379.15299999999996,0.550437422359851,399.79460000000006,0,-0.08298455765622748,0.015626537625613685,0.018672648485974365,0.836867766099238,-0.6163427309925957,44.441558441558435,0.00784282866435837,1
2022-07-05,375.88,381.98,372.9,381.96,81437970,0.0018885741265344258,-0.017061684551841316,-0.06961562819700895,380.76300000000003,0.31436878058003165,398.67260000000005,0,-0.08125270601818446,0.015500860375765892,0.01849820868411981,0.8379654830617703,-0.41673249389217104,55.530832803560074,-0.0029584249659649897,0
2022-07-06,382.11,385.87,379.6,383.25,70426240,0.0033773169965440886,0.006830421647182616,-0.06930717113091633,381.581,0.43739075058768195,397.8168,0,-0.07814980516669079,0.013684922506029967,0.018504490813494083,0.7395460185292141,-0.8275867376126468,57.43500317057705,-0.011532941943900865,0
2022-07-07,385.12,389.83,383.27,388.99,64525920,0.014977168949771746,0.022742809065573022,-0.0643430990522923,383.041,1.5530974490981415,397.02639999999997,0,-0.05405865473469196,0.014153897324190581,0.018741465858272664,0.7552182647411709,-1.0508101746035388,57.70987557095608,-0.028484022725519864,0
2022-07-08,387.27,390.64,385.66,388.67,72397770,-0.0008226432556106555,0.030271703114645554,-0.05483682700257775,384.102,1.1892674341711422,396.4778,0,-0.03181048226385008,0.014061950132772675,0.01865812160960007,0.7536637624624254,-0.80216227382623,71.47873585641833,-0.009107983636504002,0
2022-07-11,385.85,386.87,383.5,384.23,58366950,-0.011423572696632078,0.00784282866435837,-0.04287066560382613,383.51699999999994,0.18591092441797344,395.81699999999995,0,-0.014996923707957244,0.010326435691558236,0.018118198302202636,0.5699482652368832,-1.1999065812313634,66.72737206337645,-0.005933945813705432,0
2022-07-12,383.65,386.16,378.99,380.83,62219180,-0.008848866564297508,-0.0029584249659649897,-0.023011800923550596,382.741,-0.49929325575258504,394.87739999999997,0,-0.023713084495488146,0.010573537563857201,0.01706988128447776,0.6194265436088351,-0.9729329098675141,55.86558044806515,0.03003965023763877,1
2022-07-13,375.1,381.92,374.66,378.83,84224650,-0.005251687104482317,-0.011532941943900865,0.010213333333333185,382.559,-0.9747516069416852,394.214,0,-0.028840237899917964,0.008517188152034005,0.014753654387800243,0.5772934574824286,-0.07859443979577543,54.403014676715586,0.04207692104637961,1
2022-07-14,373.61,379.05,371.04,377.91,89704820,-0.002428529947469782,-0.028484022725519864,0.010805895097226292,382.316,-1.152449805919697,393.48260000000005,0,-0.031198728465955616,0.008540197212756144,0.014746670004562484,0.5791271663442584,0.20901885648671442,49.84266834487101,0.05525125029768985,1
2022-07-15,382.55,385.25,380.54,385.13,79060380,0.019105077928607272,-0.009107983636504002,0.01563818565400843,383.104,0.5288381222853352,392.85760000000005,0,-0.012689704675963864,0.010079579658256796,0.015019625339224726,0.6710939474590834,-0.19942641521993507,44.22673198040588,0.025861397450211543,1
2022-07-18,388.38,389.09,380.66,381.95,63203630,-0.008256952197959189,-0.005933945813705432,0.04172916950770489,383.175,-0.31969726626215766,391.9153999999999,0,-0.020841878589007323,0.01008237555303468,0.01294583951550179,0.7788120299932422,-1.0483940209470606,42.549371633752244,0.03565911768556096,1
2022-07-19,386.08,392.87,385.39,392.27,78505970,0.02701924335646022,0.03003965023763877,0.07218608210791011,384.206,2.098874041529795,391.4846,0,0.0,0.013193291488364154,0.014035935533224068,0.9399652383081045,0.05991651961691463,62.37750319556883,-0.0035179850613098473,0
2022-07-20,392.47,396.26,391.03,394.77,71843770,0.006373161342952516,0.04207692104637961,0.05252352894126422,385.358,2.442404205959128,391.15319999999997,0,0.0,0.013243173285979149,0.013113141013291849,1.009916180460158,-0.4152599949374077,64.68552819051499,0.015882665856068234,1
2022-07-21,394.16,398.84,391.63,398.79,64903860,0.010183144615852457,0.05525125029768985,0.06517268089425476,386.338,3.2230844493681694,391.1656,0,0.0,0.012843959439812234,0.013172772820968967,0.9750384079627248,-0.8400062886679234,71.51418298042351,0.018255222046691166,1
2022-07-22,398.92,400.18,392.75,395.09,72197330,-0.00927806615010418,0.025861397450211543,0.04504575993228577,386.98,2.0957155408548136,391.0856,0,-0.00927806615010418,0.01335970546496184,0.01336233333532151,0.9998033374640696,-0.2708313726926387,63.91400442033349,0.04277506390948904,1
2022-07-25,395.75,396.47,393.21,395.57,53631490,0.001214913057784317,0.03565911768556096,0.014074036095159892,388.114,1.9210850420237398,391.142,0,-0.008074425136036623,0.012551590700880738,0.011416485085181808,1.0994268907837716,-1.5080283427234016,63.73914799111648,0.03842556311145939,1
2022-07-26,393.84,394.06,389.95,390.89,52946390,-0.011831028642212527,-0.0035179850613098473,0.0059188347615739545,389.12,0.4548725328947322,391.11299999999994,0,-0.01980992502319523,0.012894683526011775,0.01172210773717799,1.1000311390343929,-1.4348505081124974,57.21844293272863,0.043925401007956166,1
2022-07-27,394.36,402.88,394.05,401.04,82342110,0.02596638440481991,0.015882665856068234,0.05356626822540411,391.341,2.4784011897552296,391.0994,1,0.0,0.014445435059851651,0.011979012327623348,1.2058953330017688,0.6972623057194984,60.509331937903355,0.033438061041292544,1
2022-07-28,401.89,406.8,398.15,406.07,73966560,0.012542389786554864,0.018255222046691166,0.0676499973707736,394.157,3.0223997036713826,391.219,1,0.0,0.014271852508333805,0.012145113296028074,1.1751106935331148,0.058852361136274546,64.02321083172143,0.019947299726648104,1
2022-07-29,407.58,413.03,406.77,411.99,87003670,0.014578767207624299,0.04277506390948904,0.09208747514910542,396.84299999999996,3.8168746834390554,391.29240000000004,1,0.0,0.013923515067788142,0.012077208786071453,1.1528752474533701,1.4189934113533165,71.85138539042816,0.003592320201946775,1
2022-08-01,409.15,413.41,408.4,410.77,69997470,-0.0029612369232263624,0.03842556311145939,0.07745776938411497,399.725,2.7631496653949488,391.6706,1,-0.0029612369232263624,0.013374942109403645,0.012097072571055604,1.1056346096001417,-0.15491286885131533,74.40495598304528,0.005404484261265496,1
2022-08-02,409.12,413.0,406.82,408.06,63435420,-0.006597365922535681,0.043925401007956166,0.0683317624882187,401.304,1.6835117516894995,392.0426,1,-0.009539066482196157,0.012049492871536126,0.012314732495236187,0.9784616008668751,-0.6944466133806179,73.55358581788879,0.008062539822575099,1
2022-08-03,410.3,415.68,410.0,414.45,67820560,0.015659461843846367,0.033438061041292544,0.08140900195694711,403.272,2.771826459560792,392.539,1,0.0,0.01259649541608316,0.012617023818631766,0.998372959990906,-0.2649592619105946,77.05864928909946,0.013367113041380163,1
2022-08-04,414.37,415.09,412.44,414.17,45656570,-0.0006755941609360994,0.019947299726648104,0.06473174117586566,404.81,2.3121958449643074,392.88399999999996,1,-0.0006755941609360994,0.012563025095574006,0.012383315198450987,1.0145122605895955,-2.0215494415913895,73.96830637173983,0.014052200787116442,1
2022-08-05,409.66,414.15,409.6,413.47,56814930,-0.0016901272424366676,0.003592320201946775,0.0638073429901973,406.648,1.6776179890224476,393.2756,1,-0.0023645795632765143,0.011892460637863467,0.012399704223684081,0.9590922834391685,-0.9901131120621736,77.12564543889845,0.032964906764698654,1
2022-08-08,415.25,417.62,411.83,412.99,54025970,-0.0011609064744722009,0.005404484261265496,0.07485100070270412,408.39,1.1263742990768684,393.588,1,-0.0035227409820243194,0.011991378892266001,0.011968861792436622,1.0018813066956465,-1.1784003597658868,71.46705346042269,0.038427080558851356,1
2022-08-09,412.22,412.75,410.22,411.35,44931770,-0.00397104046102803,0.008062539822575099,0.08014074521440029,410.436,0.22269001744487427,393.7088,1,-0.007479792496079107,0.01102952938484879,0.011747710485777583,0.9388662921342621,-1.6994971741383342,67.48945147679325,0.0446092135650904,1
2022-08-10,418.78,420.14,416.72,419.99,68665710,0.021004011182691018,0.013367113041380163,0.108650318084629,412.33099999999996,1.8574882800468675,393.8034,1,0.0,0.010058767645331618,0.012128854762184595,0.8293254262300918,0.12655597877322816,70.37677816224527,0.015857520417152715,1
2022-08-11,422.99,424.95,419.21,419.99,59489700,0.0,0.014052200787116442,0.1113492630520494,413.72300000000007,1.514781629254341,393.9446,1,0.0,0.009745560934160378,0.01206000489269461,0.8080893018595527,-0.5098481353326604,75.76572847682124,0.018809971665991965,1
2022-08-12,422.03,427.21,421.03,427.1,61694540,0.01692897449939279,0.032964906764698654,0.1089761898579702,415.23400000000004,2.8576657980801152,394.2948,1,0.0,0.010067616817307437,0.01193868799268376,0.8432766501207714,-0.25922724420692855,78.68971792538674,-0.011613205338328325,0
2022-08-15,424.77,429.41,424.71,428.86,54048280,0.004120814797471395,0.038427080558851356,0.12281712266003408,417.043,2.8335207640459155,394.5242,1,0.0,0.009796023014685221,0.011514819779292576,0.850731770227241,-0.8704469231375259,86.48856428983284,-0.036165648463368005,0
2022-08-16,427.73,431.73,426.88,429.7,59289040,0.0019586811546892235,0.0446092135650904,0.09541897162668578,419.207,2.5030593477685237,394.9074,1,0.0,0.009079949095455724,0.010402180073276882,0.8728890512847438,-0.3523533113596954,83.54400749063673,-0.04037700721433546,0
2022-08-17,425.91,429.5,424.54,426.65,63563390,-0.007097975331626705,0.015857520417152715,0.08075588317248017,420.427,1.4801618354672645,395.20459999999997,1,-0.007097975331626705,0.009023748000605368,0.0107140310279939,0.8422365006250107,0.06736933499643886,75.25773195876289,-0.030423063400914052,0
2022-08-18,426.86,428.61,425.5,427.89,49023210,0.0029063635298254287,0.018809971665991965,0.07297073647784535,421.799,1.4440527360188167,395.4476,1,-0.004212241098440761,0.008934861544763285,0.010614119883682618,0.8417901477162602,-1.1384071971314524,72.04658901830283,-0.019584472644838646,0
2022-08-19,424.98,425.26,421.22,422.14,68016900,-0.013438033139358208,-0.011613205338328325,0.0684654129438862,422.666,-0.12444814581726717,395.666,1,-0.017593670002327255,0.010327643497437968,0.010915842770632542,0.9461150837774032,0.550301047401045,64.00591278640063,-0.03986829014071158,0
2022-08-22,417.05,417.23,412.4,413.35,77695640,-0.020822475955843966,-0.036165648463368005,0.044947796850115074,422.70200000000006,-2.212433345477436,395.90420000000006,1,-0.0380498021875727,0.012636267120368028,0.012183752389896264,1.0371408344482629,1.2624929494372807,55.667452324833974,-0.025934438127494963,0
2022-08-23,412.9,415.42,411.77,412.35,49105250,-0.0024192572880126217,-0.04037700721433546,0.05490035559876194,422.80199999999996,-2.4720791292377857,396.35519999999997,1,-0.04037700721433546,0.012589355313669164,0.0117856621029403,1.0681924531442624,-1.1602662307803469,47.45639534883724,-0.03429125742694328,0
2022-08-24,412.11,415.11,411.39,413.67,49177800,0.0032011640596580904,-0.030423063400914052,0.031493117893476974,422.16999999999996,-2.013406921382368,397.12859999999995,1,-0.0373050965790086,0.010408307316918474,0.010447971961416634,0.9962036034701627,-1.065133853487237,49.40926275992439,-0.04469746416225495,0
2022-08-25,415.24,419.56,414.09,419.51,50942250,0.014117533299489837,-0.019584472644838646,0.03309774176866065,422.122,-0.6187784574127914,398.0414,1,-0.02371421922271355,0.01152662402901048,0.010540299713577913,1.0935764961372012,-0.8209089682602095,56.363253265908114,-0.055040404281185173,0
2022-08-26,419.39,419.96,405.25,405.31,103087000,-0.03384901432623777,-0.03986829014071158,-0.0162139857763538,419.94300000000004,-3.4845205182608203,398.5636,1,-0.056760530602746107,0.014108964645191915,0.012752157368135057,1.106398253870928,3.1422712400436135,43.7234390323635,-0.03224692210900293,0
2022-08-29,402.2,405.84,401.2,402.63,65370810,-0.006612222743085594,-0.025934438127494963,-0.019816442291306524,417.32,-3.5200805137544324,399.2832,1,-0.0629974400744705,0.01373000727369924,0.01281163237458525,1.0716828950646282,0.35863586283712984,42.992606878817064,-0.02948116136403145,0
2022-08-30,403.85,404.1,396.0,398.21,85652440,-0.01097782082805554,-0.03429125742694328,-0.02413860706758819,414.171,-3.8537222548174577,399.93019999999996,1,-0.07328368629276238,0.013482512001799734,0.012950456612913405,1.0410839096094724,1.6572599973632975,31.224137931034434,-0.0010798322493157375,0
2022-08-31,399.93,401.24,395.04,395.18,76029670,-0.007609050500991921,-0.04469746416225495,-0.04649535529014348,411.024,-3.8547627389154875,400.3324,1,-0.0803351175238538,0.01348179085420883,0.012395005532404618,1.0876792929993455,0.9436048255392464,29.6739308536785,0.013158560655903706,1
2022-09-01,392.89,396.78,390.04,396.42,78740080,0.0031378106179462684,-0.055040404281185173,-0.04285679793321584,407.877,-2.808935046594928,400.773,1,-0.07744938329066786,0.013501920409683586,0.012450584120955014,1.0844407200911252,1.0213191383714644,22.18999274836834,0.025679834518944622,1
2022-09-02,400.28,401.56,390.33,392.24,99632150,-0.01054437213056858,-0.03224692210900293,-0.05134592594384124,404.887,-3.12358756887724,401.05659999999995,1,-0.08717710030253656,0.01339172372174117,0.012591354710173178,1.0635649642147984,2.0327541131282114,18.200764154220167,0.047751376708137894,1
2022-09-06,393.13,394.12,388.42,390.76,76637400,-0.0037732000815827726,-0.02948116136403145,-0.053826969176009154,402.62800000000004,-2.9476340443287725,401.07020000000006,1,-0.09062136374214569,0.012527461505502857,0.012589666524910259,0.9950590415334416,0.581411519073561,16.55788388869803,0.005988330433002398,1
2022-09-07,390.43,398.59,390.2,397.78,70964230,0.01796499129900697,-0.0010798322493157375,-0.03298893885985188,401.171,-0.8452754561022655,401.254,0,-0.07428438445427044,0.014580571804586722,0.013401274326906881,1.0879989058437574,0.16729943326219737,26.78887280913328,-0.007994368746543246,0
2022-09-08,395.39,400.86,394.12,400.38,80821680,0.006536276333651836,0.013158560655903706,-0.04669158789494987,399.842,0.13455314849365774,401.6486,0,-0.06823365138468696,0.014787417250780019,0.012476010080944544,1.1852681389994904,0.7455265419468504,28.355625491738778,-0.02562565562715413,0
2022-09-09,402.74,407.51,402.46,406.6,76706920,0.015535241520555632,0.025679834518944622,-0.03188171146932062,398.55100000000004,2.0195658773908427,402.17379999999997,0,-0.05375843611822195,0.014977056011450844,0.013095851273593508,1.143648908234824,0.43508452687914123,37.863167760074994,-0.05174618789965568,0
2022-09-12,408.78,411.73,408.46,410.97,69256260,0.010747663551401887,0.047751376708137894,-0.03776633107000704,399.117,2.969805846405943,402.8482,0,-0.04358855015126828,0.01084725706712904,0.0127042018384702,0.8538322363772546,-0.05920417130162425,48.00335570469799,-0.05455386037910315,0
2022-09-13,401.83,403.1,391.92,393.1,122947100,-0.04348249263936543,0.005988330433002398,-0.08338385487105349,398.164,-1.2718377352045802,403.08539999999994,0,-0.08517570397952057,0.017876913898028826,0.015646159577849632,1.142575199305604,2.570726249782975,37.413364718190145,-0.022920376494530825,0
2022-09-14,394.47,396.2,391.12,394.6,85023750,0.0038158229458153947,-0.007994368746543246,-0.08168489643937626,397.803,-0.805172409458947,403.3382,0,-0.07780036925378009,0.017685169309853144,0.01569024521446596,1.127144226754845,0.5308789392730399,37.56033920417483,-0.04361378611251909,0
2022-09-15,392.96,395.96,388.78,390.12,87633840,-0.011353269133299593,-0.02562565562715413,-0.08562053205203324,397.297,-1.806457134083575,403.4756,0,-0.08827034985627147,0.017884628605319714,0.015761256023541732,1.1347210259516383,0.604618533284025,30.482135741798402,-0.04075669024915407,0
2022-09-16,384.14,386.25,382.11,385.56,103084800,-0.011688711165795174,-0.05174618789965568,-0.09892729439809289,396.211,-2.6882141081393525,403.40700000000004,0,-0.08665371677642486,0.018103672087614212,0.015745670880417246,1.1497555248744333,1.2886812575324973,34.95811119573497,-0.045673825085589814,0
2022-09-19,382.26,388.55,382.18,388.55,73278490,0.007754953833385203,-0.05455386037910315,-0.07957075851613205,395.842,-1.8421491403135526,403.4046,0,-0.07380038616481133,0.01813896310681169,0.015865944277315008,1.1432640118840343,-0.31071554403407153,39.32686476652519,-0.06238579333419125,0
2022-09-20,385.06,386.12,381.2,384.09,77274880,-0.011478574186076562,-0.022920376494530825,-0.07078746824724824,395.175,-2.8050863541469058,403.4018,0,-0.08443183714333391,0.018440718410752597,0.015477832916420808,1.1914276701610076,-0.09588890368201354,39.30303030303032,-0.05391965424770229,0
2022-09-21,386.11,389.31,377.38,377.39,106746600,-0.01744382826941604,-0.04361378611251909,-0.08478234509518623,393.136,-4.005229742379237,403.333,0,-0.10040285094515033,0.017656891976250248,0.015781753602375156,1.118816857816921,1.3564897311130726,37.23266829338311,-0.018177482180237958,0
2022-09-22,376.58,378.3,373.44,374.22,89472640,-0.00839979861681539,-0.04075669024915407,-0.09536587134672558,390.52000000000004,-4.173921950220222,403.24080000000004,0,-0.10795928583347225,0.017188172919883088,0.01570454457161792,1.094471274954796,0.33131803663033116,34.49720670391065,-0.03054353054353054,0
2022-09-23,370.58,370.62,363.29,367.95,122346900,-0.01675485008818356,-0.045673825085589814,-0.12290529427188868,386.65500000000003,-4.837645963455804,403.0416,0,-0.10467917366231116,0.015519993961932994,0.015249617615066276,1.0177300410863805,2.069165151719235,33.51879495182523,-0.029270281288218514,0
2022-09-26,366.41,370.21,363.03,364.31,92581240,-0.009892648457670794,-0.06238579333419125,-0.10115713898003997,381.989,-4.628143742359066,402.62519999999995,0,-0.11353626785410131,0.013751214831494203,0.013859553687761936,0.9921830919877747,0.3381949874143119,32.56427158866185,0.006313304603222658,1
2022-09-27,368.02,370.4,360.87,363.38,108294100,-0.002552770991737785,-0.05391965424770229,-0.09748404242108144,379.017,-4.125672463240435,402.25379999999996,0,-0.11579920675475097,0.00832418660409281,0.013867905284352503,0.600248302350694,1.174046550854918,25.34403669724776,0.04015080631845458,1
2022-09-28,364.38,372.3,362.6,370.53,110802200,0.019676371842148654,-0.018177482180237958,-0.06951106200246104,376.61,-1.6144021666976556,401.819,0,-0.09840134316373472,0.011635561596498862,0.014835356124671947,0.7843129277596737,1.201267212781377,29.915220024222847,0.01770436941678133,1
2022-09-29,366.81,367.11,359.7,362.79,112952300,-0.020888996842360785,-0.03054353054353054,-0.08196264993167668,373.877,-2.9654137590704934,401.17940000000004,0,-0.11723483465946416,0.01246479571066853,0.015318724029882509,0.8136967339024602,1.1940345132004218,21.113015956745343,0.028694285950549903,1
2022-09-30,361.8,365.91,357.04,357.18,153711200,-0.015463491275944818,-0.029270281288218514,-0.09898592401997885,371.039,-3.735186867148731,400.3472,0,-0.13088546609241558,0.012672376143465268,0.015417058789739863,0.821971059220375,2.648525567305709,15.103152977812371,0.015706366537880045,1
2022-10-03,361.08,368.55,359.21,366.61,89756480,0.026401254269555974,0.006313304603222658,-0.06534264735875994,368.845,-0.6059455868996498,399.7776,0,-0.10793975229335473,0.016085775115937735,0.016873064699094106,0.9533404513527031,-0.26398856280721905,30.700859682354647,-0.017975505305365513,0
2022-10-04,372.4,378.0,366.57,377.97,103602800,0.030986607021085133,0.04015080631845458,-0.03273108813594017,368.233,2.644249700597183,399.4256,0,-0.08029783195853712,0.019605085060008506,0.018524324957027858,1.0583427523263471,0.31474626605840245,39.40629379538795,-0.05352276635711828,0
2022-10-05,373.39,379.46,370.95,377.09,88065670,-0.0023282271079716477,0.01770436941678133,-0.05201367590125194,368.20300000000003,2.4136142291072975,399.14959999999996,0,-0.08243910747743155,0.01879966730118012,0.0179489203698163,1.0473982230593923,-0.4673562770172336,41.30057417545733,-0.05444323636267201,0
2022-10-06,375.62,378.72,372.68,373.2,82333540,-0.010315839719960751,0.028694285950549903,-0.06788550876667165,368.101,1.3852176440705104,398.5928,0,-0.09190451857799853,0.018905144658634236,0.01789719711316421,1.056318737459098,-0.7508301418706532,41.67340339531123,-0.01937299035369766,0
2022-10-07,368.97,373.29,360.94,362.79,107789500,-0.027893890675241062,0.015706366537880045,-0.10774717166748649,367.58500000000004,-1.3044601928805624,397.72720000000004,0,-0.11723483465946416,0.020273281727091516,0.018117720278017894,1.1189753134498357,0.4203657042853987,34.223419892209705,-0.014223104275200571,0
2022-10-10,363.96,364.21,357.67,360.02,76042770,-0.007635271093470175,-0.017975505305365513,-0.12397498600871115,367.15600000000006,-1.943588011635403,396.6878,0,-0.08763304612265599,0.020178418627096687,0.01771030095820669,1.139360571834117,-1.206445077430173,34.94684177611006,0.01888783956446871,1
2022-10-11,358.24,363.03,355.71,357.74,92482790,-0.006332981501027679,-0.05352276635711828,-0.08995166624268636,366.592,-2.4146735335195464,395.6272,0,-0.09341104916371012,0.02024600652623546,0.01542181074772049,1.3128164297586153,-0.3011334191315142,36.9919237389117,0.03742941801308208,1
2022-10-12,358.17,359.82,356.3,356.56,76991800,-0.0032984849331917365,-0.05444323636267201,-0.09640141915864175,365.195,-2.364490203863687,394.5972,0,-0.08602481287808883,0.018846331325948467,0.015299295837084897,1.2318430551728854,-1.0794494490526592,37.99292901822137,0.033486650213147895,1
2022-10-13,349.21,367.51,348.11,365.97,147254500,0.026391070226609914,-0.01937299035369766,-0.06190402952937557,365.51300000000003,0.12502975270373246,393.62760000000003,0,-0.058113498906189665,0.019947004690647026,0.01672842124832324,1.1924021038534283,2.1132539254955347,48.708920187793446,-0.0015301800694046408,0
2022-10-14,368.55,370.26,356.96,357.63,123737000,-0.022788753176489984,-0.014223104275200571,-0.0724400871459695,365.558,-2.1687392971840302,392.4968,0,-0.07957791789988422,0.02073962262635389,0.017207122869145094,1.2052928769133793,0.9716693299101762,45.895797493241574,0.04658445879819939,1
2022-10-17,364.01,367.98,357.28,366.82,93168230,0.025696949361071475,0.01888783956446871,-0.05592587826534556,365.579,0.3394615117389088,391.56380000000007,0,-0.044963420031763346,0.020642172596081212,0.01826610341953152,1.1300807907399133,-0.4424700770795009,51.918786256135654,0.03284989913308989,1
2022-10-18,375.13,375.45,367.52,371.13,97162850,0.011749631972084451,0.03742941801308208,-0.03374209169725839,364.89500000000004,1.7087107250030713,390.72659999999996,0,-0.018096674339233343,0.018212686648702257,0.01841744816225538,0.9888821995452791,-0.31568768145041326,50.34562211981567,0.037156791420795976,1
2022-10-19,368.99,371.85,365.55,368.5,79746860,-0.007086465658933561,0.033486650213147895,-0.02355653302949201,364.036,1.2262523486688126,389.8696,0,-0.025054898536921,0.018293609235712154,0.018089851119942737,1.0112636701329614,-1.0508388925514407,53.494919818827256,0.03668928086838519,1
2022-10-20,368.03,372.67,364.61,365.41,88283090,-0.008385345997286242,-0.0015301800694046408,-0.023542301320079062,363.257,0.5926933273137256,388.77799999999996,0,-0.033230150541048276,0.018207863348825088,0.018089541786210157,1.006540882240872,-0.6511767341521715,55.197675887331066,0.03987301934812937,1
2022-10-21,365.12,374.8,363.54,374.29,131038400,0.024301469582113322,0.04658445879819939,0.0172306019839652,364.407,2.7120774299066808,387.86400000000003,0,-0.009736222451517285,0.017410811818661522,0.018535892761658866,0.9393025759555239,1.277341693558322,54.884253370643606,0.0393545112078868,1
2022-10-24,375.89,380.06,373.11,378.87,85436910,0.012236501108765951,0.03284989913308989,0.039965963053443465,366.29200000000003,3.433872429646286,386.89939999999996,0,0.0,0.017161203818648142,0.018510848153855865,0.9270890061876182,-0.7606000238984175,50.62639198218261,0.01937339984691322,1
2022-10-25,378.79,385.25,378.67,384.92,78846350,0.0159685380209571,0.037156791420795976,0.059276790137046564,369.01,4.311536272729743,386.02060000000006,0,0.0,0.01693655237546118,0.01872662801610717,0.9044101458572089,-0.9655936845664985,55.08375535644724,-0.001039176971838418,0
2022-10-26,381.62,387.58,381.35,382.02,104087300,-0.0075340330458277815,0.03668928086838519,0.03100963484738073,371.556,2.8162645738462033,385.06700000000006,0,-0.0075340330458277815,0.017285382740375638,0.018441350981177645,0.9373165099464862,0.15188315711062408,55.801104972375676,-0.018716297576043095,0
2022-10-27,383.07,385.0,379.33,379.98,81971760,-0.005340034553164674,0.03987301934812937,0.04738278342842972,372.957,1.883058904913978,384.1336,0,-0.01283383560220308,0.0162211257997178,0.0177543732108974,0.9136411410886353,-0.7446394608905925,62.70509977827051,-0.023606505605558215,0
2022-10-28,379.87,389.52,379.68,389.02,100302000,0.023790725827675052,0.0393545112078868,0.08914272915616772,376.096,3.4363566748915115,383.3562,0,0.0,0.014283643214283982,0.01783747395579722,0.8007660305310084,0.2045250525295475,69.61580086580088,-0.03256901958768177,0
2022-10-31,386.44,388.4,385.26,386.21,96631260,-0.007223279008791383,0.01937339984691322,0.05346280788849178,378.03499999999997,2.162498181385325,382.6376,0,-0.007223279008791383,0.013670464903051106,0.017231871864598083,0.7933244287369796,-0.006188136063870483,69.12021490933512,-0.01620879832215627,0
2022-11-01,390.14,390.39,383.29,384.52,85407600,-0.004375857694000618,-0.001039176971838418,0.017329417678651593,379.37399999999997,1.3564450911238028,382.061,0,-0.01156752866176547,0.013769012640228126,0.015948291511424132,0.8633534589184718,-0.5467369591150713,68.64994663820704,-0.006553625299074106,0
2022-11-02,383.9,388.63,374.76,374.87,126990400,-0.025096223863518063,-0.018716297576043095,-0.005887188734784776,380.01099999999997,-1.3528555752333387,381.3114,0,-0.0363734512364402,0.016276696473333675,0.01697631460619792,0.9587885740165994,1.4459947661916923,55.91755319148936,-0.0019740176594552628,0
2022-11-03,371.47,374.2,368.79,371.01,87100120,-0.010296902926347884,-0.023606505605558215,-0.0058681672025723275,380.571,-2.51227760391623,380.4582000000001,1,-0.046295820266310184,0.0164206406073519,0.01697571879468151,0.9673016386496981,-0.5452784333960604,59.45984162895929,0.06382577289021851,1
2022-11-04,377.0,378.87,370.0,376.35,103505200,0.014393143041966594,-0.03256901958768177,0.037376994955759635,380.777,-1.1626227424450437,379.595,1,-0.03256901958768177,0.015151388430100497,0.015941242246679442,0.9504521790487519,0.2855688788729419,57.12576641244208,0.05888136043576453,1
2022-11-07,377.71,380.57,375.53,379.95,68286950,0.009565563969708979,-0.01620879832215627,0.05535803566468522,380.885,-0.24548091943762612,379.0878,1,-0.023314996658269527,0.014946646167740803,0.01586030408460829,0.9423934174279702,-1.4239913244857738,56.66565900846433,0.03992630609290693,1
2022-11-08,381.11,385.12,377.72,382.0,84641060,0.005395446769311807,-0.006553625299074106,0.06781461396544963,380.593,0.369686252768701,378.6752,1,-0.018045344712354083,0.014070072439888646,0.015720401906330908,0.8950198934940943,-0.6003930343461368,60.292772186642274,0.043167539267015664,1
2022-11-09,379.93,381.14,373.61,374.13,78495470,-0.0206020942408377,-0.0019740176594552628,0.04927641911599734,379.804,-1.4939284473043934,378.1936,1,-0.03827566706081942,0.015328776095039577,0.01656225881129323,0.9255244873113211,-0.9051338761718603,56.196702671972695,0.05698553978563603,1
2022-11-10,388.05,395.04,385.64,394.69,141455800,0.054954160318605894,0.06382577289021851,0.07847637784517847,381.275,3.518457806045511,378.1838,1,0.0,0.02352607468246,0.019667702856314553,1.1961780617865432,2.249647886696802,62.43295953193563,-0.001140135296055056,0
2022-11-11,395.59,399.35,393.61,398.51,93839870,0.009678481846512543,0.05888136043576453,0.1143080837737327,382.22400000000005,4.260852275105682,378.2256,1,0.0,0.022616038884947322,0.018657087755716884,1.2121955570486793,-0.07869095665151121,62.08169291338582,-0.006223181350530793,0
2022-11-14,396.66,400.18,394.83,395.12,71893170,-0.008506687410604452,0.03992630609290693,0.07714955564036852,383.115,3.1335238766427826,378.2832000000001,1,-0.008506687410604452,0.02268177106143127,0.018280779912977094,1.240744167885858,-1.145413006577685,56.486899007886024,-0.0013413646487143716,0
2022-11-15,401.15,402.31,394.49,398.49,93194450,0.008529054464466501,0.043167539267015664,0.07372079864198522,384.512,3.635257157123837,378.4378,1,-5.018694637515253e-05,0.02261342188771972,0.018221894137576335,1.2410028132633797,-0.04423982110322078,60.412188645846534,0.003538357298802808,1
2022-11-16,396.78,397.78,394.79,395.45,68508450,-0.007628798715149765,0.05698553978563603,0.07313432835820888,386.57000000000005,2.297126005639325,378.3912,1,-0.007678602795412881,0.02072938743683195,0.018239214670329112,1.1365285080258287,-1.2431641621969438,59.65788487951054,0.01762548994816049,1
2022-11-17,390.46,394.95,390.14,394.24,74496260,-0.003059805285118178,-0.001140135296055056,0.07889767658246893,388.893,1.3749283221863178,378.2684,1,-0.010714913051115382,0.020235176625586306,0.018091907489881796,1.1184656254130843,-0.8923093178769791,53.611956822585135,0.020520495129870087,1
2022-11-18,397.74,397.81,393.04,396.03,92922450,0.004540381493506329,-0.006223181350530793,0.058083304389644264,390.861,1.3224650195337941,378.057,1,-0.006223181350530793,0.020034681539980632,0.017450624464304326,1.148078200924102,0.10959690870322183,56.892195395845036,-0.000303007347928097,0
2022-11-21,394.64,395.82,392.66,394.59,51243190,-0.0036360881751382745,-0.0013413646487143716,0.0414918045767676,392.325,0.577327470846871,377.7294,1,-0.009836641489548659,0.0201559802698154,0.01736772322570984,1.1605424618914952,-1.855102725247583,57.092548246231864,0.0016219366937835211,1
2022-11-22,396.63,400.07,395.15,399.9,60429030,0.013457006006234229,0.003538357298802808,0.0389171775953443,394.11499999999995,1.467845679560541,377.8654,1,0.0,0.02037946225810228,0.0172715599977957,1.179943343896164,-1.304552894368385,68.77719429857463,0.019454863715929083,1
2022-11-23,399.55,402.93,399.31,402.42,68261630,0.0063015753938484576,0.01762548994816049,0.05340034553164763,396.944,1.379539683179491,378.0218,1,0.0,0.01833026140378915,0.01714408622493656,1.0691885915230213,-0.8493958418337829,74.04685346807535,0.012325431141593235,1
2022-11-25,401.83,402.91,401.54,402.33,30545430,-0.00022364693603704744,0.020520495129870087,0.05881888520448442,397.70799999999997,1.162159172055884,378.26599999999996,1,-0.00022364693603704744,0.00762447516045971,0.01705508287327395,0.4470500212231505,-2.14894719165565,71.6283716283716,0.011383690005716707,1
2022-11-28,399.09,400.81,395.11,395.91,68021750,-0.015957050182685784,-0.000303007347928097,0.017711171662125436,397.448,-0.3869688613353078,378.47299999999996,1,-0.016177128373341287,0.008932834270159621,0.01681883044959742,0.5311210132553206,-0.5764259111074478,62.69083969465652,0.009295041802429793,1
2022-11-29,396.05,397.3,393.3,395.23,52310040,-0.0017175620721880946,0.0016219366937835211,0.02335516946738836,397.459,-0.5608125617988233,378.60659999999996,1,-0.0178669052233984,0.008514912997325562,0.016721748442733476,0.5092118821477525,-1.0939033743429496,60.75434888635995,-0.003542241226627607,0
2022-11-30,395.49,407.68,393.48,407.68,144566700,0.03150064519393769,0.019454863715929083,0.06023093727244366,398.37800000000004,2.3349682964420633,379.0784,1,0.0,0.012980884681438268,0.01796085467068794,0.7227320146753947,2.107388657298948,75.38205477379333,-0.035616169544740894,0
2022-12-01,408.77,410.0,404.75,407.38,76398170,-0.0007358712715855864,0.012325431141593235,0.08672339744444746,399.571,1.9543460361237348,379.6782,1,-0.0007358712715855864,0.012568123518581156,0.016733619728095193,0.751070224063936,-0.150347844547995,63.84464324678159,-0.027345475968383326,0
2022-12-02,402.25,407.86,402.14,406.91,85342730,-0.0011537139771220506,0.011383690005716707,0.09676289048812703,400.838,1.5148264386111103,380.332,1,-0.0018887362637362015,0.012479357739209874,0.016436168280173864,0.7592619840880496,0.1803900099050207,59.88700564971756,-0.03349635054434652,0
2022-12-05,403.95,404.93,398.17,399.59,77289820,-0.017989235948981497,0.009295041802429793,0.06175102962667722,401.194,-0.39980657736657127,380.96479999999997,1,-0.01984399529042391,0.01414107815522012,0.017021289294625826,0.8307877218023031,-0.06791568459860839,54.81577246283125,-0.0016016416827248081,0
2022-12-06,399.42,399.99,391.64,393.83,77972220,-0.014414775144523162,-0.003542241226627607,0.03653112251612045,401.11800000000005,-1.81692170383779,381.5552,1,-0.03397272370486659,0.014921658136852763,0.01738523166532393,0.8582950416827095,-0.060780718688371226,45.22540983606555,0.020668816494426645,1
2022-12-07,392.94,395.64,391.97,393.16,65927900,-0.0017012416524895269,-0.035616169544740894,0.02921465968586401,400.444,-1.8189809311664034,382.1508,1,-0.035616169544740894,0.014141748655002699,0.017383342045234913,0.813523004851602,-0.4752557663050203,47.533922033168245,0.01587140095635342,1
2022-12-08,395.14,397.36,393.27,396.24,60737910,0.007833960728456546,-0.027345475968383326,0.05909710528425949,399.826,-0.8968901472140414,382.665,1,-0.028061224489795866,0.014244918187919222,0.01661953277320073,0.857119052762385,-0.6288914804716642,52.0703933747412,-0.016681809004643666,0
2022-12-09,394.94,397.62,393.15,393.28,81447730,-0.0074702200686453946,-0.03349635054434652,-0.0035724239276394565,398.921,-1.414064438823732,383.2748,1,-0.035321821036106815,0.014359132986059606,0.011387807392209494,1.2609216587104224,0.2955060069108566,47.22053769961593,-0.025452603742880386,0
2022-12-12,394.11,398.95,393.41,398.95,75405840,0.014417209113100071,-0.0016016416827248081,0.001104112820255354,399.225,-0.06888346170706595,384.11019999999996,1,-0.021413854003139776,0.014333696670927707,0.011648664754550009,1.2305012611277113,0.07040437898090328,54.05959031657357,-0.04744955508209048,0
2022-12-13,410.22,410.49,399.07,401.97,123782500,0.007569870911141807,0.020668816494426645,0.01733650536545861,399.899,0.5178807648931422,384.81739999999996,1,-0.014006083202511732,0.014448774890834676,0.011576560647699085,1.2481060075218853,1.9090485461189124,52.013226998638444,-0.05331243625146154,0
2022-12-14,401.61,405.5,396.31,399.4,108111300,-0.006393511953628472,0.01587140095635342,0.0022836206680216797,399.071,0.08244147031479383,385.24600000000004,1,-0.020310047095761452,0.010106245968132335,0.01154138100167243,0.8756530926990337,1.2107380117242927,47.06568208317136,-0.032974461692538704,0
2022-12-15,394.3,395.25,387.89,389.63,117705900,-0.024461692538808144,-0.016681809004643666,-0.014717410544948795,397.296,-1.9295437155168935,385.4968,1,-0.04427492150706436,0.012318396073342867,0.01269652236899956,0.9702181207840074,1.4101132790191677,39.6140006542362,-0.022867848984934325,0
2022-12-16,385.18,386.58,381.04,383.27,119858000,-0.01632317840002062,-0.025452603742880386,-0.027825689935064957,394.932,-2.9529134129419834,385.6982,1,-0.05987539246467821,0.012801980969300502,0.013165920516917515,0.9723574552079841,1.3358619920460948,39.65291421087097,-0.0009392856211024592,0
2022-12-19,383.47,383.82,378.28,380.02,79878100,-0.008479661857176413,-0.04744955508209048,-0.04042623033608561,392.975,-3.2966473694255463,386.0428,1,-0.06784733124018849,0.01213969842174224,0.01318237222487648,0.9209039325132536,-0.048915290751129936,38.05184603299292,0.003631387821693588,1
2022-12-20,379.23,382.23,377.85,380.54,74427240,0.001368349034261529,-0.05331243625146154,-0.035606578980714065,391.646,-2.8357240977821796,386.4532,1,-0.0665718210361067,0.01179235658870339,0.013196747978479733,0.8935804948259587,-0.29115346101226536,23.76256767208052,-0.010196037210280062,0
2022-12-21,383.25,387.41,382.69,386.23,78167370,0.014952436011983039,-0.032974461692538704,-0.034183545886471545,390.95300000000003,-1.208073604755562,387.023,1,-0.05261479591836726,0.013150961176375294,0.013291215174647363,0.9894476166077275,-0.190459456680166,31.48310278410092,-0.0072236750122983695,0
2022-12-22,383.05,386.21,374.77,380.72,100120900,-0.014266110866582027,-0.022867848984934325,-0.05392376124447096,389.40099999999995,-2.229321444988566,387.50620000000004,1,-0.06613029827315542,0.013227745995866175,0.013438162099173354,0.9843418987094877,0.5637959244931721,28.930008045052347,0.004491489808783333,1
2022-12-23,379.65,383.06,378.03,382.91,59857330,0.005752258877915528,-0.0009392856211024592,-0.04826883404170701,388.36400000000003,-1.4043526176473637,387.845,1,-0.06075843799058078,0.013490426190839287,0.013561575849789348,0.9947535847059273,-1.0786315936784787,35.37355313924945,-0.005458201666187934,0
2022-12-27,382.79,383.15,379.65,381.4,51638180,-0.003943485414327208,0.003631387821693588,-0.03664974362860263,386.609,-1.3473561143170498,388.3204,0,-0.06446232339089486,0.012096517959054085,0.013189679713842562,0.917119916593486,-1.330977935622478,38.222474891036605,0.006187729417933996,1
2022-12-28,381.33,383.39,376.42,376.66,70911520,-0.012427897220765427,-0.010196037210280062,-0.04698529969890952,384.07800000000003,-1.931378522071039,388.51719999999995,0,-0.07608908948194659,0.011533579801154374,0.013402600189637775,0.8605479263696582,-0.6347910566313206,35.48557353976078,0.0072213667498539635,1
2022-12-29,379.63,384.35,379.08,383.44,66970880,0.01800031858970952,-0.0072236750122983695,-0.05945839874411307,382.482,0.25046930313059695,388.76340000000005,0,-0.0587657715155383,0.01388110735806804,0.011860985562515742,1.170316520908388,-0.7554570119282985,39.428477039973586,0.012100980596703392,1
2022-12-30,380.64,382.58,378.43,382.43,84022210,-0.002634049655747983,0.004491489808783333,-0.06124502921105601,381.762,0.17497812773403493,389.04200000000003,0,-0.06016072350151147,0.011874148669530965,0.01184956023481802,1.0020750504006635,0.05056602667122497,40.74074074074079,0.014198676882043682,1
2023-01-03,384.37,386.43,377.83,380.82,74850730,-0.0042099207698140795,-0.005458201666187934,-0.0641173723919295,381.517,-0.18269172802260522,389.35020000000003,0,-0.052615866855735605,0.010796980231930367,0.011843004520125149,0.9116757672077855,-0.3672275226566964,33.37612323491659,0.025628906044850464,1
2023-01-04,383.18,385.88,380.0,383.76,85934100,0.007720182763510275,0.006187729417933996,-0.039615605996146,381.89099999999996,0.4894066631578195,389.5396,0,-0.045301888200612095,0.010696324754606154,0.011549591483398968,0.9261214797060767,0.1473622118645089,33.27823691460054,0.03064415259537201,1
2023-01-05,381.72,381.84,378.76,379.38,76970460,-0.011413383364602847,0.0072213667498539635,-0.03669095802757527,381.775,-0.6273328531202886,389.5498,0,-0.056198223748040954,0.011392586256951805,0.011397682488883018,0.9995528712142855,-0.2834360917856505,32.207607536437976,0.046338763245294956,1
2023-01-06,382.61,389.25,379.41,388.08,104189600,0.0229321524592756,0.012100980596703392,-0.012920948214467542,381.96,1.6022620169651285,389.61299999999994,0,-0.034554817523695935,0.012771501712286306,0.012669557293383905,1.0080464073480797,0.9338043240622448,48.595760101467654,0.026850133992991188,1
2023-01-09,390.37,393.7,387.67,387.86,73978070,-0.0005668934240361523,0.014198676882043682,-0.0211487987078538,382.67400000000004,1.3552005100947486,389.72979999999995,0,-0.03510212204890917,0.011694904779060567,0.012514447511896624,0.9345122721512896,-0.5655480989169578,54.67889908256885,0.025550456350229345,1
2023-01-10,387.25,390.65,386.27,390.58,65358090,0.007012839684422234,0.025628906044850464,-0.006865337672904759,383.441,1.8618248961378698,389.9418,0,-0.028335447918999,0.011747466588892287,0.01253897633562877,0.9368760474898215,-0.9300378300765043,60.882110469909335,0.0023298684008399295,1
2023-01-11,392.23,395.6,391.38,395.52,68881080,0.012647857033130316,0.03064415259537201,-0.008597568617621287,384.853,2.771707639020606,390.0718,0,-0.016045973580118056,0.011976793225441252,0.01243571690461663,0.9630963230591871,-0.7368258597124536,64.14809217982622,-0.017394822006472466,0
2023-01-12,396.67,398.49,392.42,396.96,90157700,0.00364077669902918,0.046338763245294956,-0.012463616687812595,386.883,2.604663425376664,390.2868,0,-0.006109163745618429,0.010566559904874756,0.01233450412772761,0.8566667776389514,0.40198802247232834,61.0186896693366,-0.0027206771463119672,0
2023-01-13,393.62,399.1,393.34,398.5,63903930,0.003879484079000406,0.026850133992991188,-0.0022533800701051154,388.389,2.6033178076619032,390.5664,0,0.0,0.009580167438358341,0.012292385248787393,0.7793578906342361,-0.9040312186224998,69.87924865831843,0.005345043914680048,1
2023-01-17,398.48,400.23,397.06,397.77,62677280,-0.0018318695106650518,0.025550456350229345,0.020891615122038854,389.923,2.0124486116489613,391.0244,0,-0.0018318695106650518,0.009522553322292052,0.010887420670267703,0.8746381361287024,-0.9142405378245171,67.17521960240404,0.006109057998340717,1
2023-01-18,399.01,400.12,391.28,391.49,99632260,-0.01578801820147313,0.0023298684008399295,0.021447021681843204,390.98999999999995,0.12788050845291618,391.43399999999997,0,-0.01759096612296107,0.011187451788596058,0.010842937305125982,1.0317731693705547,1.6335711441831222,60.50385175931716,0.02263148483997046,1
2023-01-19,389.36,391.08,387.26,388.64,86958920,-0.007279879434979208,-0.017394822006472466,0.022683016683332502,391.47799999999995,-0.7249449522067565,391.67979999999994,0,-0.024742785445420412,0.01146020491213828,0.010790238148022123,1.0620900813240126,0.699895033966886,62.98222800173382,0.0414522437216962,1
2023-01-20,390.1,396.04,388.38,395.88,91806360,0.018629065459036642,-0.0027206771463119672,0.04031113680559195,393.128,0.7000264544881081,391.99839999999995,1,-0.006574654956085335,0.011685878537979198,0.011474887958540923,1.018387158131791,0.9547553556636275,63.34763948497855,0.024754976255430883,1
2023-01-23,396.72,402.65,395.72,400.63,84178800,0.011998585429928266,0.005345043914680048,0.03728348393444314,394.383,1.5839932248601016,392.371,1,0.0,0.01016419155880887,0.011317885031121475,0.8980645704440163,0.41049258829670143,68.07707588398887,-9.984274767249612e-05,0
2023-01-24,398.88,401.15,397.64,400.2,59524910,-0.0010733095374785284,0.006109057998340717,0.05116621138894706,395.61699999999996,1.1584436462538332,392.89240000000007,1,-0.0010733095374785284,0.010186471347282402,0.010693790807150796,0.9525594366845893,-1.1612706489793787,69.71114727420668,0.015692153923038576,1
2023-01-25,395.95,400.7,393.56,400.35,84800250,0.0003748125937033109,0.02263148483997046,0.04554595074560597,396.594,0.9470642521066956,393.00559999999996,1,-0.0006988992337068067,0.010125309513132978,0.01067668711036003,0.9483568646783674,0.5355535034587354,67.88872115591981,0.026102160609466685,1
2023-01-26,403.13,404.92,400.03,404.75,72287430,0.010990383414512195,0.0414522437216962,0.06122181436811758,397.517,1.819544824498073,393.1304,1,0.0,0.009953198216583855,0.010740304526562152,0.926714712042691,-0.486232660307575,77.34425522741972,0.029722050648548493,1
2023-01-27,403.66,408.16,403.44,405.68,68346180,0.002297714638665793,0.024754976255430883,0.07704561142675082,398.389,1.8301208115685914,393.3416,1,0.0,0.009942961738340193,0.010111156778500992,0.9833654008294652,-0.7837460885007042,72.78612118073539,0.016441530270163707,1
2023-01-30,402.8,405.13,400.28,400.59,74202020,-0.012546834943798157,-9.984274767249612e-05,0.04472668474859165,398.598,0.4997516294612521,393.3836,1,-0.012546834943798157,0.010944687024062729,0.010154935504491362,1.0777702152044266,-0.35661211803411774,64.63554840193142,0.023065977682917627,1
2023-01-31,401.13,406.53,400.77,406.48,86811790,0.014703312613894681,0.015692153923038576,0.06288732578511103,399.469,1.7550798685254738,393.6042,1,0.0,0.01175907332035517,0.0104526888619481,1.1249807083766574,0.6429197539179703,67.03814830690098,0.021427868529816818,1
2023-02-01,405.21,413.67,402.35,410.8,101459200,0.010627829167486613,0.026102160609466685,0.07872485688776854,401.4,2.3418036870951755,393.9354,1,0.0,0.010113501933134064,0.01043265880816157,0.9694079063739891,1.5883881551774894,66.59426585577756,-0.00036514118792607686,0
2023-02-02,414.86,418.31,412.88,416.78,101654500,0.014556962025316311,0.029722050648548493,0.08604336043360439,404.214,3.1087493258521413,394.35040000000004,1,0.0,0.009539301795637906,0.01067540598767287,0.8935774252195328,1.4582445359308593,69.59272439699481,-0.02324967608810402,0
2023-02-03,411.59,416.97,411.09,412.35,94736780,-0.010629108882383886,0.016441530270163707,0.08690495018187572,405.861,1.598823242440154,394.7056,1,-0.010629108882383886,0.010067544160639793,0.010616352550795126,0.9483053725345406,0.8916746417828054,62.9511875818216,-0.010452285679641071,0
2023-02-06,409.79,411.29,408.1,409.83,60295330,-0.006111313204801849,0.023065977682917627,0.05604514533085969,406.781,0.7495433660864146,394.90420000000006,1,-0.016675464273717577,0.010123532983216768,0.00988448515419046,1.024184145688657,-1.3503257528554922,60.91205211726383,0.007320108337603326,1
2023-02-07,408.87,416.49,407.57,415.19,90990750,0.013078593563184748,0.021427868529816818,0.07046356932913933,408.28000000000003,1.6924659547369374,395.1596,1,-0.003814962330246141,0.01057568209717699,0.010109920885468835,1.0460697187430616,0.7312454473476296,71.80714022819282,-0.006141766420193151,0
2023-02-08,413.13,414.53,409.93,410.65,76227460,-0.010934752763794964,-0.00036514118792607686,0.05138511956577396,409.31,0.32738022525713395,395.32599999999996,1,-0.01470799942415657,0.011535974287552167,0.010564190367306898,1.0919884900268986,-0.3382719448393194,69.64126360878097,0.008109095336661598,1
2023-02-09,414.41,414.57,405.81,407.09,78694860,-0.008669183002556924,-0.02324967608810402,0.029252629449838086,409.544,-0.5992030160373507,395.5496,1,-0.02324967608810402,0.011622694904781999,0.010568358174604227,1.0997635311709386,-0.20143918928302884,60.70678127984715,0.002923186518951626,1
2023-02-10,405.86,408.44,405.01,408.04,70769720,0.002333636296642183,-0.010452285679641071,0.02791213220475619,409.78000000000003,-0.424618087754407,395.80580000000003,1,-0.020970296079466322,0.011623270629284942,0.010558431278041912,1.1008520416719052,-0.7048534811895122,57.63130792996911,-0.001911577296343614,0
2023-02-13,408.72,412.97,408.24,412.83,64913540,0.011739045191647701,0.007320108337603326,0.03595984943538255,411.004,0.44427791457016597,395.90880000000004,1,-0.009477422141177527,0.01108640395168599,0.010797933412028237,1.026715347154893,-1.1379446774743671,61.93536193536191,-0.033282464937141265,0
2023-02-14,411.24,415.05,408.51,412.64,88389310,-0.0004602378703097987,-0.006141766420193151,0.03738341252482602,411.62,0.24780137019580728,396.014,1,-0.009933298142905111,0.010329544273532318,0.010777833516713003,0.9584063678024409,0.4977245662213814,61.60528800755426,-0.034170221015897506,0
2023-02-15,410.35,414.06,409.47,413.98,61685280,0.003247382706475399,0.008109095336661598,0.05744718894480072,411.938,0.4957056644446568,396.1554,1,-0.006718172657037225,0.009862210953656449,0.00994250323228381,0.9919243397008262,-1.382174872118955,59.25035077169774,-0.03217546741388466,0
2023-02-16,408.79,412.91,408.14,408.28,76431470,-0.013768781100536365,0.002923186518951626,0.050535199670646236,411.088,-0.6830654263807383,396.32919999999996,1,-0.020394452708863198,0.009539304796580347,0.01038621448221729,0.9184582903533356,-0.2270494425084822,52.3783388218075,-0.029146664054080507,0
2023-02-17,406.06,407.51,404.05,407.26,89257820,-0.0024982854903496943,-0.001911577296343614,0.028746084672122807,410.579,-0.8083706180783763,396.5978,1,-0.022841787033926697,0.009058114136664908,0.009714135936917837,0.9324673028550312,0.7670166891660964,56.5922118995849,-0.02340028483032941,0
2023-02-21,403.06,404.16,398.82,399.09,82655920,-0.020060894760104198,-0.033282464937141265,-0.0038439457853880477,409.505,-2.5433144894445783,396.7164,1,-0.0424444551082106,0.010803680912627813,0.010497623531573866,1.0291549206478412,0.26574934430714775,43.01115944770188,-0.007091132326041749,0
2023-02-22,399.52,401.13,397.02,398.54,83742290,-0.0013781352577111328,-0.034170221015897506,-0.004147926036981442,407.84000000000003,-2.280306002353867,396.76239999999996,1,-0.04376409616584276,0.009340886868731692,0.01049927082768346,0.8896700563340596,0.2736500350012621,37.515274949083526,-0.009534802027400091,0
2023-02-23,401.56,402.2,396.25,400.66,96242400,0.005319415867917954,-0.03217546741388466,0.0007743224678407046,406.841,-1.5192667405694076,396.91,1,-0.038677479725514496,0.00942263214521592,0.010570388199312842,0.8914177954058928,1.2079712723906582,32.18390804597709,-0.007113263115858914,0
2023-02-24,395.42,397.25,393.64,396.38,108194400,-0.010682374082763513,-0.029146664054080507,-0.020679431747992583,405.77000000000004,-2.314118835793687,396.8586,1,-0.04894668650127165,0.00959099582267215,0.01050500866609823,0.9129926616456984,1.838520343501387,32.2909736083389,0.019703315000756838,1
2023-02-27,399.87,401.29,396.75,397.73,80444740,0.003405822695393468,-0.02340028483032941,-0.019596726483928184,404.739,-1.7317332898485094,396.7738,1,-0.045707567541628524,0.009658294391629373,0.01052617219148275,0.9175504842533717,-0.21956310114139788,36.22495446265947,0.01694616951198058,1
2023-02-28,397.23,399.28,396.15,396.26,96438570,-0.0036959746561738838,-0.007091132326041749,-0.010809056641453818,403.082,-1.6924595987913138,396.711,1,-0.049234608186573214,0.008259518207154344,0.01019313958652815,0.8103016874281411,0.8820178928058374,26.355233574818968,0.005072427194266371,1
2023-03-01,395.41,396.69,393.38,394.74,99706820,-0.0038358653409377164,-0.009534802027400091,-0.028882109820901447,401.29200000000003,-1.6327262940701586,396.8132,1,-0.052881616200393444,0.00816461262395273,0.00956179894199727,0.8538782998345815,1.0437412017162404,28.505809240745847,0.010589248619344405,1
2023-03-02,392.68,398.69,392.33,397.81,85404730,0.0077772711151644636,-0.007113263115858914,-0.031621226874391506,399.675,-0.4666291361731429,397.10400000000004,1,-0.045515619751427594,0.008741041014326113,0.00939249611490528,0.9306408975197392,0.07909111987997007,37.29463307776568,-0.015711017822578666,0
2023-03-03,399.71,404.45,399.03,404.19,90119950,0.016037806993288273,0.019703315000756838,-0.030207783482892547,399.266,1.2332630376741265,397.5874,1,-0.02649389436161753,0.010007901681291918,0.009531077344774562,1.0500283776186934,0.4937331130175599,45.411203814064336,-0.04522625497909394,0
2023-03-06,405.05,407.45,404.01,404.47,72795950,0.0006927435117147773,0.01694616951198058,-0.019109979386443543,398.98699999999997,1.3742302380779476,398.066,1,-0.025819504323321807,0.010004315696329097,0.009292903871914076,1.0765543079128495,-0.7703499428829257,38.83547008547018,-0.0472470146117141,0
2023-03-07,404.42,404.67,397.63,398.27,108310600,-0.015328701757856056,0.005072427194266371,-0.02820681746089848,398.905,-0.1591857710482423,398.3068,1,-0.040752426599869995,0.009050129138360506,0.0097795626352614,0.925412462284271,1.8011564687593837,33.46375143843504,-0.016421020915459272,0
2023-03-08,398.39,399.71,396.59,398.92,74746630,0.0016320586536773263,0.010589248619344405,-0.039186878296683436,398.943,-0.005765234632508332,398.67079999999993,1,-0.036378569012995854,0.009055495597850644,0.009206788742542547,0.9835672188292091,-0.7305028145974722,32.390084190832624,-0.02416524616464466,0
2023-03-09,399.74,401.48,390.53,391.56,111945300,-0.018449814499147732,-0.015711017822578666,-0.046487276269329025,398.033,-1.6262470699665639,398.8438,0,-0.05415720566210935,0.010540426898871812,0.009730939029709701,1.0831870250846962,1.8172368609172838,31.179648806843844,0.011620185922974757,1
2023-03-10,390.99,393.16,384.32,385.91,189253000,-0.01442946164061698,-0.04522625497909394,-0.052027807118818825,396.986,-2.790022821963486,398.934,0,-0.06780520798106182,0.010933004965492966,0.010009627464110127,1.0922489378044928,3.618381268554,28.23649337410815,0.010572413256976887,1
2023-03-13,381.81,390.39,380.65,385.36,157790000,-0.0014252027674847012,-0.0472470146117141,-0.05558278600137245,395.74899999999997,-2.6251487685376222,399.108,0,-0.06913377457848202,0.01074225397896142,0.009946809922380848,1.0799697654612643,2.0431937897907653,33.42988172821636,0.02174589993772047,1
2023-03-14,390.5,393.45,387.05,391.73,149752400,0.016529997924019213,-0.016421020915459272,-0.051110626650194946,395.296,-0.9021087994819007,399.2738,0,-0.053746557804724815,0.01239506406564283,0.010364505596975198,1.1959146482838734,1.568244586765715,42.79365079365081,0.01832895106323229,1
2023-03-15,385.89,389.49,383.71,389.28,172996900,-0.006254307814055671,-0.02416524616464466,-0.0566110895696007,394.75,-1.3856871437618816,399.41079999999994,0,-0.05966471810232388,0.012478126205581412,0.010383432360976398,1.20173424083518,1.9381382269145957,38.041193778898695,0.007269831483764921,1
2023-03-16,386.82,396.47,386.29,396.11,143753900,0.017545211672832073,0.011620185922974757,-0.04316633653799706,394.58000000000004,0.3877540676161926,399.71659999999997,0,-0.029807974919172975,0.013601314107680439,0.011279462507354053,1.2058477164858317,1.009079512076249,49.73070017953323,-0.007422180707379211,0
2023-03-17,393.22,394.4,388.55,389.99,140553400,-0.015450253717401718,0.010572413256976887,-0.044797687861271585,393.15999999999997,-0.806287516532699,399.8412,0,-0.04240534302411236,0.01301958489358029,0.0113765243195005,1.1444255317297058,0.8294062277518389,42.95081967213117,0.014769609477166101,1
2023-03-20,390.8,394.17,390.07,393.74,93055780,0.009615631170029948,0.02174589993772047,-0.03319746599224083,392.08700000000005,0.42159010627742394,400.12839999999994,0,-0.026528543526095905,0.013629845041751496,0.011679781469930437,1.166960621381615,-0.5435049067975259,47.79643231899268,0.006984304363285343,1
2023-03-21,397.24,399.41,395.58,398.91,91524250,0.013130492202976685,0.01832895106323229,-0.0004510260843417768,392.151,1.7235707673829759,400.345,0,-0.013746384157044989,0.013648258048659127,0.011272864202458568,1.2107178622521235,-0.6064054261116195,53.427585073154695,-0.008297610989947635,0
2023-03-22,398.73,402.49,392.07,392.11,111746600,-0.017046451580557065,0.007269831483764921,-0.016133888693732112,391.47,0.1634863463356033,400.43,0,-0.030558508665661233,0.01467664478449299,0.011903260093673996,1.2329937066814924,-0.05918470620064652,45.58550185873608,0.023564815995511523,1
2023-03-23,395.09,399.29,390.35,393.17,119351300,0.002703323047104078,-0.007422180707379211,-0.018694154644836036,391.63100000000003,0.39297195574405175,400.4818,0,-0.027937795139318156,0.013455616657385568,0.011847346768075412,1.1357493724792371,0.13334610780251938,40.69885212694131,0.026782307907520897,1
2023-03-24,391.84,395.84,389.4,395.75,107770100,0.006562046951700262,0.014769609477166101,-0.0015893839245169072,392.615,0.7984921615322875,400.4864,0,-0.021559077311049113,0.012470489496132522,0.011722981994879488,1.0637642795646653,-0.2124772903714482,42.91517712057199,0.0344662034112444,1
2023-03-27,398.12,398.92,395.56,396.49,74010410,0.0018698673404926591,0.006984304363285343,-0.003117692907248615,393.728,0.7014995123537062,400.477,0,-0.019729522585111403,0.012395886649302409,0.011704414560596298,1.0590778876744504,-1.1991942366969983,48.41298145506422,0.0364700244646774,1
2023-03-28,395.77,396.49,393.69,395.6,62871680,-0.0022446972180887315,-0.008297610989947635,-0.001665573108564966,394.115,0.37679357547924175,400.41900000000004,0,-0.021929932998739132,0.011494617365592529,0.01168537160761849,0.9836758086579296,-1.406822164765911,47.052556818181834,0.033038422649140475,1
2023-03-29,399.93,401.6,398.68,401.35,77497880,0.014534883720930258,0.023564815995511523,0.016745199371738462,395.322,1.5248329210112312,400.4906,0,-0.007713798303953356,0.011900950698182743,0.012084704662079318,0.9847945010627212,-0.9435767043844943,58.947176019009326,0.015572443004858494,1
2023-03-30,404.09,404.35,401.76,403.7,69840050,0.005855238569826726,0.026782307907520897,0.014806063195998087,396.081,1.923596436082511,400.7348,0,-0.0019037258634757581,0.010854951681062078,0.01203467564357042,0.9019729324289172,-1.1099921747017891,67.30208130713862,0.013599207332177343,1
2023-03-31,404.66,409.7,404.55,409.39,112062600,0.014094624721327609,0.0344662034112444,0.012865236646131706,398.021,2.8563819496961145,401.1498,0,0.0,0.009531964558574576,0.01191243943155555,0.8001689841397894,-0.0005126918229583634,71.24668435013257,0.0005373848897141098,1
2023-04-03,408.85,411.37,408.44,410.95,67391100,0.003810547399790032,0.0364700244646774,0.016020965708210655,399.742,2.8038084564544055,401.45120000000003,0,0.0,0.009389071623496616,0.01193262816434571,0.7868402077214511,-1.1985015078937347,68.57363741785846,-0.0029930648497382695,0
2023-04-04,411.62,411.92,407.24,408.67,66601530,-0.00554812020927109,0.033038422649140475,0.026112938458834556,400.718,1.9844379339086333,401.61199999999997,0,-0.00554812020927109,0.009300651083487136,0.011423700685382296,0.8141539541024737,-1.122470979656371,68.79968974209817,-0.0015171164998654119,0
2023-04-05,407.91,408.7,405.88,407.6,65200240,-0.002618249443316123,0.015572443004858494,0.021758748621277357,402.267,1.3257363890152627,401.76,1,-0.008151843289937899,0.0066917351198228755,0.011457695959406636,0.5840384614438157,-1.1314037818274043,62.540929927963354,0.01440137389597651,1
2023-04-06,406.77,409.48,405.68,409.19,63743350,0.003900883218841855,0.013599207332177343,0.0450250280927571,403.869,1.3175064191606607,401.9368,1,-0.004282759459788288,0.006678603963950866,0.010496149517978962,0.6362908562336138,-1.0712940047348811,73.25581395348841,0.007991397639238507,1
2023-04-10,406.61,409.69,405.97,409.61,63681040,0.0010264180454067073,0.0005373848897141098,0.061413282889792864,405.255,1.0746320218134306,402.034,1,-0.003260737315975093,0.0066740610535228565,0.009745045259968449,0.6848671171327597,-1.016105979983976,70.90909090909095,0.010571030980689011,1
2023-04-11,410.26,411.18,408.92,409.72,59297950,0.00026854813114907117,-0.0029930648497382695,0.06321361843471052,406.57800000000003,0.7727914446920383,402.11480000000006,1,-0.0029930648497382695,0.006735596217057111,0.00971159631074561,0.6935622117657797,-1.0450701032517145,66.43356643356648,0.010958703504832412,1
2023-04-12,411.87,412.17,407.44,408.05,86420380,-0.004075954310260754,-0.0015171164998654119,0.04166134837770907,407.82300000000004,0.05566140212787789,402.264,1,-0.007056819564423833,0.006925551084191616,0.00929763621384832,0.7448722368677305,-0.18676256523359658,78.71037463976953,0.014924641588040632,1
2023-04-13,409.18,413.84,407.99,413.47,85814750,0.01328268594534987,0.01440137389597651,0.062140361693382884,409.03499999999997,1.0842592932145316,402.40380000000005,1,0.0,0.006704106222079983,0.00940121450455353,0.7131106538238025,-0.08737199947534435,81.60024906600256,-0.0038455026966890404,0
2023-04-14,412.81,415.09,410.06,412.46,78161500,-0.002442740706701918,0.007991397639238507,0.041276413117568245,409.91099999999994,0.6218423023534463,402.43700000000007,1,-0.002442740706701918,0.006823856430317193,0.00882517352249732,0.7732263182045852,-0.29223410084391316,77.34860883797049,-0.0006303641565242879,0
2023-04-17,412.37,413.96,411.09,413.94,66436400,0.0035882267371381005,0.010571030980689011,0.061411831072591516,410.366,0.870929852863057,402.38019999999995,1,0.0,0.005455461583838436,0.007804650052486548,0.699001434676797,-0.773458481480033,77.88430808565033,-0.0031647098613325486,0
2023-04-18,415.58,415.72,412.78,414.21,63560000,0.0006522684447021199,0.010958703504832412,0.051988621933255263,410.692,0.8566030017628715,402.4174,1,0.0,0.005373142119470633,0.007661614385683,0.701306780658557,-0.8397867336514995,80.33909357678505,-0.01962772506699495,0
2023-04-19,412.22,415.08,412.16,414.14,55227330,-0.00016899640279088857,0.014924641588040632,0.03817903787821808,411.2389999999999,0.7054292029695792,402.50359999999995,1,-0.00016899640279088857,0.004916482384831763,0.00726314693369597,0.6769080165544621,-1.148354871342162,75.5902360944377,-0.023615202588496587,0
2023-04-20,411.21,413.7,410.27,411.88,75840360,-0.005457091804703662,-0.0038455026966890404,0.05041952513325332,411.66700000000003,0.05174084879282658,402.43739999999997,1,-0.005625165978609847,0.0052417176893119555,0.006029536201942899,0.8693401140245107,-0.01103810116332902,66.42570281124497,0.0012867825580267223,1
2023-04-21,412.19,412.68,410.17,412.2,73457420,0.0007769253180538449,-0.0006303641565242879,0.04840145484141711,411.968,0.056315053596388776,402.46840000000003,1,-0.004852610994423134,0.005145634087420243,0.0060411512404689545,0.8517638249064602,-0.019345378344292237,57.194060419866865,0.009049005337214977,1
2023-04-24,411.99,413.07,410.6,412.63,64332100,0.0010431829209121002,-0.0031647098613325486,0.042653190145293784,412.27,0.08732141557717361,402.57920000000007,1,-0.003814490234422152,0.005145738682705078,0.005965808181942119,0.8625384064946462,-0.5747745366635454,54.56521739130436,0.00697961854445861,1
2023-04-25,410.58,411.16,406.02,406.08,97766720,-0.015873785231321103,-0.01962772506699495,0.024187243057832486,411.90599999999995,-1.414400372900605,402.54,1,-0.01962772506699495,0.007365552117878291,0.007195583504548054,1.02362124117145,1.8000381027322758,44.28760476400524,0.011721828211189944,1
2023-04-26,406.72,407.84,403.78,404.36,80447050,-0.0042356185973206895,-0.023615202588496587,0.022143579373104183,411.537,-1.7439501187013473,402.37059999999997,1,-0.023780208106998768,0.007373448670395646,0.007259528880359334,1.0156924494569506,0.49372183575326695,43.053173241852484,0.009051340389751639,1
2023-04-27,407.0,412.69,406.74,412.41,92968370,0.019908002769809086,0.0012867825580267223,0.027556995141397866,411.4309999999999,0.23794998432303321,402.366,1,-0.004345621786050469,0.00892266722399539,0.00785692251978417,1.1356440389386069,1.2853979328718756,55.4063129617193,-0.01765233626730689,0
2023-04-28,411.49,415.94,411.43,415.93,89433140,0.008535195557818565,0.009049005337214977,0.0302947733465444,411.77799999999996,1.0083103031245098,402.405,1,0.0,0.009286839038783346,0.007959282032228917,1.1667935626830226,0.9506283773942744,59.61070559610703,-0.007934027360373186,0
2023-05-01,415.47,417.62,415.27,415.51,62122250,-0.0010097853004111812,0.00697961854445861,0.014949070568406775,411.93499999999995,0.8678553655309809,402.5496,1,-0.0010097853004111812,0.009251437704953534,0.0074006608289201815,1.2500826505655978,-0.8793433440965928,58.72250677915027,-0.006666506221270185,0
2023-05-02,414.77,414.82,407.82,410.84,103998500,-0.011239200019253492,0.011721828211189944,-0.0002676724662368235,411.59799999999996,-0.18416027288761885,402.62119999999993,1,-0.01223763614069684,0.00995530874492235,0.007827820401469586,1.2717855334357637,2.0915435523309753,53.85465598231549,0.00021906338233868006,1
2023-05-03,411.36,413.87,407.77,408.02,91531770,-0.006863985979943532,0.009051340389751639,-0.001590525362762163,410.986,-0.7216790839590663,402.79979999999995,1,-0.019017623157742913,0.010133763003357757,0.007882385167632676,1.2856213935053418,1.0850440428703647,41.887466507889194,0.01183765501691103,1
2023-05-04,406.93,407.27,403.74,405.13,94901860,-0.007082986128130964,-0.01765233626730689,-0.006059862610402367,410.311,-1.2627007318838597,402.93160000000006,1,-0.02596590772485763,0.010218039772351325,0.008020949040480776,1.273919048828523,1.1867655050929182,39.66732449957713,0.017278404462764962,1
2023-05-05,408.91,413.72,408.64,412.63,87891790,0.01851257621010549,-0.007934027360373186,0.008406852562379274,410.354,0.5546430642810867,403.171,1,-0.007934027360373186,0.012051900823552427,0.009023914859470275,1.3355512558836244,0.6361804746344758,48.42130633887684,-0.0025204178077212758,0
2023-05-08,412.97,413.24,411.28,412.74,50046770,0.0002665826527397108,-0.006666506221270185,0.0076414150045165385,410.36499999999995,0.5787530612991013,403.4982,1,-0.007669559781694035,0.01204814598695247,0.009022991679255939,1.3352717607677096,-1.7988882424847221,48.221630776675575,0.0006541648495419494,1
2023-05-09,411.13,412.09,410.69,410.93,49220120,-0.004385327324708088,0.00021906338233868006,0.002953236356536104,410.85,0.019471826700738486,403.7622,1,-0.012021253576322888,0.010844194521268162,0.009086864667983086,1.1933923214986244,-1.7324354104434334,46.27350824239612,-0.0016547830530747598,0
2023-05-10,413.88,414.54,408.87,412.85,96142920,0.00467232862044642,0.01183765501691103,0.011763264305844956,411.69899999999996,0.2795731833208406,404.094,1,-0.007405092203014885,0.010709407106749417,0.009081439853571002,1.179263121204097,1.0864401502496024,51.13503393400424,0.005764805619474345,1
2023-05-11,411.95,412.43,409.97,412.13,70157060,-0.001743974809252813,0.017278404462764962,-0.003240863907901459,411.671,0.11149680205795483,404.4418,1,-0.009136152718005497,0.008720028810587819,0.008587172431628334,1.015471493092435,-0.42038180815251747,49.918849988407146,0.017227573823793474,1
2023-05-12,413.42,413.64,409.07,411.59,70481550,-0.0013102661781476677,-0.0025204178077212758,-0.0021092954468312497,411.23699999999997,0.08583857969978594,404.7174,1,-0.010434448104248428,0.008184384564181123,0.008574826513257215,0.9544664899665964,-0.3765344072731209,48.797409805735406,0.017080103986977457,1
2023-05-15,412.22,413.43,410.23,413.01,54289380,0.0034500352292330394,0.0006541648495419494,-0.0022467024206407338,410.98699999999997,0.49222968123079924,404.89380000000006,1,-0.007020412088572625,0.008305521788694216,0.008571778043985484,0.9689380366681226,-1.2601817980200243,59.09210181054841,0.01399481852739659,1
2023-05-16,411.86,412.82,410.24,410.25,57705500,-0.00668264690927578,-0.0016547830530747598,-0.009560367929311142,410.928,-0.16499240742903798,405.0094,1,-0.01365614406270288,0.0077625432908170556,0.008694931000889425,0.8927665199439773,-1.0307002126733957,57.52234993614301,0.009360146252285206,1
2023-05-17,412.35,415.86,410.64,415.23,87286960,0.01213893967093238,0.005764805619474345,0.00263196020669354,411.649,0.8699158749322887,405.34860000000003,1,-0.001682975500685191,0.00823866189464739,0.009139636152264523,0.9014212116754889,0.5715205328728811,53.90798226164079,-0.00997037786287125,0
2023-05-18,414.9,419.67,414.67,419.23,97177200,0.009633215326445566,0.017227573823793474,0.017845003399048265,413.059,1.4939754369230527,405.75480000000005,1,0.0,0.007929826892944133,0.009272482268849108,0.8552000061067117,1.053181294858451,54.51312910284464,-0.010924790687689478,0
2023-05-19,420.17,420.72,417.35,418.62,103793300,-0.0014550485413734604,0.017080103986977457,0.015574963609898074,413.658,1.1995416503488363,406.296,1,-0.0014550485413734604,0.005994929366527168,0.009287782978545944,0.6454639799804742,1.2821850052942607,54.23129251700681,0.0033443218193109914,1
2023-05-22,418.64,420.39,417.35,418.79,60745400,0.00040609622091647424,0.01399481852739659,0.014928628553425582,414.26300000000003,1.0927840526428831,406.9536,1,-0.0010495432101710334,0.005992009269436327,0.009288047621322286,0.6451311958910132,-1.0263471052549553,62.32558139534886,0.0033190859380596294,1
2023-05-23,417.08,418.72,413.68,414.09,86383490,-0.011222808567539877,0.009360146252285206,0.01972517730496448,414.579,-0.11795098159820751,407.52819999999997,1,-0.012260572955179794,0.007034177870824018,0.008899163917197654,0.7904313187478718,0.3858545783490747,58.89246996777024,0.009080151657852253,1
2023-05-24,412.42,412.82,409.88,411.09,89213680,-0.007244801854669247,-0.00997037786287125,0.016643584924324717,414.40299999999996,-0.799463324348518,407.91540000000003,1,-0.019416549388164173,0.007307279571724231,0.009017256004349012,0.8103662098758135,0.5130843472730439,58.70327102803731,0.02610134033909861,1
2023-05-25,414.74,416.16,412.41,414.65,90961610,0.008659904157240605,-0.010924790687689478,0.005431488082248137,414.65500000000003,-0.0012058217072149849,408.42280000000005,1,-0.010924790687689478,0.007817953581764927,0.00806775816034782,0.9690366798783514,0.6159082152098406,53.333333333333286,0.032002894006993854,1
2023-05-26,415.33,420.77,415.25,420.02,93829980,0.012950681297479782,0.0033443218193109914,0.009833385425431995,415.49799999999993,1.0883325551506984,408.901,1,0.0,0.00867674769129304,0.008360046422155008,1.037882716571853,0.7542953492957187,60.236220472440856,0.016856340174277618,1
2023-05-30,422.03,422.58,418.74,420.18,72215960,0.0003809342412266492,0.0033190859380596294,0.011239200019253381,416.215,0.9526326537967233,409.50479999999993,1,0.0,0.008676528259802372,0.00835241109432899,1.038805221847072,-0.45212667531488565,63.6390445296372,0.01868246941786844,1
2023-05-31,418.28,419.22,416.22,417.85,110811800,-0.0055452425151125695,0.009080151657852253,0.01706260344659727,416.975,0.2098447149109659,409.987,1,-0.0055452425151125695,0.00856028478112911,0.008018268299904105,1.0675976982750113,1.6148373926223494,57.28438228438225,0.02082086873279887,1
2023-06-01,418.09,422.92,416.79,421.82,88865020,0.009501017111403609,0.02610134033909861,0.03382187147688831,417.634,1.0023130300693857,410.44520000000006,1,0.0,0.008243466791868813,0.008021778017762635,1.027635864968501,0.44521165215491715,62.89592760180991,0.017329666682471156,1
2023-06-02,424.5,428.74,423.95,427.92,91426170,0.014461144564032136,0.032002894006993854,0.0562535482437736,418.503,2.250163081268242,411.1614,1,0.0,0.008882420575264246,0.00822494653141517,1.0799365736102788,0.5966667705135854,68.93113841873406,0.004627033090297106,1
2023-06-05,428.28,429.62,426.37,427.1,65460160,-0.0019162460272947879,0.016856340174277618,0.0350677362285825,419.351,1.8478553765222985,411.84,1,-0.0019162460272947879,0.008904038883176814,0.0073938062852953925,1.204256446491563,-0.7434882526877111,66.56477780390313,0.01568719269491914,1
2023-06-06,426.67,428.58,425.99,428.03,64022180,0.00217747600093654,0.01868246941786844,0.037045113146290554,420.275,1.8452203914103853,412.4856,1,0.0,0.008885454947753373,0.007385960777107134,1.2030195144406857,-0.9025598575980299,71.8427518427518,0.02016213816788559,1
2023-06-07,428.44,429.62,426.11,426.55,85373280,-0.0034577015629744245,0.02082086873279887,0.038011340130922555,421.521,1.1930603694715083,413.0868,1,-0.0034577015629744245,0.007860280558190607,0.007347581768901502,1.0697778950156218,0.21972447552063948,65.21505376344086,0.024920876802250636,1
2023-06-08,426.62,429.6,425.82,429.13,61952840,0.006048528894619487,0.017329666682471156,0.03943320818699281,423.325,1.3712868363550479,413.75739999999996,1,0.0,0.007014347910034648,0.007381349948118544,0.9502798213519951,-1.1072645778723533,63.83454443823363,0.031389089553282234,1
2023-06-09,429.96,431.99,428.87,429.9,85647270,0.001794328059096184,0.004627033090297106,0.04311746293645213,424.85,1.1886548193479944,414.32840000000004,1,0.0,0.0068776885229650244,0.0073300890639624834,0.9382817129437577,0.2929390483122664,65.69282136894823,0.022237729704582376,1
2023-06-12,430.92,433.88,430.17,433.8,76256700,0.009071877180739873,0.01568719269491914,0.053961466507932654,426.22800000000007,1.7765139784340647,414.9304,1,0.0,0.006386021586248903,0.007439810231777652,0.8583581284065953,-0.30479555714002515,68.91857827073356,0.007791609036422287,1
2023-06-13,435.32,437.33,434.63,436.66,95899700,0.006592899953895781,0.02016213816788559,0.057262536016077226,427.87600000000003,2.052931223064624,415.4758,1,0.0,0.006377878547768356,0.007490450868787602,0.8514679102088115,0.8362288595111189,79.83082209886346,-0.003938991434983774,0
2023-06-14,437.01,439.06,433.59,437.18,100612100,0.0011908578756927302,0.024920876802250636,0.06564290067032297,429.809,1.7149478023959435,416.0004,1,0.0,0.005578248299439673,0.007164859551428309,0.7785565452329981,1.0615259427207453,86.90240452616705,-0.001532549521936044,0
2023-06-15,436.33,443.9,436.23,442.6,110303100,0.012397639416258821,0.031389089553282234,0.06591527587120383,431.887,2.480509948204049,416.67900000000003,1,0.0,0.005928333744905012,0.007182043844153453,0.825438255954254,1.544669353607509,87.55710830421944,-0.02121554450971541,0
2023-06-16,443.02,443.61,438.97,439.46,114165800,-0.007094441934026308,0.022237729704582376,0.048255134413090595,433.041,1.4823076798732644,417.3162,1,-0.007094441934026308,0.005958536756645963,0.007367647559054126,0.8087434569699928,1.6292355221780375,77.78730703259008,-0.018249670049606315,0
2023-06-20,437.45,438.37,435.03,437.18,76160360,-0.005188185500386799,0.007791609036422287,0.04433615211886677,434.049,0.7213471290107866,417.876,1,-0.012245820153637621,0.006317991626727992,0.0075158486789027494,0.8406225160523543,-0.6106614701012226,72.91105121293806,-0.002310261219634957,0
2023-06-21,436.16,436.99,434.33,434.94,76982250,-0.0051237476554280015,-0.003938991434983774,0.038563480503354786,434.74000000000007,0.0460045084418116,418.3826,1,-0.017306823316764586,0.006747823609152041,0.0076850570829512166,0.8780446958711127,-0.6485447803367417,73.08835449878413,0.0033337931668735443,1
2023-06-22,433.95,436.62,433.6,436.51,70637180,0.0036096932910285595,-0.001532549521936044,0.054142819193895075,435.736,0.1776304918574552,418.91839999999996,1,-0.013759602349751487,0.006522898313602128,0.007038289405992314,0.9267732452218591,-0.9869340412603824,71.22219011846289,0.0036654372179332206,1
2023-06-23,432.93,435.06,432.47,433.21,92074540,-0.007559964261987129,-0.02121554450971541,0.053808168527573086,436.14399999999995,-0.672713599178246,419.42159999999996,1,-0.02121554450971541,0.0070584634067271685,0.007061953435993376,0.9995057983180093,0.3764563043931161,58.31499528450169,0.023245077445118945,1
2023-06-26,432.62,434.61,431.19,431.44,72823560,-0.004085778259966255,-0.018249670049606315,0.040491981188954584,436.29800000000006,-1.113459149480415,419.78100000000006,1,-0.025214640759150475,0.007225036159639674,0.007065929383849081,1.0225174590839061,-0.7840311942888385,56.6239316239316,0.028625069534581993,1
2023-06-27,432.35,436.81,431.88,436.17,72813700,0.010963285740775097,-0.002310261219634957,0.03845054997381081,436.535,-0.08361299781231953,420.25519999999995,1,-0.01452779032986895,0.007497449112035308,0.006916366102080543,1.0840156523495723,-0.7140311463028678,61.132385120350165,0.01595708095467363,1
2023-06-28,435.05,437.44,434.41,436.39,75635980,0.000504390489946438,0.0033337931668735443,0.038578704364796046,436.508,-0.02703272334069364,420.70419999999996,1,-0.014030727519204755,0.007195140528884999,0.0069149836860329175,1.0405144618660418,-0.5521933231746328,63.93767705382432,0.007493297279956179,1
2023-06-29,435.96,438.28,435.54,438.11,67882300,0.003941428538692504,0.0036654372179332206,0.048486298911092574,436.601,0.34562449467592027,421.1822,1,-0.0101446000903751,0.007299186101086852,0.0066981327031684895,1.089734471464568,-0.9589867696981409,63.03716608594658,0.0010043139850721694,1
2023-06-30,441.44,444.3,441.11,443.28,104964000,0.011800689324598768,0.023245077445118945,0.05087478071215212,436.669,1.5139613757789059,421.765,1,0.0,0.0071903060229701,0.0068447374428160694,1.0504867546843195,1.3894930946807489,67.22451081359421,-0.008166395957408312,0
2023-07-03,442.92,444.08,442.63,443.79,32793380,0.0011505143475907254,0.028625069534581993,0.037086371284352326,437.102,1.5300776477801623,422.40319999999997,1,0.0,0.006721315806472471,0.006241719899656376,1.0768371401674877,-2.4643905086489863,64.09026798307474,-0.002996912954325359,0
2023-07-05,441.91,443.89,441.9,443.13,58418430,-0.0014871898871088307,0.01595708095467363,0.037532193865605246,437.697,1.2412696454396517,423.0218,1,-0.0014871898871088307,0.006438584978190495,0.006228851080787789,1.0336713616495998,-1.0922091464628503,59.729323308270615,0.006521788188567745,1
2023-07-06,439.42,440.1,437.06,439.66,80658300,-0.007830659174508536,0.007493297279956179,0.02717099268742862,438.16900000000004,0.34027966378269237,423.56239999999997,1,-0.009306203384483624,0.006789339965004701,0.006593536363059474,1.029696295153876,0.002894554118201084,53.4254143646409,0.022517399808943184,1
2023-07-07,438.63,442.64,438.3,438.55,86134180,-0.0025246781603966983,0.0010043139850721694,0.028132692533114456,438.37299999999993,0.040376574287211524,424.2118,1,-0.0118073863764393,0.006814533316798309,0.006560861120519939,1.0386644666940104,0.28602668104895596,43.650047036688605,0.024466993501311096,1
2023-07-10,438.18,439.84,437.59,439.66,62443500,0.002531068293239125,-0.008166395957408312,0.02453801878218731,439.01800000000003,0.14623546187172187,424.9178,1,-0.009306203384483624,0.006210907537636314,0.006476537666167906,0.9589857818755245,-0.9499901729089999,50.33489618218359,0.02542874039030152,1
2023-07-11,440.45,442.97,439.44,442.46,64463750,0.006368557521721163,-0.002996912954325359,0.029216096766689903,440.12,0.5316731800418011,425.5188,1,-0.002996912954325359,0.00604454009815003,0.006577396212035672,0.9189867697325891,-0.7775650933195539,58.68992758393676,0.02651087103918992,1
2023-07-12,446.39,447.48,444.91,446.02,91924530,0.00804592505537216,0.006521788188567745,0.028169663439372883,441.105,1.114247174708961,426.12059999999997,1,0.0,0.0056504740234848885,0.006518656151673958,0.8668157810462015,0.5871227284797591,67.4763406940063,0.020582036679969606,1
2023-07-13,447.9,450.38,447.45,449.56,72425240,0.007936863817766149,0.022517399808943184,0.029542435762377917,442.4219999999999,1.6133917391088355,426.8016,1,0.0,0.00587952891968104,0.006581519421779257,0.8933391429682297,-0.3505615807974092,69.37926937926939,0.005827920633508343,1
2023-07-14,450.48,451.36,448.49,449.28,69815820,-0.0006228312127414259,0.024466993501311096,0.0276773868886957,443.53900000000004,1.2943619388599261,427.5704,1,-0.0006228312127414259,0.005974143498876331,0.006598148214967269,0.9054272963017953,-0.41819031181686034,76.21533442088088,0.006454772079772075,1
2023-07-17,449.13,451.93,449.08,450.84,52680220,0.003472222222222321,0.02542874039030152,0.018617261635788473,444.29499999999996,1.4731203367132235,428.4268,1,0.0,0.0050479146492016565,0.00609702184580842,0.827931205900467,-1.233557941102722,81.8659658344283,0.007452754857599109,1
2023-07-18,450.5,454.86,450.05,454.19,80744450,0.007430574039570592,0.02651087103918992,0.033518408956446644,445.33500000000004,1.9883907620106125,429.408,1,0.0,0.005352845866732837,0.00595295556144644,0.8991913027874527,0.4932116402738612,81.0048176187198,0.0027521521830071727,1
2023-07-19,455.01,456.43,454.11,455.2,65891690,0.002223738963869737,0.020582036679969606,0.04121871997804094,446.54200000000003,1.9388993644494712,430.25939999999997,1,0.0,0.005184647733480966,0.005730303906772114,0.9047770969622941,-0.4330324910274112,81.50753768844213,0.000681019332161803,1
2023-07-20,454.17,455.1,451.44,452.18,70591640,-0.006634446397188021,0.005827920633508343,0.03963765117027629,447.794,0.9794682376271285,431.0482,1,-0.006634446397188021,0.0049217408760786055,0.005838598693452077,0.84296611815405,-0.1097209365957391,72.58426966292132,0.0006855676942809641,1
2023-07-21,453.96,454.17,452.17,452.18,71275620,0.0,0.006454772079772075,0.035898375753132816,449.157,0.6730386034282054,431.8732,1,-0.006634446397188021,0.004675558009917216,0.005840764797831873,0.8005044153897126,-0.06762846149388492,67.12856043110085,0.01048255119642616,1
2023-07-24,453.37,455.04,452.3,454.2,54023380,0.004467247556282805,0.007452754857599109,0.04845225179474166,450.611,0.7964741206939021,432.7002,1,-0.002196836555360293,0.004690588085652668,0.005433334214932731,0.8632982805955994,-1.0741487861111332,68.93415787559107,0.007904007045354433,1
2023-07-25,453.92,456.74,453.87,455.44,55191240,0.0027300748568912514,0.0027521521830071727,0.05562766549230491,451.909,0.781351997857977,433.5664,1,0.0,0.004562800233838555,0.005215664947761736,0.8748261783565385,-0.9183012210524172,71.92732454577842,0.002283506060073881,1
2023-07-26,454.47,456.99,453.38,455.51,71052890,0.0001536975232740989,0.000681019332161803,0.044340509434394715,452.858,0.585614033538104,434.44480000000004,1,0.0,0.004246346756175875,0.004865150113241103,0.8728089899259063,0.10265439193603271,82.12403729225771,-0.011810937191280124,0
2023-07-27,459.02,459.44,451.55,452.49,92194380,-0.006629931285811463,0.0006855676942809641,0.03689360434473765,453.151,-0.14586749229285634,435.23439999999994,1,-0.006629931285811463,0.00451742952056825,0.005241670691339623,0.8618300894087115,1.3383781601672766,76.2227238525207,-0.008066476607217932,0
2023-07-28,455.88,457.78,452.49,456.92,80011790,0.009790271608212331,0.01048255119642616,0.04293442286183846,453.9150000000001,0.6620182192701141,436.1678,1,0.0,0.005318286722946924,0.005521582443522557,0.9631816200056703,0.5529534217861776,78.8628762541806,-0.02212641162566753,0
2023-07-31,457.41,458.16,456.05,457.79,62040450,0.001904053225947555,0.007904007045354433,0.032733261144197945,454.61,0.699500670904733,437.019,1,0.0,0.005283239699187277,0.0050297813035936135,1.0503915340041874,-0.4615887873740055,77.40436181623173,-0.015465606500797424,0
2023-08-01,456.27,457.25,455.49,456.48,55502200,-0.0028615740841870796,0.002283506060073881,0.02859460555668214,454.83900000000006,0.36078700375296807,437.764,1,-0.0028615740841870796,0.005004091411135299,0.005128684380442479,0.9757066413011691,-1.1717463265083337,70.33437013996894,-0.01693392919733616,0
2023-08-02,453.25,453.52,449.35,450.13,93933370,-0.013910795653697905,-0.011810937191280124,0.01579671879583877,454.33200000000005,-0.9248743209811447,438.39420000000007,1,-0.016732562965551923,0.00670404260974706,0.006150340849652415,1.0900278169340707,1.7056526820566138,50.998948475289154,-0.00973052229355964,0
2023-08-03,448.04,450.79,447.37,448.84,64419690,-0.0028658387576923072,-0.008066476607217932,0.020879770731929037,453.99799999999993,-1.1361283529883301,438.99519999999995,1,-0.019550448895782058,0.006459782031521757,0.0058777243710928205,1.0990277229213994,-0.4944972678595368,49.255247122545704,-0.006527938686391455,0
2023-08-04,450.72,452.9,446.27,446.81,100128900,-0.004522769806612592,-0.02212641162566753,0.018834796488427674,453.46099999999996,-1.4667192989033133,439.64959999999996,1,-0.023984796522423024,0.006561127522218908,0.0059581164974616165,1.1012083306887666,2.017707180122793,43.28557147617465,-0.0025961818222510757,0
2023-08-07,448.71,450.87,447.99,450.71,58357460,0.008728542333430234,-0.015465606500797424,0.02513305736250726,453.11199999999997,-0.5301117604477452,440.44199999999995,1,-0.015465606500797424,0.0070856749014955945,0.006200872673352365,1.1426899526490166,-0.9050929289487453,44.30628272251305,-0.0057686760888375765,0
2023-08-08,448.08,450.7,445.27,448.75,71361320,-0.004348694282354515,-0.01693392919733616,0.014215974325362701,452.44300000000004,-0.8162354152898907,441.12399999999997,1,-0.019747045588588752,0.007053069869949505,0.0061992638442941944,1.1377270022861108,-0.022252467299391405,39.76515391939066,-0.013058495821727023,0
2023-08-09,449.03,449.2,444.96,445.75,78789580,-0.006685236768802283,-0.00973052229355964,-0.0006053540199990604,451.467,-1.2663162534581673,441.6386,1,-0.026300268682146855,0.0072094435230340755,0.006158570164602034,1.1706359317739379,0.5733465661239728,39.79040965385834,-0.013707234997195727,0
2023-08-10,448.19,451.7,444.7,445.91,93005500,0.00035894559730786924,-0.006527938686391455,-0.008119049737521089,450.809,-1.0867129981877026,442.15319999999997,1,-0.02595076345049041,0.007063114262880723,0.005870129576540257,1.2032297023064333,1.4537266028223101,40.094786729857844,-0.021573860196003714,0
2023-08-11,443.97,446.7,443.35,445.65,68690900,-0.00058307730259477,-0.0025961818222510757,-0.008079594017094016,449.68199999999996,-0.8966336210922345,442.7092,1,-0.026518709451932243,0.005895532735054116,0.005870053723218649,1.0043405074360199,-0.22899177476923704,35.697557711609235,-0.02053180747223149,0
2023-08-14,444.7,448.11,444.38,448.11,47867440,0.005520026926960631,-0.0057686760888375765,-0.006055363321799234,448.71400000000006,-0.13460689882643329,443.235,1,-0.021145066515214417,0.006291784193963848,0.0059581504730532985,1.0559961891562595,-1.6138916165907617,38.219222115075596,-0.01957108745620506,0
2023-08-15,446.27,446.64,442.3,442.89,75707530,-0.011648925487045658,-0.013058495821727023,-0.024879455734384326,447.355,-0.9980887661924046,443.5344,1,-0.03254767469800568,0.006982991752786395,0.00618075023005855,1.1297967872615757,0.28645647909400823,32.597904026475504,-0.010702431755063357,0
2023-08-16,442.46,444.18,439.53,439.64,80107210,-0.007338165232902094,-0.013707234997195727,-0.03418277680140602,446.30600000000004,-1.4935940811909436,443.7852,1,-0.03964699971602703,0.006094244922688371,0.0062678644819113855,0.972300045777303,0.5355950841848313,32.392436283913426,0.007710854335365225,1
2023-08-17,441.16,441.43,435.75,436.29,95711320,-0.007619870803384554,-0.021573860196003714,-0.03514087310363123,445.05100000000004,-1.9685384371678802,443.9504,1,-0.04696476550383366,0.006321154225042891,0.006312255512700296,1.0014097516053795,1.4224095671733954,20.869810787913096,0.0013752320704119025,1
2023-08-18,433.37,437.57,433.01,436.5,98851960,0.0004813312246441104,-0.02053180747223149,-0.034676456278473156,444.02,-1.6936174046214094,444.1494,0,-0.046506039887284634,0.006368737461976229,0.006320264000509162,1.0076695311245167,1.4444228600736695,19.36690647482017,0.007949599083619807,1
2023-08-21,437.55,440.11,435.32,439.34,68718960,0.0065063001145475585,-0.01957108745620506,-0.032716864817261104,442.883,-0.7999855492308368,444.35360000000003,0,-0.040302322025382864,0.005966719141624036,0.006441024408169414,0.9263618274844918,-0.4299880042071371,26.378169790518157,0.007784403878545065,1
2023-08-22,441.18,441.18,437.57,438.15,65062860,-0.002708608367096077,-0.010702431755063357,-0.03796328824872652,441.823,-0.8313283826328647,444.51859999999994,0,-0.04290176718582761,0.005933798827700521,0.00636103216716368,0.93283584672491,-0.7131840698423816,30.751928020565515,0.025128380691544105,1
2023-08-23,439.25,443.67,439.1,443.03,68441020,0.011137738217505522,0.007710854335365225,-0.027397861737393336,441.55100000000004,0.33495564498776537,444.7032,0,-0.0322418576203064,0.007063389121585147,0.006991845871216666,1.0102323837919545,-0.48421602106242084,41.63065399020455,0.018012324221835962,1
2023-08-24,444.69,445.22,436.86,436.89,88517270,-0.013859106606776028,0.0013752320704119025,-0.03447590001988998,440.649,-0.8530599184384884,444.70779999999996,0,-0.04565412088512211,0.00819208817862082,0.007450203476533864,1.0995791194728697,0.832883177874915,37.22308088614113,0.030808670374693925,1
2023-08-25,438.68,441.3,435.0,439.97,102325100,0.007049829476527325,0.007949599083619807,-0.03709620940208347,440.08099999999996,-0.025222629470468654,444.7636,0,-0.03892614517573556,0.008680949245039883,0.007249750560048361,1.197413507283756,1.5503339624942312,35.86842105263166,0.025501738754915015,1
2023-08-28,442.24,443.4,439.97,442.76,61595390,0.006341341455099236,0.007784403878545065,-0.032831647698726596,439.546,0.7312090202163138,444.7668,0,-0.030056081317911043,0.008755660311293562,0.007436600274036004,1.1773740672687354,-0.9284078636827661,42.286891578676276,0.014635468425332032,1
2023-08-29,442.65,449.45,442.46,449.16,83081920,0.014454783629957557,0.025128380691544105,-0.016035751840168255,440.17299999999994,2.041697241766324,444.9608,0,-0.0034390184375762134,0.009164674616548912,0.008250562953711555,1.1107938534577375,0.3089917991892041,54.0374141605494,-0.006545551696500174,0
2023-08-30,449.51,451.67,448.78,451.01,69053910,0.004118799536913187,0.018012324221835962,0.001954990780441257,441.31000000000006,2.1980014049080987,445.23740000000004,0,0.0,0.008646196976932547,0.007706910466200743,1.121875882021871,-0.5165576617669702,55.80601092896171,-0.013658233742045556,0
2023-08-31,451.65,452.83,450.16,450.35,66084560,-0.0014633821866476548,0.030808670374693925,0.0033642277871848147,442.716,1.7243560205639767,445.5456,0,-0.0014633821866476548,0.00803606858490973,0.0076846051655128315,1.0457360413224879,-0.7184045911056092,55.30234657039717,-0.010724991673143225,0
2023-09-01,453.17,453.67,449.68,451.19,58944100,0.0018652159431553628,0.025501738754915015,0.009802824466775606,444.18500000000006,1.5770456003692015,445.8392,0,0.0,0.007995750415873443,0.007610551112282395,1.0506138514685734,-1.0863523285237855,53.606557377049164,-0.006072829628316234,0
2023-09-05,450.73,451.06,449.17,449.24,55166210,-0.004321904297524326,0.014635468425332032,-0.003261520711765775,445.175,0.9131240523389672,446.1598,0,-0.004321904297524326,0.008249144552713928,0.007426542359765599,1.110765165415995,-1.3127750779786351,58.052244483895564,-0.007234440388211194,0
2023-09-06,448.4,448.51,443.81,446.22,70758510,-0.006722464606891632,-0.006545551696500174,-0.005637883008356437,445.98199999999997,0.053365382459394414,446.4554,0,-0.011015315055741381,0.008607708276618643,0.007515824365099388,1.1452779972599607,-0.27094244952689833,58.39285714285723,0.0006499036349780773,1
2023-09-07,443.11,445.55,442.75,444.85,70355430,-0.003070234413518058,-0.013658233742045556,-0.002019068984856931,446.16400000000004,-0.2945105387256751,446.629,0,-0.014051729869899554,0.008061433076624035,0.007395570612246248,1.0900353061703165,-0.2696794081316394,61.4991939817303,0.012386197594694837,1
2023-09-08,444.9,447.11,444.53,445.52,62068440,0.0015061256603348117,-0.010724991673143225,-0.000874615953892155,447.02700000000004,-0.3371161026067915,446.81160000000006,1,-0.012566767880493823,0.006306657448905286,0.007403558323445875,0.8518413948240428,-0.7400451036263356,61.96921443736733,-0.0048258215119409975,0
2023-09-11,448.24,448.77,446.47,448.45,60180120,0.006576584665110463,-0.006072829628316234,0.0062829574778413555,447.875,0.1283840357242509,447.01840000000004,1,-0.006072829628316234,0.006265996527745402,0.007546497684806201,0.8303184854029829,-0.8262244277945359,62.059835848557114,-0.01074813245623818,0
2023-09-12,446.95,448.53,445.39,445.99,67565420,-0.005485561378079984,-0.007234440388211194,-0.004730981232286768,448.19800000000004,-0.4926394138305005,447.0726,1,-0.011525078126731536,0.006453867637192788,0.007550173284513719,0.8547972866305491,-0.42628608175033134,60.040983606557454,-0.007354424987107366,0
2023-09-13,446.22,447.71,445.08,446.51,60199270,0.0011659454247852086,0.0006499036349780773,0.008173587120955617,447.933,-0.3176814389652028,447.12700000000007,1,-0.01037257031405836,0.004339131194489258,0.0070559068269771975,0.6149643555239764,-0.8872896528640659,55.01730103806233,-0.01762558509327905,0
2023-09-14,449.07,451.08,447.72,450.36,83430810,0.008622427269266097,0.012386197594694837,0.02438358657083084,447.86800000000005,0.5564139433940272,447.2716,1,-0.001839579777920597,0.005055887991887719,0.007033534679564141,0.7188260557778362,0.7518077041850807,70.79345476999086,-0.04212185806910029,0
2023-09-15,447.14,447.48,442.92,443.37,111848900,-0.01552091660005328,-0.0048258215119409975,0.016227738430860228,447.16999999999996,-0.8497886709752341,447.3458,0,-0.017331944413661593,0.007034221121849807,0.0077428192051796655,0.9084831939694741,2.41025412797365,54.68319559228649,-0.029208110607393367,0
2023-09-18,443.05,444.97,442.56,443.63,55752210,0.0005864176647043529,-0.01074813245623818,0.016334478808705644,446.41400000000004,-0.6236363554906541,447.44739999999996,0,-0.01675569050732506,0.006976857913817796,0.007742603144847982,0.9010997701025498,-1.035485756973226,51.28812555522654,-0.025697089917273375,0
2023-09-19,442.68,443.29,439.94,442.71,66514650,-0.002073800238937884,-0.007354424987107366,0.0076705968042973804,445.76099999999997,-0.6844474954067287,447.50840000000005,0,-0.018794742791285346,0.0069177517484245495,0.007649199476183985,0.9043759114876242,-0.3180210167643536,38.600212089077274,-0.038015856881479904,0
2023-09-20,444.01,444.44,438.43,438.64,82562600,-0.009193377154344762,-0.01762558509327905,0.0011183384685609088,445.003,-1.4298780008224663,447.432,0,-0.027815332786630953,0.007166975490449049,0.00792096094664157,0.9048113655310717,0.6750233522694601,29.727958046542028,-0.02870235272660948,0
2023-09-21,435.7,435.97,431.23,431.39,104095800,-0.01652836038664962,-0.04212185806910029,-0.026273615782226867,443.657,-2.7649738424052805,447.1394,0,-0.04388395132870859,0.008579602755778319,0.008296165581948081,1.0341648404953463,1.785475977058596,24.447439353099625,-0.006652912677623468,0
2023-09-22,432.45,434.1,429.99,430.42,100829700,-0.002248545399754165,-0.029208110607393367,-0.014809219712055621,442.14699999999993,-2.652285325920999,446.75660000000005,0,-0.046033821671579545,0.008439834799197231,0.007759792031079032,1.0876367260094773,1.4875794148343864,22.105828632822934,-0.006830537614423093,0
2023-09-25,429.17,432.27,428.72,432.23,70874530,0.004205194925886335,-0.025697089917273375,-0.017592108552855867,440.525,-1.8829805345894013,446.41560000000004,0,-0.042022207939005685,0.008156624168903589,0.007635004340695558,1.0683195195355333,-0.13273536224406057,27.06929091399296,-0.011382828586632199,0
2023-09-26,429.09,429.82,425.02,425.88,96168440,-0.014691252342502903,-0.038015856881479904,-0.03812449182401301,438.514,-2.881093876136227,445.9164,0,-0.05609610142068755,0.008875023176703667,0.008029315732248483,1.1053274615990667,1.2643878728012168,24.83918852053432,-0.010073260073260148,0
2023-09-27,427.09,427.67,422.29,426.05,104705800,0.000399173476096637,-0.02870235272660948,-0.05145159853949599,436.468,-2.386887469413567,445.35360000000003,0,-0.055719320020390484,0.008823143734678573,0.007080554221888379,1.2461091968483573,1.5915876350680334,26.032636409994865,-0.0032625278723154016,0
2023-09-28,425.48,430.25,424.87,428.52,92258310,0.005797441614833865,-0.006652912677623468,-0.04986585663289067,434.284,-1.327242081218744,444.82,0,-0.05024490791019309,0.008385547272076905,0.007173894782360494,1.1688974436446542,0.827942953803997,29.278400780107262,-0.009381125735088203,0
2023-09-29,431.67,431.85,425.91,427.48,115111300,-0.0024269579016147347,-0.006830537614423093,-0.050782724547574154,432.695,-1.2052369451923353,444.3260000000001,0,-0.052549923535539333,0.007525699819928012,0.007169590520383175,1.0496694056002804,1.7763665342231894,23.20470227446971,0.0048189388977262215,1
2023-10-02,426.62,428.6,424.46,427.31,83798600,-0.0003976794235988068,-0.011382828586632199,-0.05292670493583629,431.063,-0.8706383985635477,443.8286,0,-0.05118127720046184,0.00747085507527398,0.007113417241434958,1.050248399848807,0.1583745297862149,24.647122692725276,0.011654302497016156,1
2023-10-03,425.06,427.37,420.18,421.59,103760600,-0.013386066321874113,-0.010073260073260148,-0.06154839284124303,428.951,-1.7160468211987028,443.1764,0,-0.06388222755129236,0.008030109053726545,0.007500976971530094,1.0705417553213092,1.0760400394263738,20.361560418648892,0.03071704736829628,1
2023-10-04,422.07,425.43,420.56,424.66,87452970,0.007281956403140555,-0.0032625278723154016,-0.04831697369010801,427.553,-0.6766412585106343,442.56080000000003,0,-0.05706545874411584,0.008701354961599517,0.007797184690546989,1.1159611201910749,0.18338400414072434,18.856034900630192,0.027457259925587563,1
2023-10-05,424.36,425.37,421.17,424.5,70142740,-0.00037677200584007586,-0.009381125735088203,-0.04574575699674055,426.86400000000003,-0.5538063645564003,441.94059999999996,0,-0.057420730082600624,0.007345780383170638,0.007809052162163582,0.9406750308011017,-0.7289103736556365,22.596572756317215,0.02157832744405197,1
2023-10-06,421.97,431.13,420.6,429.54,113273300,0.011872791519434767,0.0048189388977262215,-0.035868198958520336,426.776,0.6476465405739803,441.4816,0,-0.04622968292033036,0.008474515465312549,0.008397517091665727,1.0091691833200602,1.3854343750745655,32.032644733486435,0.004563020906085624,1
2023-10-09,427.58,432.88,427.01,432.29,80374360,0.006402197699864942,0.011654302497016156,-0.0360352324673876,426.782,1.290588637758865,440.98900000000003,0,-0.04012345679012341,0.008627702299563495,0.00838845711935519,1.0285207609461673,-0.39006114488944565,37.30506822612093,0.008674732239931426,1
2023-10-10,432.94,437.22,432.53,434.54,78607270,0.005204839343958989,0.03071704736829628,-0.02567322137267647,427.64799999999997,1.6116058066447294,440.52399999999994,0,-0.035127453592681435,0.0069898161670023115,0.00848132211474601,0.8241422825869921,-0.5300062118189736,44.77307496175426,0.0034059004924746894,1
2023-10-11,435.64,436.58,433.18,436.32,62451740,0.004096285727435811,0.027457259925587563,-0.022821437369823783,428.675,1.7834023444334244,440.12080000000003,0,-0.031175059952038398,0.006991331179840847,0.008550561019638612,0.8176459022727768,-1.4539621304629136,57.303703703703704,-0.014003483681701567,0
2023-10-12,436.95,437.34,431.23,433.66,81154230,-0.006096442977631011,0.02157832744405197,-0.03708144595434759,429.189,1.0417321972371154,439.7914,0,-0.022473683024141655,0.00735278279669424,0.008297699154286266,0.8861230878557558,-0.3905933734702701,54.57110609480812,-0.016672047225937403,0
2023-10-13,435.21,436.45,429.88,431.5,95201130,-0.00498086058202285,0.004563020906085624,-0.02677222184631345,429.591,0.4443761624428798,439.44460000000004,0,-0.027342605324256697,0.007535513395521263,0.007697015977202124,0.9790175072834437,0.4688723920189209,48.98016205644032,-0.023893395133256057,0
2023-10-16,433.82,437.14,433.57,436.04,75433190,0.010521436848204058,0.008674732239931426,-0.017108851971237238,430.46399999999994,1.2953464168897004,439.2292,0,-0.015066296221002418,0.008087483534606255,0.008135173239089062,0.9941378378700455,-0.8242664856089379,64.94997057092408,-0.035730666911292674,0
2023-10-17,432.81,438.14,432.45,436.02,75324710,-4.586735161915545e-05,0.0034059004924746894,-0.015111472521515235,431.907,0.95228833985094,438.9354,0,-0.0059730074776582764,0.006118150644464497,0.008131504166858318,0.752400849697689,-0.8901209088668578,64.73544191545957,-0.02841612770056412,0
2023-10-18,434.19,435.18,429.09,430.21,93559800,-0.01332507683133799,-0.014003483681701567,-0.01921849352544225,432.462,-0.5207393944439072,438.5646,0,-0.014003483681701567,0.007878121393704389,0.008405710074636964,0.9372344898589235,0.2893349843355161,52.273338714016674,-0.029427488900769294,0
2023-10-19,430.95,432.82,425.73,426.43,121323000,-0.008786406638618294,-0.016672047225937403,-0.01149771668327959,432.65500000000003,-1.4387907224000698,438.1782,0,-0.022666850018335127,0.00850420410531509,0.007806797139272065,1.089333301942063,1.9155391234792885,48.68454021548483,-0.032549304692446546,0
2023-10-20,425.98,426.54,421.08,421.19,123919900,-0.012288066036629686,-0.023893395133256057,-0.021444170809906682,431.82,-2.461673845583807,437.6838,0,-0.03467638430509712,0.00834033321363566,0.008232965045562488,1.0130412515392668,1.830571164768929,43.19697643397067,-0.02495310904817305,0
2023-10-23,419.61,424.45,417.8,420.46,92035100,-0.0017331845485411002,-0.035730666911292674,-0.02723087245216671,430.637,-2.3632432884308643,437.18,0,-0.03634946828016139,0.007817704368552081,0.008139982706568766,0.9604079824694697,-0.015571006851167484,48.58714678669668,-0.011582552442562899,0
2023-10-24,422.65,424.82,420.74,423.63,78564240,0.007539361651524468,-0.02841612770056412,-0.005283178360101393,429.546,-1.3772680923579772,436.6904,0,-0.029084158415841554,0.008110787649688651,0.007729494241277275,1.0493296710637523,-0.7375289800534822,48.71539037166372,-0.01281778910842013,0
2023-10-25,421.89,421.92,417.02,417.55,94223200,-0.01435214692066189,-0.029427488900769294,-0.019950710010562145,427.66900000000004,-2.366082180377822,436.1836,0,-0.043018885221855485,0.008528561189376907,0.008344954293416211,1.0220021451891657,0.19363957340570226,42.4472940665073,0.012238055322715935,1
2023-10-26,416.45,417.33,411.6,412.55,115156800,-0.01197461381870435,-0.032549304692446546,-0.037267805469989645,425.558,-3.056692624742099,435.6418,0,-0.05447836450311694,0.008858147752953382,0.008530123582070134,1.0384547970175646,1.2835027063149085,31.520556884924957,0.0441401042297902,1
2023-10-27,414.19,414.6,409.21,410.68,107367700,-0.004532783904981241,-0.02495310904817305,-0.03930008421446618,423.476,-3.0216588425318065,435.1296,0,-0.05876420975430874,0.008859065607921775,0.00855042925527329,1.0360960068125398,0.8945396645064622,26.036815258372144,0.05846401090873665,1
2023-10-30,413.56,416.68,412.22,415.59,86562680,0.01195578065647207,-0.011582552442562899,-0.02742739463153221,421.4309999999999,-1.3859920129273717,434.71139999999997,0,-0.047511001100110084,0.00914349669066122,0.009098463566167446,1.0049495306725444,-0.29879583886344147,30.157068062827165,0.04836497509564719,1
2023-10-31,416.18,418.53,414.21,418.2,79665150,0.006280228109434738,-0.01281778910842013,-0.008040987689461265,419.649,-0.3452885625844485,434.28860000000003,0,-0.04152915291529158,0.00970693517566099,0.008786596348592786,1.1047434968621954,-0.6252691105598164,31.350349938246197,0.04478718316594943,1
2023-11-01,419.2,423.5,418.65,422.66,98068120,0.010664753706360663,0.012238055322715935,-0.004709650072999616,418.89399999999995,0.8990341231910882,433.97880000000004,0,-0.03130729739640625,0.010134686015356166,0.008972182811870743,1.1295674896355612,0.3962751427013409,39.082969432314435,0.03451947191596072,1
2023-11-02,426.58,430.92,426.56,430.76,94938910,0.019164340131547775,0.0441401042297902,0.014746760895170796,419.32700000000006,2.7265117676657917,433.73339999999996,0,-0.012742940960762783,0.011703063462903078,0.009961151036621475,1.1748705967691468,0.15318470283687713,49.343039772727266,0.007150153217568844,1
2023-11-03,433.14,436.29,433.01,434.69,100167800,0.00912340978735271,0.05846401090873665,0.011989570237928904,420.677,3.331059221207714,433.68940000000003,0,-0.0037357902456912617,0.010919545387686825,0.009817939767066004,1.1122033386593106,0.5217275207166067,48.788368336025826,0.013618900825876024,1
2023-11-06,435.47,436.15,433.68,435.69,67831660,0.0023004900043708254,0.04836497509564719,0.007865090564204591,422.2,3.19516816674562,433.6038,0,-0.0014438943894389267,0.010790247513368741,0.009733759051977944,1.1085385877901008,-1.3747168470312718,49.708943376256855,0.010328444536252812,1
2023-11-07,435.69,437.59,434.51,436.93,64256110,0.0028460602722120143,0.04478718316594943,0.005500069038523403,423.53000000000003,3.1638844946048628,433.48720000000003,0,0.0,0.010702391133516205,0.009687124555113759,1.104805773129705,-1.470622440432787,56.44666155026864,0.027006614331815282,1
2023-11-08,437.55,438.09,434.87,437.25,61746030,0.0007323827615406397,0.03451947191596072,0.002131463146314738,425.5,2.7614571092831963,433.249,0,0.0,0.008867605628850335,0.00964720672815811,0.919188929886587,-1.6047102711851267,61.11796136457048,0.028427672955974925,1
2023-11-09,438.43,438.47,433.4,433.84,83174420,-0.007798742138364845,0.007150153217568844,0.0004150717151685246,427.629,1.4524272207918443,432.9056,0,-0.007798742138364845,0.008058875864357265,0.009712512532062845,0.8297416181192444,-0.40830134247711003,63.5062993807388,0.03777890466531453,1
2023-11-10,435.98,440.93,433.83,440.61,89558050,0.015604831274202535,0.013618900825876024,0.02111239860950187,430.622,2.319435607098569,432.7108,0,0.0,0.007906266940144608,0.010226746667372482,0.7730969776897715,-0.03304767470253266,69.05617552487234,0.023104332629763302,1
2023-11-13,439.23,441.33,438.42,440.19,52236070,-0.0009532239395384501,0.010328444536252812,0.009517475460966818,433.082,1.641259622888969,432.49080000000004,1,-0.0009532239395384501,0.008075109726492337,0.009989179258590756,0.8083857059175,-1.8925869293818138,66.52035115722265,0.03196347031963476,1
2023-11-14,446.32,450.06,446.09,448.73,97176940,0.019400713328335595,0.027006614331815282,0.02915003898903734,436.13500000000005,2.887867288798186,432.4806,1,0.0,0.00915601636704118,0.010841200983955633,0.8445573862703559,0.3693961018734249,79.65005705591474,0.010117442560114043,1
2023-11-15,450.11,451.38,448.8,449.68,77327570,0.0021170859982617696,0.028427672955974925,0.045256967527486536,438.837,2.4708490851956464,432.54979999999995,1,0.0,0.009186068911213685,0.010264860038553286,0.8949044484495821,-0.6150607396323586,88.25468782196572,0.011875111190179588,1
2023-11-16,449.22,450.56,448.12,450.23,66665800,0.0012230919765165993,0.03777890466531453,0.05581220833431044,440.784,2.1429997459072982,432.6574,1,0.0,0.008068385183076243,0.009936408017809147,0.8120022012597687,-1.0748479336396144,91.88731201016726,0.01126091108988736,1
2023-11-17,450.24,451.42,449.29,450.79,83193900,0.001243808719987527,0.023104332629763302,0.07027707210522571,442.39400000000006,1.897855757537389,432.76279999999997,1,0.0,0.007946145761844922,0.009297562712409247,0.8546482564983812,-0.08008643531537485,91.06392907139517,0.008185629672353034,1
2023-11-20,450.53,455.13,450.52,454.26,70055630,0.0076975975509661065,0.03196347031963476,0.08038814631593971,444.25100000000003,2.253005620696398,432.87899999999996,1,0.0,0.008025559108663082,0.009260323934102064,0.8666607308528552,-0.810450028383644,91.23970722781328,0.001474926253687281,1
2023-11-21,453.18,454.13,451.96,453.27,49244640,-0.002179368643508095,0.010117442560114043,0.0699667162382267,445.88500000000005,1.656256658106896,433.02459999999996,1,-0.002179368643508095,0.008274044238614874,0.009314911512738016,0.8882579536370507,-1.8023863244985037,88.02484472049679,0.002956295364793693,1
2023-11-22,454.98,456.38,453.89,455.02,59446570,0.0038608334987977333,0.011875111190179588,0.08973775595737021,447.662,1.6436507901050355,433.1948,1,0.0,0.008207878979584117,0.008322592306507415,0.9862166350701086,-1.1179527744074875,85.78171091445417,0.0030328337215945744,1
2023-11-24,455.07,455.5,454.73,455.3,29737380,0.0006153575667005029,0.01126091108988736,0.10362380317537268,449.808,1.2209653896773776,433.2936,1,0.0,0.0072351359641086655,0.007454619356394152,0.9705573977969477,-2.3243805642255873,84.06611570247924,0.008346145398638205,1
2023-11-27,454.65,455.49,454.08,454.48,50505990,-0.0018010103228640606,0.008185629672353034,0.10665238141618771,451.195,0.7280665787519864,433.5158,1,-0.0018010103228640606,0.006410521091858808,0.007294681934879152,0.878793777314296,-1.1762825910209742,81.2437645493847,0.004862700228832839,1
2023-11-28,454.08,456.27,453.5,454.93,62115010,0.00099014258053165,0.001474926253687281,0.09466060299814738,452.669,0.4994819614331938,433.7418,1,-0.0008126509993411357,0.00630177070023162,0.007163578086056866,0.8796959598300936,-0.5109594805242599,80.73770491803269,0.0036708944233179164,1
2023-11-29,457.15,458.32,454.2,454.61,63145990,-0.0007034049194380998,0.002956295364793693,0.08706360593017703,453.25699999999995,0.29850614552010574,433.97979999999995,1,-0.0015154842960685144,0.002876418731710975,0.0072448853703479706,0.39702750073640175,-0.4135138233219011,79.64480874316934,0.00032995314665318354,1
2023-11-30,455.48,456.76,453.34,456.4,79752700,0.0039374408833945385,0.0030328337215945744,0.07982775753560767,453.929,0.5443582586704097,434.335,1,0.0,0.002988827507849402,0.007083681446237353,0.4219313827892389,0.5321200737660781,90.7809110629067,0.004009640666082559,1
2023-12-01,455.77,459.65,455.16,459.1,89183400,0.005915863277826672,0.008346145398638205,0.06579069551490391,454.816,0.9419193695912301,434.88919999999996,1,0.0,0.0032952353224824558,0.006134088759221183,0.5372004631541779,1.0911212479912493,89.19033488766424,0.002395992158571003,1
2023-12-04,455.6,459.12,454.34,456.69,72430890,-0.005249401001960363,0.004862700228832839,0.05061078009616038,455.40600000000006,0.2819462194173847,435.41460000000006,1,-0.005249401001960363,0.004013089793483346,0.006245586773882682,0.6425480805526518,0.24538435526835878,82.25175918686469,0.011605246447261797,1
2023-12-05,455.26,457.59,454.87,456.6,69793470,-0.00019707022268933283,0.0036708944233179164,0.04799283894512163,455.64,0.21069265209376623,435.902,1,-0.00544543672402531,0.0033359340558533064,0.006274477994176985,0.5316671855330773,0.07721077898967081,72.97139521307649,0.016425755584756896,1
2023-12-06,458.81,458.84,454.31,454.76,69124690,-0.004029785370127104,0.00032995314665318354,0.040807451994598676,455.78900000000004,-0.2257623593373366,436.47960000000006,1,-0.009453278152907973,0.0035468879406597787,0.00643310705407883,0.5513491242790557,0.021180798902488474,64.09544950055488,0.03461166329492471,1
2023-12-07,456.91,458.9,456.29,458.23,66995450,0.007630398451930809,0.004009640666082559,0.04798170383076039,456.11,0.4648001578566584,437.1232,1,-0.0018950119799607812,0.004117745067771483,0.006544315409665467,0.6292094451453057,-0.12671494815514286,69.1021967526265,0.030072234467407144,1
2023-12-08,457.46,460.75,457.21,460.2,83194400,0.004299151081334607,0.002395992158571003,0.06075972708832755,456.6,0.7884362680683236,437.7568,1,0.0,0.004270208810728851,0.006099284332613022,0.7001163706856459,0.8755521129620008,71.05145413870237,0.019839200347674835,1
2023-12-11,459.69,462.17,459.47,461.99,65002250,0.003889613211647047,0.011605246447261797,0.048523637684119825,457.351,1.0143194176901351,438.44699999999995,1,0.0,0.004222640980204432,0.005337038081082556,0.7911955875248164,-0.18229544770899558,68.69859700048377,0.021602199181800508,1
2023-12-12,461.63,464.2,460.6,464.1,68327620,0.004567198424208385,0.016425755584756896,0.05431745382675679,458.26800000000003,1.2726177695147802,439.1828,1,0.0,0.0043112716971725985,0.0052978928646523265,0.8137710231812181,-0.01956516821325757,74.85084901330886,0.023141564318034824,1
2023-12-13,464.49,470.76,464.12,470.5,93277960,0.013790131437190212,0.03461166329492471,0.04851469703385103,459.8570000000001,2.3144151334001473,440.161,1,0.0,0.005555799581009886,0.004444724680423109,1.2499760908657698,1.6991862630078707,79.27382753403931,-0.004760892667375116,0
2023-12-14,472.5,473.73,469.25,472.01,119026000,0.0032093517534537153,0.030072234467407144,0.04965753424657526,461.41799999999995,2.29553246730731,441.108,1,0.0,0.005553550204332299,0.00444802197348272,1.2485437881018315,2.631396584893691,80.19515720997464,0.0014618334357323626,1
2023-12-15,469.49,470.7,467.43,469.33,141553700,-0.0056778458083515115,0.019839200347674835,0.042422761699575595,462.441,1.489703551371961,442.0046,1,-0.0056778458083515115,0.006144634988998023,0.004800703613335904,1.2799446672626913,2.770578977950087,75.14392143582789,0.009204610828201787,1
2023-12-18,470.98,472.98,469.89,471.97,70375290,0.005625039950567956,0.021602199181800508,0.04698418332261145,463.96899999999994,1.7244686606217423,442.8532,1,-8.474396728874733e-05,0.0056146318397104315,0.004859635641768216,1.1553606594397896,-0.13378847401757912,76.86002522068091,0.007797105748246658,1
2023-12-19,472.53,474.92,472.45,474.84,55761810,0.00608089497213804,0.023141564318034824,0.04530445119535065,465.793,1.9422790810510182,443.70419999999996,1,0.0,0.005529176005947428,0.0047780544875305146,1.1572023760669004,-0.6986381180748104,79.51561132185576,0.0035169741386573694,1
2023-12-20,473.96,475.9,467.82,468.26,102921000,-0.013857299300817139,-0.004760892667375116,0.033070796655415124,467.14300000000003,0.23911307672382157,444.3786,1,-0.013857299300817139,0.007591539950264207,0.005921750017924429,1.2819757550192972,1.1049154841071709,65.18177163338453,0.01800281894673894,1
2023-12-21,471.33,472.98,468.84,472.7,86667470,0.009481911758424832,0.0014618334357323626,0.03885543492593735,468.59000000000003,0.8770993832561422,445.10619999999994,1,-0.004506781231572665,0.007739360215889388,0.006161020323861515,1.2561815753009273,0.39595827089796615,66.66666666666661,0.005521472392638005,1
2023-12-22,473.86,475.38,471.7,473.65,67160420,0.002009731330653741,0.009204610828201787,0.04030309685921374,469.93499999999995,0.790534861204216,445.906,1,-0.0025061073203604955,0.007735148718802454,0.00615329494012206,1.2570742657508653,-0.5281428743707265,71.55566853075749,-0.002111263591259349,0
2023-12-26,474.07,476.58,473.99,475.65,55386950,0.004222527182518698,0.007797105748246658,0.046580707621897366,471.30100000000004,0.9227648572780309,446.78899999999993,1,0.0,0.007740538933021576,0.006104912212144621,1.2679197773922402,-1.0877125330208173,73.09090909090904,-0.014422369389256673,0
2023-12-27,475.44,476.66,474.89,476.51,68000310,0.0018080521391778959,0.0035169741386573694,0.04743586925461063,472.5419999999999,0.8397137185689473,447.5984,1,0.0,0.00772545738731654,0.0060984350738581316,1.2667934140076176,-0.5265743345995721,77.00521480009934,-0.019370002728169466,0
2023-12-28,476.88,477.55,476.26,476.69,77158120,0.0003777465320768947,0.01800281894673894,0.04856910318734742,473.16099999999994,0.7458349272235145,448.4118,1,0.0,0.00667276380860693,0.006074806095884805,1.0984323949248673,-0.13642271729008237,74.95943753380206,-0.018397700811848328,0
2023-12-29,476.49,477.03,473.3,475.31,122283100,-0.0028949631836203693,0.005521472392638005,0.041432953549517926,473.491,0.38416780889183044,449.31380000000007,1,-0.0028949631836203693,0.006760175820127745,0.006174596853463913,1.0948367934880356,1.7258662215391722,70.76119813135479,-0.001493761965874807,0
2024-01-02,472.16,473.67,470.49,472.65,123007800,-0.005596347646798949,-0.002111263591259349,0.02951426704421678,473.82300000000004,-0.247560798019526,450.2382,1,-0.008475109610019183,0.006751652810052188,0.0063298952278586324,1.0666294728445662,1.5691372478920105,64.30488459473963,0.002602348460806203,1
2024-01-03,470.43,471.19,468.17,468.79,103585900,-0.008166719559927982,-0.014422369389256673,0.026494996606012844,473.505,-0.9957656202151983,451.19019999999995,1,-0.016572615326522433,0.0070420521146499935,0.0065236426276726114,1.079466260885957,0.7215978087154048,56.01127915918996,0.016574585635359185,1
2024-01-04,468.3,470.96,467.05,467.28,84232170,-0.0032210584696773514,-0.019370002728169466,0.023390275952693607,472.74899999999997,-1.156850675517028,452.12660000000005,1,-0.019740292433237605,0.006657519748417594,0.0065955118763719916,1.0094015253414585,-0.07712538045452638,45.281359906213325,0.019410203732237674,1
2024-01-05,467.49,470.44,466.43,467.92,86118910,0.0013696284882727117,-0.018397700811848328,0.028938341102999532,472.715,-1.014353257248016,453.01239999999996,1,-0.018397700811848328,0.005096799981613679,0.006480657035053204,0.7864634641280375,-0.03593490815909608,43.849624060150425,0.0187211489143444,1
2024-01-08,468.43,474.75,468.3,474.6,74879070,0.014275944605915525,-0.001493761965874807,0.03572441786875591,472.90500000000003,0.35842293906809886,454.1534,1,-0.004384400763598917,0.0062001647250663015,0.006966513470928813,0.8899953686933246,-0.515230895830054,57.07382550335575,0.0006953223767383054,1
2024-01-09,471.87,474.93,471.35,473.88,65931440,-0.001517067003792727,0.002602348460806203,0.029726205997392396,472.92800000000005,0.20129914067256355,455.38,1,-0.005894816337661757,0.0061998981347018015,0.006977191206812828,0.888595131038971,-0.8322692821666091,52.703085196716614,-0.0033552798176753607,0
2024-01-10,474.16,477.45,473.87,476.56,67310640,0.005655440195830197,0.016574585635359185,0.03153747916621574,473.01899999999995,0.7485957223705716,456.6976,1,-0.0002727139230946918,0.006321999316604269,0.0070202104543802615,0.9005427056192676,-0.7843989542811864,52.44735344336941,-0.00014688601645118649,0
2024-01-11,477.59,478.12,472.26,476.35,77940720,-0.0004406580493536705,0.019410203732237674,0.02639517345399689,473.00300000000004,0.7076065056669788,457.9128,1,-0.0007132517988629461,0.0062987546511018115,0.006997219817902798,0.900179616336488,-0.3770469597729448,64.05978449774071,0.012763724152409006,1
2024-01-12,477.84,478.6,475.23,476.68,58026420,0.0006927679227457517,0.0187211489143444,0.013134962805525952,473.00199999999995,0.7775865641160196,459.0824,1,-2.097799408418144e-05,0.006301728692117708,0.00635257468141634,0.9919960029045585,-1.086528123742003,58.06974858069749,0.01420239993286887,1
2024-01-16,475.26,476.61,473.06,474.93,85014870,-0.003671225979692827,0.0006953223767383054,0.00618630961208444,472.96400000000006,0.41567645740478154,460.1278,1,-0.003692126958820152,0.006346190984652031,0.006394097715999969,0.9925076635553972,0.05648172301049302,52.51374705420271,0.020908344387593925,1
2024-01-17,471.82,472.79,469.87,472.29,68843870,-0.005558713915734925,-0.0033552798176753607,0.006306862974879257,472.928,-0.13490425603896933,460.95840000000004,1,-0.009230317397050491,0.006342554455479648,0.006388261337304292,0.9928451765807171,-0.5651641631472533,43.5632183908047,0.027737195367253165,1
2024-01-18,474.01,477.06,472.42,476.49,91856250,0.008892841262783335,-0.00014688601645118649,0.00957687988643352,473.698,0.5894050639859215,461.79439999999994,1,-0.0004195598816840729,0.006212183440159841,0.00656992324107297,0.9455488614118566,0.5423517414151824,49.966032608695684,0.024218766395936786,1
2024-01-19,477.65,482.72,476.54,482.43,110834500,0.012466158786123449,0.012763724152409006,0.015984331564316445,475.213,1.5186874096457765,462.7292,1,0.0,0.006799048544990748,0.0069968189897323734,0.9717342345097325,1.3526356148368317,58.15340909090909,0.010322741123064416,1
2024-01-22,484.01,485.22,482.78,483.45,75844930,0.002114296374603475,0.01420239993286887,0.03243924315551183,476.76599999999996,1.401945608537527,463.6596,1,0.0,0.006780625980249052,0.0060860730600879745,1.114121686234085,-0.3415799480444539,61.68197474167621,0.016175405936498022,1
2024-01-23,484.01,485.11,482.89,484.86,49945300,0.002916537387527285,0.020908344387593925,0.02572456103236731,477.79200000000003,1.4793048020896087,464.6118,1,0.0,0.00558130917438562,0.005810227392512919,0.9606008159986502,-1.4791674506528851,68.17505209883898,0.01243657963123379,1
2024-01-24,487.81,488.77,484.88,485.39,81765040,0.0010930990388977602,0.027737195367253165,0.024786234561384957,478.94300000000004,1.3460892005937963,465.64279999999997,1,0.0,0.005449986472948692,0.005807839009177872,0.9383845634041023,0.017866581186617648,77.42894910773288,-0.0051710995282143735,0
2024-01-25,487.58,488.31,485.39,488.03,72524990,0.005438925400193639,0.024218766395936786,0.02602754125932938,480.09,1.6538565685600612,466.59119999999996,1,0.0,0.005436099641793333,0.00584694335684923,0.9297335907017764,-0.493300068143881,83.051927365403,0.0023973936028522935,1
2024-01-26,487.59,489.12,486.54,487.41,76641610,-0.0012704137040754349,0.010322741123064416,0.022874651109105804,481.196,1.291365680512722,467.5356,1,-0.0012704137040754349,0.0054902446254116565,0.005873374020162092,0.9347684323465131,-0.3102044179794332,81.06471150781013,0.014238526086867376,1
2024-01-29,487.73,491.42,487.17,491.27,61322750,0.007919410763012502,0.016175405936498022,0.030585915374771844,482.65500000000003,1.7849188343640803,468.3864,1,0.0,0.005724140485757018,0.006060448374394212,0.9445077545651379,-1.026602523215771,79.19439579684773,0.0026054918883711142,1
2024-01-30,490.56,491.62,490.11,490.89,58618390,-0.0007735054043601641,0.01243657963123379,0.03277860764553653,484.25100000000003,1.3709832297713278,469.2106,1,-0.0007735054043601641,0.005411806965595072,0.005997254319324865,0.9023807691724337,-1.1001668962396027,80.14888337469002,0.006294689237914763,1
2024-01-31,488.62,489.08,482.86,482.88,126011100,-0.016317301228381043,-0.0051710995282143735,0.021643922564265283,485.31000000000006,-0.5007108858255679,469.8636,1,-0.0170781851120565,0.007880280198545173,0.007061882266155197,1.1158894897345193,2.5272780470894625,59.42158616577226,0.031519218025182205,1
2024-02-01,484.63,489.23,483.8,489.2,91891640,0.01308813783962881,0.0023973936028522935,0.04353761812325341,486.581,0.5382454308737848,470.6318,1,-0.0042135689132248855,0.008369812986519006,0.007192848524960039,1.1636298133451248,0.7558075985874784,66.20428751576296,0.018642681929681215,1
2024-02-02,489.65,496.05,489.3,494.35,99228190,0.010527391659852947,0.014238526086867376,0.05793100496490333,487.77299999999997,1.348373116183154,471.4336,1,0.0,0.00813683230636796,0.0073078006946832265,1.1134447484710268,1.0874252699444202,69.86732628738484,0.01385657934661677,1
2024-02-05,493.7,494.38,490.23,492.55,75757100,-0.003641144937797103,0.0026054918883711142,0.052637202940673644,488.683,0.7913105223631718,472.21920000000006,1,-0.003641144937797103,0.00836541505513233,0.007445641184989606,1.1235318553890277,-0.14867237260904853,69.7888589398024,0.01711501370419244,1
2024-02-06,493.52,494.32,492.05,493.98,55918600,0.0029032585524313426,0.006294689237914763,0.04083438685208596,489.59499999999997,0.8956382315995973,472.99840000000006,1,-0.0007484575705472007,0.008365236485569482,0.006922454737477047,1.2084205390728593,-1.1282954792238387,75.04040637266226,0.00020243734564151517,1
2024-02-07,496.29,498.53,495.36,498.1,70556510,0.00834041864043078,0.031519218025182205,0.05110998565037561,490.866,1.4737219526306644,473.8544,1,0.0,0.008598557765352996,0.0070073232743478,1.2270816442607035,-0.3796161196280414,74.99421697894988,0.0009435856253763308,1
2024-02-08,498.1,498.71,497.26,498.32,52343640,0.0004416783778358191,0.018642681929681215,0.045660567399697705,491.895,1.306173065389974,474.73119999999994,1,0.0,0.008561758820597575,0.006981425058808644,1.2263626334848332,-1.2490611084967467,71.1810183950947,0.007404880398137692,1
2024-02-09,498.84,501.65,498.49,501.2,63979380,0.0057794188473270225,0.01385657934661677,0.0521675238795003,493.274,1.6068148736807513,475.6566,1,0.0,0.00854162730232702,0.006993408815689955,1.221382522806844,-0.6187344227085825,72.54254508509024,-0.0033719074221867373,0
2024-02-12,501.17,503.5,500.24,500.98,56502280,-0.0004389465283319849,0.01711501370419244,0.05097759503230681,494.245,1.3626844985786428,476.584,1,-0.0004389465283319849,0.008395623059978775,0.007013938218834447,1.1969913047471827,-0.9852525066898499,71.11052907281308,-0.00842348995967912,0
2024-02-13,494.53,497.09,490.72,494.08,113099200,-0.013773004910375697,0.00020243734564151517,0.04032173162360775,494.56399999999996,-0.0978639771596761,477.3376,1,-0.01420590582601755,0.009765810521167317,0.007802120117507771,1.2516867689915556,1.6378007119966205,59.7530864197531,0.006335006476683835,1
2024-02-14,496.79,499.07,494.4,498.57,68387830,0.009087597150259086,0.0009435856253763308,0.05564377818713062,496.133,0.4911989325443,478.12700000000007,1,-0.005247406225059814,0.00799318889991304,0.00774170212641678,1.0324846873968605,-0.42808672608095616,61.357758620689694,0.01791122610666518,1
2024-02-15,499.29,502.2,498.8,502.01,61682960,0.006899733237057948,0.007404880398137692,0.0535583118218641,497.41400000000004,0.9239788184490074,479.0334,1,0.0,0.007359743109984506,0.007670831148640398,0.9594453283317245,-0.6679226129768946,64.83136936204792,0.011633234397721237,1
2024-02-16,501.7,502.87,498.75,499.51,75532930,-0.004979980478476476,-0.0033719074221867373,0.03540410007669492,497.93,0.31731367862952303,479.89160000000004,1,-0.004979980478476476,0.00713714151393276,0.00748432299049877,0.9536121734715683,0.05761132659826614,58.608441287087345,0.012972713258993851,1
2024-02-20,497.72,498.41,494.45,496.76,71736740,-0.005505395287381587,-0.00842348995967912,0.027531285551763318,498.351,-0.3192528960511784,480.73159999999996,1,-0.010457959004800732,0.007296211376830736,0.007657685326515445,0.9527959253649309,-0.1214321713637278,55.843121640453916,0.02047266285530247,1
2024-02-21,495.42,497.37,493.56,497.21,59603770,0.0009058700378452578,0.006335006476683835,0.02547127005733607,498.674,-0.2935785703686173,481.5112,1,-0.009561562518674904,0.007261790235039517,0.007649739546390396,0.9492859450967928,-0.7697797673825738,66.79165690180452,0.01820156473120016,1
2024-02-22,504.01,508.49,503.02,507.5,76402540,0.02069548078276795,0.01791122610666518,0.04555100022662195,499.61400000000003,1.578418539112188,482.4572,1,0.0,0.009436220818512994,0.008793896109474899,1.073042107962366,0.10342459000519451,69.61835334476844,0.0011428571428571122,1
2024-02-23,509.27,510.13,507.1,507.85,61321820,0.0006896551724138167,0.011633234397721237,0.04061225744318997,500.567,1.4549500866017966,483.37440000000004,1,0.0,0.009432254805020739,0.008767802398440027,1.075783232375188,-0.6346769459516365,66.13288718929253,0.009845426799251822,1
2024-02-26,508.3,508.75,505.86,505.99,50386740,-0.003662498769321676,0.012972713258993851,0.03811985802507123,501.046,0.9867357488134856,484.2122,1,-0.003662498769321676,0.009477247747687679,0.008831264290263196,1.07314733612227,-1.0863243292979003,66.03818615751788,0.012470602185813862,1
2024-02-27,506.7,507.16,504.75,506.93,48854530,0.0018577442241940467,0.02047266285530247,0.03187656482178847,501.6410000000001,1.0543396572449082,484.9408,1,-0.0018115585310624072,0.00946654421470164,0.008717428256310738,1.0859331372011696,-1.1015180306054533,65.63631972953391,0.0004931647367487635,1
2024-02-28,505.33,506.86,504.96,506.26,56506630,-0.0013216814944864153,0.01820156473120016,0.03131047688891608,502.8589999999999,0.6763327294530013,485.6258,1,-0.0031308457221621566,0.007976825339743109,0.008726161673021747,0.9141276128775696,-0.7279350143131713,60.74815595363535,0.006893690988819978,1
2024-02-29,508.07,509.74,505.35,508.08,83924800,0.0035949907162327044,0.0011428571428571122,0.05218687872763428,503.80999999999995,0.8475417320021513,486.4008,1,0.0,0.007652792145241308,0.007645916738392529,1.0008992259638736,0.8380656957451845,62.335692618806846,0.013245945520390379,1
2024-03-01,508.98,513.29,508.56,512.85,76844840,0.00938828530940028,0.009845426799251822,0.04834423548650868,504.89399999999995,1.5757763015603423,487.2184,1,0.0,0.007870184827605186,0.007419558024456842,1.06073499279377,0.4862835126639176,64.05307599517492,-0.002203373306034928,0
2024-03-04,512.03,514.2,512.0,512.3,49799260,-0.0010724383347958666,0.012470602185813862,0.03631030646303213,506.17300000000006,1.2104557137579237,487.9676,1,-0.0010724383347958666,0.007567121203547617,0.007200064354346635,1.0509796622830727,-1.0995296174731295,63.54715174724735,-0.0019910208861994017,0
2024-03-05,510.24,510.7,504.91,507.18,72855620,-0.009994144056217014,0.0004931647367487635,0.029702568267180984,507.215,-0.006900426840682584,488.74600000000004,1,-0.011055864287803474,0.008204782031602341,0.00758313728511525,1.0819772507227716,0.4342154790839616,66.37499999999997,0.01892819117473077,1
2024-03-06,510.55,512.07,508.42,509.75,68382370,0.005067234512401875,0.006893690988819978,0.031924369407668296,508.46899999999994,0.2519327628626451,489.487,1,-0.006044652432485198,0.008242472923484267,0.0076196864792854825,1.0817338673831085,0.09729447159272778,64.67962184873946,0.012202059833251733,1
2024-03-07,513.14,515.89,509.81,514.81,58652090,0.0099264345267287,0.013245945520390379,0.03354748042561728,509.2,1.1017282010997558,490.31019999999995,1,0.0,0.006004137339760797,0.007701344080400729,0.7796220084544488,-0.5139206768835171,66.12090680100748,0.00027194498941374157,1
2024-03-08,515.46,518.22,511.13,511.72,86532540,-0.006002214409199347,-0.002203373306034928,0.026890351581313254,509.587,0.4185742571925968,491.0316,1,-0.006002214409199347,0.006454033130320475,0.007888369527227518,0.8181707395988128,1.2138540392720836,65.1526433358154,-0.003693426092394314,0
2024-03-11,510.48,511.88,508.5,511.28,62557180,-0.0008598452278590907,-0.0019910208861994017,0.020111731843575287,510.116,0.22818339358106535,491.727,1,-0.006856898661642075,0.0062987560857816136,0.007831969390231775,0.8042365555766314,-0.3554832018915433,69.11532385466032,0.003090283210765321,1
2024-03-12,513.45,517.38,510.86,516.78,73114440,0.01075731497418242,0.01892819117473077,0.03153818515709195,511.10099999999994,1.111130676715567,492.52880000000005,1,0.0,0.007012513161445445,0.008116775764978568,0.8639530479211115,0.2862100780228178,72.73994887287937,-0.0020705135647662853,0
2024-03-13,517.11,517.29,514.49,515.97,55104090,-0.0015673981191220987,0.012202059833251733,0.044304566062176365,512.072,0.7612210782858708,493.342,1,-0.0015673981191220987,0.007025662722422168,0.007321131769339627,0.9596416160470076,-0.9699866789335465,62.62295081967219,0.008740818264627803,1
2024-03-14,516.97,517.13,511.82,514.95,110171800,-0.0019768591197162344,0.00027194498941374157,0.03285396233227034,512.759,0.4272962541856956,494.18800000000005,1,-0.003541158713572412,0.007098962266436662,0.007189762788717407,0.9873708597975952,2.8286874842133956,60.37405026300415,0.014079036799689248,1
2024-03-15,510.21,511.7,508.12,509.83,107646300,-0.009942712884746241,-0.003693426092394314,0.015577378936674657,512.457,-0.5126283766247723,495.00880000000006,1,-0.01344866287395019,0.00730101356476595,0.007520288312844431,0.9708422418188454,2.1659415723348907,55.12273212379934,0.02232116587882249,1
2024-03-18,514.0,515.48,512.44,512.86,88893330,0.005943157523095932,0.003090283210765321,0.02672619166783452,512.513,0.0677055996628339,495.9203999999999,1,-0.007585432872789122,0.007578775031736871,0.007474942333081387,1.0138907691897445,1.0123446967325869,57.493050290624225,0.013473462543384107,1
2024-03-19,512.15,516.0,511.12,515.71,60755260,0.005557072105447869,-0.0020705135647662853,0.03814719381592724,513.3660000000001,0.4565943206211429,496.87620000000004,1,-0.0020705135647662853,0.006827662225472713,0.007349514886321864,0.9289949515143691,-0.5410511049724741,61.31736526946114,0.00601113028640099,1
2024-03-20,515.77,520.62,515.08,520.48,69594570,0.009249384343914091,0.008740818264627803,0.046801150419339965,514.4390000000001,1.174288885562708,497.79380000000003,1,0.0,0.007176663241279307,0.007524871977064209,0.9537256265825862,-0.074708116388717,63.870246085011225,0.005168306178911619,1
2024-03-21,523.39,524.11,521.91,522.2,60256110,0.0033046418690441115,0.014079036799689248,0.028965517241379413,515.1780000000001,1.363024042175701,498.76020000000005,1,0.0,0.0066622103140012165,0.006172572649949387,1.0793247308406884,-0.5540953004616693,61.2244897959184,0.0016660283416316535,1
2024-03-22,522.11,522.61,520.97,521.21,79070840,-0.001895825354270464,0.02232116587882249,0.0263069804076006,516.1270000000001,0.9848351277883096,499.65319999999997,1,-0.001895825354270464,0.006266923622442336,0.006216184654492294,1.0081623971568112,0.454686839563413,60.58446186742706,0.0018226818364956987,1
2024-03-25,519.8,520.95,519.61,519.77,48512110,-0.0027628019416359173,0.013473462543384107,0.027233739797229095,516.976,0.5404506205317041,500.52160000000003,1,-0.004653389505936523,0.006386337635724148,0.00618140687102898,1.0331527707156178,-1.2522003454039443,66.3889612080187,-0.0017892529387997236,0
2024-03-26,521.23,521.58,518.4,518.81,65463740,-0.001846970775535417,0.00601113028640099,0.023435188290296338,517.1790000000001,0.3153646996494169,501.3642,1,-0.0064917656070473395,0.005586541242025062,0.0062211665135834685,0.8979893448965321,-0.36498217155883506,62.309782608695556,0.0011564927430081084,1
2024-03-27,521.71,523.21,519.49,523.17,82999780,0.008403847265858522,0.005168306178911619,0.0334018093469759,517.899,1.017766012291964,502.329,1,0.0,0.0060645629058480414,0.006393271503858313,0.9485852277958323,0.5863413746024208,61.57894736842102,-0.019305388305904225,0
2024-03-28,523.21,524.61,522.78,523.07,96294890,-0.00019114245847418054,0.0016660283416316535,0.029503227838135748,518.711,0.8403523349225364,503.3446,1,-0.00019114245847418054,0.00597967135614605,0.006389124099724881,0.9359141038446159,1.2860082621962479,67.13983690727873,-0.008870705641692456,0
2024-04-01,523.83,524.38,520.97,522.16,62477540,-0.001739728908176863,0.0018226818364956987,0.018153456176269733,519.9440000000001,0.4261997445878583,504.25800000000004,1,-0.001930538830590467,0.0046343694562001785,0.006143474591066963,0.7543564130531072,-0.5905210867395878,66.20011911852285,-0.006588018998008205,0
2024-04-02,518.24,518.98,516.48,518.84,74230310,-0.006358204381798571,-0.0017892529387997236,0.01276595744680864,520.542,-0.3269668922008211,504.98620000000005,1,-0.00827646845193708,0.005189406681097925,0.006344023617258021,0.8179992689467418,0.003082972057850316,53.28025477707015,0.0009251406984811528,1
2024-04-03,517.72,520.95,517.67,519.41,59155760,0.0010986045794463273,0.0011564927430081084,0.024113726881974662,520.912,-0.2883404490585869,505.7054,1,-0.0071869564386336515,0.0049571323912193065,0.005828053945610223,0.8505639167861672,-0.8326634732291281,55.51989730423608,-0.010184632563870477,0
2024-04-04,523.52,523.87,512.76,513.07,96858070,-0.012206156985810623,-0.019305388305904225,0.0065129965669445955,520.171,-1.3651280059826476,506.26959999999997,1,-0.019305388305904225,0.005474433246518553,0.006470550069461438,0.8460537647882239,1.2232733468297665,47.42324561403509,0.009608825306488322,1
2024-04-05,514.46,520.44,514.01,518.43,74546480,0.010446917574599812,-0.008870705641692456,0.007031720440550782,519.7940000000001,-0.2624116476912289,506.9304,1,-0.009060152531681909,0.006524450677238303,0.006512029925334227,1.0019073548565487,-0.06649172120703672,61.710239651416124,-0.014621067453657988,0
2024-04-08,519.15,520.18,517.89,518.72,48401750,0.00055938120864929,-0.006588018998008205,0.013679355897756595,519.545,-0.15879278984494738,507.54420000000005,1,-0.008505839402106252,0.0065208606985410035,0.006337004493667081,1.0290131094364316,-1.3850559323053178,58.6227192466157,-0.027510024676125955,0
2024-04-09,520.5,520.75,514.35,519.32,68124390,0.001156693399136488,0.0009251406984811528,0.01572523861680497,519.5,-0.03464870067371511,508.18240000000003,1,-0.007358984651260392,0.006484736256085512,0.006326937121964331,1.024940841212626,-0.3273713245643146,55.68862275449106,-0.030405145189863814,0
2024-04-10,513.48,516.16,512.09,514.12,82652810,-0.010013094046060322,-0.010184632563870477,-0.005147258020821166,519.0310000000001,-0.9461862586242551,508.6394,1,-0.01729839249192411,0.007207581910202167,0.006311036770399525,1.142059882142928,0.4421761901383192,40.111940298507434,-0.026394616042947128,0
2024-04-11,515.68,519.48,512.08,518.0,70099010,0.007546876215669407,0.009608825306488322,0.003934337267670562,518.514,-0.09912943527079501,509.18160000000006,1,-0.009882065103121285,0.007088995900026166,0.0065351572828986635,1.0847475574270873,-0.2934043064232898,43.8811188811188,-0.035675675675675755,0
2024-04-12,514.37,515.82,509.08,510.85,92561090,-0.013803088803088781,-0.014621067453657988,-0.007961938052238104,517.292,-1.245331456894753,509.741,1,-0.023548750884033742,0.008150243381983077,0.007240987267857492,1.1255707378690947,1.1109870797787422,37.203557312252926,-0.030713516687873144,0
2024-04-15,515.13,515.3,503.58,504.45,92101450,-0.01252813937555064,-0.027510024676125955,-0.010552537120216532,515.521,-2.147536181843217,510.046,1,-0.03578186822638907,0.0087548551001606,0.007441106496247514,1.176552856026936,1.2324700967884834,33.14260563380279,-0.009376548716423794,0
2024-04-16,504.94,506.5,502.21,503.53,73484020,-0.0018237684606997595,-0.030405145189863814,-0.018192099208361068,513.99,-2.0350590478414046,510.22960000000006,1,-0.037540378844352684,0.00870246256293969,0.007288029294158244,1.1940762326401724,0.041422702424690115,33.17180616740086,0.004210275455285739,1
2024-04-17,506.05,506.22,499.12,500.55,75910310,-0.005918217385259994,-0.026394616042947128,-0.029396366174788247,512.104,-2.256182337962607,510.3896,1,-0.04323642410688677,0.00862167116069347,0.007204800851277442,1.1966564154462105,0.15921931584242527,24.307133121308453,0.009709319748276934,1
2024-04-18,501.98,504.13,498.56,499.52,74548090,-0.002057736489861184,-0.035675675675675755,-0.040270519520442694,510.74899999999997,-2.1985358757432683,510.5004,1,-0.04520519142917212,0.008084243965311344,0.006748922706172915,1.1978569495124125,0.04642874583407019,23.80422691879855,0.007947629724535554,1
2024-04-19,499.44,500.46,493.86,495.16,102212600,-0.008728379244074214,-0.030713516687873144,-0.05178092684795099,508.422,-2.608463048412539,510.44160000000005,0,-0.05353900261865152,0.006807640203077833,0.006784455176814224,1.003417374816307,1.72826634468352,22.107438016528874,0.026456094999596003,1
2024-04-22,497.83,502.38,495.43,499.72,67961050,0.00920914451894328,-0.009376548716423794,-0.04123098175399553,506.52199999999993,-1.3428834285578728,510.4696,0,-0.044822906512223426,0.007979219610349388,0.007283997561505982,1.0954451237761902,-0.4894392499953858,30.741337630942738,0.020691587288881763,1
2024-04-23,501.78,506.09,499.53,505.65,64633620,0.01186664532137982,0.004210275455285739,-0.027165861823498894,505.15500000000003,0.09798972592569562,510.5586,0,-0.03348815872469746,0.009310614477780888,0.007918509390564134,1.175803932098081,-0.8200413265669245,37.490909090909064,-0.00725798477207551,0
2024-04-24,506.56,507.37,503.13,505.41,55928080,-0.0004746366063481666,0.009709319748276934,-0.025828337927179312,504.284,0.22328687802905373,510.6472,0,-0.03394690062503569,0.008951283753383239,0.007919888556415206,1.1302284987498454,-1.3507838568691328,42.16768916155415,-0.010011673690667022,0
2024-04-25,499.18,504.27,497.49,503.49,69122370,-0.003798895945865799,0.007947629724535554,-0.037616835827742334,502.83299999999997,0.13065968224043353,510.8354,0,-0.03743284837593441,0.008352061764987163,0.007598291224906235,1.0992026388262355,-0.4056870554389449,33.567971843378885,0.003058650618681602,1
2024-04-26,506.35,509.88,505.7,508.26,64306120,0.0094738723708514,0.026456094999596003,-0.028313610033074088,502.57399999999996,1.1313756780096136,511.0292,0,-0.02662019304427754,0.008188585577830365,0.008008172743623318,1.0225285892278866,-0.6571742893487812,39.52743291950336,0.0059615157596506485,1
2024-04-29,510.09,510.75,507.25,510.06,46415450,0.0035414945106835294,0.020691587288881763,-0.0231729738011337,503.13500000000005,1.3763701591024187,511.19020000000006,0,-0.01800119366203956,0.007060090693588669,0.008083259861745443,0.8734212204411503,-1.7469318801546523,40.94642158779814,0.012763204328902544,1
2024-04-30,508.56,509.56,501.98,501.98,77483570,-0.015841273575657788,-0.00725798477207551,-0.03249556703415313,502.98,-0.19881506222911446,511.2396,0,-0.03355730540420854,0.008870831638832009,0.008662787724510944,1.0240158158016979,0.3093102712895825,38.76342095520177,0.03020040639069288,1
2024-05-01,501.38,508.19,499.87,500.35,80242840,-0.003247141320371294,-0.010011673690667022,-0.036695481411601505,502.96000000000004,-0.5189279465563889,511.3114,0,-0.036528537318031296,0.008720903243529676,0.008645633534661551,1.0087060952290376,0.43027896485769723,32.95344794282401,0.03365644049165595,1
2024-05-02,504.15,505.89,499.55,505.03,62550180,0.009353452583191757,0.003058650618681602,-0.01567037636190005,503.51099999999997,0.30168159186194654,511.4678,0,-0.02751675267657716,0.009158168950183284,0.00862811167950809,1.0614337517134935,-0.6892425258037266,44.09736308316423,0.029978417123735168,1
2024-05-03,511.16,512.55,508.56,511.29,72756710,0.01239530324931204,0.0059615157596506485,-0.013772351137086858,505.12399999999997,1.2206903651380758,511.5436,0,-0.015462527921127678,0.00906591673808179,0.008771051975192732,1.0336179472796454,0.04892481459366911,56.95687550854358,0.018678245222867762,1
2024-05-06,513.75,516.61,513.3,516.57,47264700,0.010326820395470282,0.012763204328902544,-0.004144818013571805,506.809,1.9259721117817608,511.71799999999996,0,-0.005295386274358771,0.009154037396240622,0.009107781495048662,1.0050787232013751,-1.7627999476675031,62.182361733931344,0.008401571907001859,1
2024-05-07,517.56,518.57,516.45,517.14,52561300,0.0011034322550669273,0.03020040639069288,-0.004197797119310009,507.95799999999997,1.807629764665586,511.94100000000003,0,-0.0016602316602316591,0.008662195194394186,0.00910738149247256,0.9511180794999825,-1.2718910870174531,66.22970064566624,0.011911668020265331,1
2024-05-08,515.26,517.74,515.14,517.19,42047210,9.668561704767598e-05,0.03365644049165595,0.005971368552089018,509.1360000000001,1.5818956035322531,512.1462,0,-0.001563706563706413,0.008643848955359966,0.008807996707522178,0.9813637813894699,-1.7202179867165421,67.62417713943759,0.024343084746417887,1
2024-05-09,517.38,520.21,516.71,520.17,43643670,0.005761905682631019,0.029978417123735168,0.004189189189189202,510.804,1.8335800032889298,512.4244,0,0.0,0.008415068853537558,0.008739850676369844,0.9628389734723493,-1.4440575479177202,75.65128205128207,0.01637926062633399,1
2024-05-10,521.81,522.64,519.59,520.84,52233170,0.0012880404483150976,0.018678245222867762,0.019555642556523534,512.062,1.7142455405790742,512.6795999999999,0,0.0,0.00814106815537537,0.00809046074157334,1.0062551955220524,-0.8483299197337406,73.53990191707541,0.016530988403348434,1
2024-05-13,522.56,522.67,519.74,520.91,36716360,0.00013439827970196383,0.008401571907001859,0.03262959659034581,513.1469999999999,1.512821861961589,512.8408,1,0.0,0.00816287437153271,0.007445871429393056,1.0962953697144486,-1.639900318956713,69.56410256410261,0.01756541437100445,1
2024-05-14,521.11,523.83,520.56,523.3,57535870,0.004588124628054802,0.011911668020265331,0.03926280459952736,515.279,1.5566324263166087,513.0608,1,0.0,0.005171929451257127,0.007427212359791338,0.6963486703647219,-0.29906987971167753,71.73754556500603,0.015402254920695801,1
2024-05-15,525.83,530.08,525.18,529.78,59504900,0.012382954328301166,0.024343084746417887,0.05839576465887508,518.222,2.2303182805824515,513.5128,1,0.0,0.005037994933346907,0.007532957627501284,0.6687937437686122,-0.1266316475323,78.75738350470357,9.437879874685251e-05,1
2024-05-16,529.88,531.52,528.54,528.69,50244830,-0.002057457812676855,0.01637926062633399,0.0583960602178093,520.588,1.5563170876009609,513.8915999999999,1,-0.002057457812676855,0.005408080101157856,0.007532948035599706,0.7179234578016459,-0.6467123833288635,74.3040685224841,-0.005163706519888844,0
2024-05-17,528.81,529.52,527.32,529.45,59187590,0.0014375153681740471,0.016530988403348434,0.06925034332337021,522.404,1.3487645576986487,514.1844,1,-0.0006229000717277167,0.004719904697223942,0.0070358072518554955,0.6708405344644995,0.0895875697311303,73.6521102707979,-1.8887524789845678e-05,0
2024-05-20,529.57,531.56,529.17,530.06,37764210,0.0011521390121822517,0.01756541437100445,0.060713999839910215,523.753,1.2041935797980923,514.5512,1,0.0,0.00409744547861172,0.0069139056274717435,0.5926383290988109,-1.5032795110636723,91.8854415274465,-0.0004716447194657025,0
2024-05-21,529.28,531.52,529.07,531.36,33437000,0.0024525525412217863,0.015402254920695801,0.05084544645505784,525.175,1.1777026705384033,514.9528,1,0.0,0.004065188792602089,0.00658948292758836,0.6169207564955146,-1.613345173801019,96.71587827658956,-0.009899126769045474,0
2024-05-22,530.65,531.38,527.6,529.83,48389970,-0.002879403794037838,9.437879874685251e-05,0.048317207811479745,526.439,0.6441392070116532,515.2138,1,-0.002879403794037838,0.00437593941089113,0.006668154713802381,0.6562444332362887,-0.46609926080517305,91.27829560585917,-0.013627012437951835,0
2024-05-23,532.96,533.07,524.72,525.96,57211200,-0.007304229658569694,-0.005163706519888844,0.04462849311803607,527.018,-0.20075215647283257,515.4136,1,-0.010162601626016232,0.00515124940076587,0.0068818420698207915,0.7485276977447425,0.2401702996082726,76.52802893309244,0.002680812229066687,1
2024-05-24,527.85,530.27,526.88,529.44,41291080,0.006616472735569312,-1.8887524789845678e-05,0.04167158540904281,527.878,0.29590170456052567,515.7034,1,-0.0036133694670279493,0.005438216706817609,0.00675148528015626,0.8054844943232615,-0.8864097097002952,74.89361702127681,-0.0030976125717741,0
2024-05-28,530.27,530.51,527.11,529.81,36269600,0.0006988516168024983,-0.0004716447194657025,0.03872093479198524,528.768,0.19706184943111463,516.103,1,-0.002917043059319613,0.0054236209570725944,0.006748689222653698,0.8036554622884139,-1.189319297813346,74.69785575048749,-0.0026802061116248943,0
2024-05-29,525.68,527.31,525.37,526.1,45190320,-0.007002510333893097,-0.009899126769045474,0.048049723096537766,529.048,-0.5572273215284773,516.3678000000001,1,-0.009899126769045474,0.0059526091292564235,0.005737876043753743,1.0374237930316461,-0.45628425986465454,65.19959058341878,0.016289678768294902,1
2024-05-30,524.52,525.2,521.33,522.61,46468510,-0.006633719825128281,-0.013627012437951835,0.04448885779954037,528.331,-1.0828438989951383,516.5058,1,-0.016467178560674478,0.004646549264851501,0.005957957446532201,0.7798896360960083,-0.2598147866218184,54.09121395036901,0.023057346778668553,1
2024-05-31,523.59,527.5,518.36,527.37,90785760,0.00910813034576452,0.002680812229066687,0.04423499594083524,528.199,-0.15694842284819754,516.6436,1,-0.007509033423667599,0.0056839240382152685,0.005942678282802986,0.9564583118462757,2.972650665022899,59.62842819227373,0.01259078066632524,1
2024-06-03,529.02,529.31,522.6,527.8,46835700,0.0008153668202588449,-0.0030976125717741,0.03229087210780568,528.034,-0.04431532817963186,516.7556,1,-0.006699789220114494,0.005666957495634317,0.005438046130357882,1.0420944140209731,-0.19140457816687467,60.05252407353379,0.014892004547176985,1
2024-06-04,526.46,529.15,524.96,528.39,34632660,0.001117847669571903,-0.0026802061116248943,0.02288170044718041,527.867,0.09907798744760035,516.8992,1,-0.0055894308943089666,0.005665993040589451,0.005035602962427727,1.1251866127781063,-1.0807749911918534,57.838004311672435,0.016200155188402565,1
2024-06-05,530.77,534.69,528.73,534.67,47610370,0.011885160582145726,0.016289678768294902,0.03389797733689126,528.198,1.2252980889742067,517.1972000000001,1,0.0,0.006839067137819058,0.005578862265769145,1.2258892247228068,-0.05738617556029139,57.576696622249834,0.012512390820506258,1
2024-06-06,534.98,535.42,532.68,534.66,30808530,-1.8703125292174327e-05,0.023057346778668553,0.033778688683075764,528.681,1.1309277239015452,517.5142000000001,1,-1.8703125292174327e-05,0.006734424928262923,0.0055806484264738394,1.206745957390135,-1.2659722725997864,59.57037512023079,0.014570007107320704,1
2024-06-07,533.66,536.89,532.54,534.01,43224530,-0.001215725881868801,0.01259078066632524,0.026606686275640667,529.486,0.8544135255700814,517.731,1,-0.0012344062692875024,0.006157994192857674,0.005529721316804942,1.113617457383141,-0.33850851013298844,57.335907335907315,0.01642291342858737,1
2024-06-10,533.18,535.99,532.57,535.66,35729250,0.0030898297784685003,0.014892004547176985,0.028454035788341825,530.108,1.0473337508583198,517.9828,1,0.0,0.005931604373267176,0.005543690668838066,1.0699739086471098,-0.8222841703971923,58.717310087173196,0.021356830825523865,1
2024-06-11,534.07,537.01,532.05,536.95,36383410,0.0024082440353956347,0.016200155188402565,0.030792267378242144,530.822,1.1544359502808932,518.2786,1,0.0,0.005940679238418935,0.0055392870667868846,1.072462785696514,-0.7723348513826995,58.704453441295655,0.021491759009218736,1
2024-06-12,541.63,544.12,540.3,541.36,63251310,0.008213055219294052,0.012512390820506258,0.034511752340913526,532.348,1.69287759135003,518.729,1,0.0,0.005493902660839119,0.005701474399939374,0.9635933226145044,1.1506724253432614,66.4761360388683,0.010418205999704444,1
2024-06-13,543.15,543.33,539.59,542.45,44760950,0.002013447613418151,0.014570007107320704,0.02391558760240109,534.332,1.519280147923024,519.1898,1,0.0,0.004402804261309365,0.0051222014759202605,0.8595531202759557,-0.12555786974462915,75.5976404843218,0.0037975850308782366,1
2024-06-14,540.88,542.81,539.85,542.78,40089900,0.0006083510000920445,0.01642291342858737,0.02665077833891294,535.873,1.2889248012122136,519.784,1,0.0,0.0040586841722394275,0.005067508449981699,0.8009230201193025,-0.4294393914739802,72.95251204404688,-7.369468292850456e-05,0
2024-06-17,542.08,548.53,541.61,547.1,55839460,0.007959025756291815,0.021356830825523865,0.03333648125413169,537.803,1.7286999142808845,520.3574,1,0.0,0.004275510104328644,0.005280268422378648,0.8097145376565191,0.7419590802649344,76.18903362617411,-0.00414915006397365,0
2024-06-18,547.16,548.62,546.73,548.49,41376420,0.002540668981904526,0.021491759009218736,0.034769648719013,539.8129999999999,1.6074084914591047,520.9528,1,0.0,0.004206625916436514,0.005282447566658173,0.796340306903935,-0.3423810288662946,86.47768002606716,-0.005433098142172188,0
2024-06-20,549.44,550.12,545.18,547.0,70328230,-0.002716549071086094,0.010418205999704444,0.029433905450165554,541.0459999999999,1.1004609589572911,521.5064,1,-0.002716549071086094,0.003551637008952126,0.005370625431909591,0.6613078968140399,1.5909949535764463,92.50609968630191,-0.0011517367458866445,0
2024-06-21,544.4,545.65,543.02,544.51,64513860,-0.004552102376599643,0.0037975850308782366,0.027707000358605516,542.031,0.4573539151819807,522.1142,1,-0.007256285438203114,0.004122291301729866,0.005454216706013695,0.7557989577467139,1.0857024546858671,82.43754731264195,-0.0005325889331692091,0
2024-06-24,544.33,546.95,542.62,542.74,45528650,-0.0032506290058951226,-7.369468292850456e-05,0.03190356681116424,542.9040000000001,-0.03020791889544025,522.609,1,-0.010483326952177796,0.004334377654484532,0.005183038549564605,0.8362618979263885,-0.1735812825147062,76.9092219020174,0.004790507425286528,1
2024-06-25,543.99,545.2,542.44,544.83,38273350,0.0038508309687881326,-0.00414915006397365,0.029068449682683628,543.8210000000001,0.18553899169026217,523.2886,1,-0.006672865503473124,0.004369369534342889,0.0050775327287160416,0.8605300581583398,-0.6594082197474841,78.09295967190714,0.007672117908338327,1
2024-06-26,543.69,546.24,543.03,545.51,38550640,0.0012480957362845935,-0.005433098142172188,0.029633264755289712,544.6769999999999,0.15293467504596006,524.1098000000001,1,-0.005433098142172188,0.004364093063478463,0.005074763917613837,0.8599598196738317,-0.6521089142011457,72.90786136939994,0.010907224432182838,1
2024-06-27,545.37,546.96,544.61,546.37,35041480,0.0015765063885171404,-0.0011517367458866445,0.038528796806690746,545.1780000000001,0.21864418593558313,524.9666,1,-0.0038651570675856117,0.0036992125127178477,0.004666796757560938,0.7926662987250401,-0.8428678629505361,73.88820889432893,0.015136262971978676,1
2024-06-28,547.16,550.28,542.95,544.22,76144540,-0.003935062320405525,-0.0005325889331692091,0.04135014638066625,545.355,-0.20812131547340557,525.84,1,-0.007785009754052052,0.003973348153318204,0.0044405284711376185,0.8947917301159141,1.686460984621322,69.62706651287974,0.020322663628679516,1
2024-07-01,545.63,545.88,542.52,545.34,40297810,0.002057991253537228,0.004790507425286528,0.034074748279196765,545.611,-0.04966908658365725,526.7564,1,-0.005743039982497367,0.004010781876855785,0.004117779061378832,0.9740158024682317,-0.4803203951571279,68.99529042386197,0.01921736898081927,1
2024-07-02,543.7,549.01,543.65,549.01,40434790,0.006729746580115048,0.007672117908338327,0.04018567639257298,545.802,0.587758930894348,527.8334,1,0.0,0.0037674706624060937,0.004261904492144408,0.883987585679205,-0.4422970207563644,71.64393395549172,0.022422178102402546,1
2024-07-03,548.69,551.83,548.65,551.46,32789910,0.004462578095116854,0.010907224432182838,0.04366093226594003,546.099,0.9816901331077312,528.8682,1,0.0,0.003936586020427098,0.004291791060836453,0.9172361759055142,-1.020384209319901,69.49806949806955,0.009103108113009073,1
2024-07-05,551.77,555.05,551.12,554.64,41488390,0.005766510717005735,0.015136262971978676,0.03735014120859592,546.8629999999999,1.4221112051830247,529.8480000000001,1,0.0,0.004066998741317607,0.0037443020812717026,1.086183393604905,-0.3265709804605045,71.77563415505536,0.009645896437328716,1
2024-07-08,555.44,556.25,554.19,555.28,36110450,0.001153901629886045,0.020322663628679516,0.038566565667901065,547.94,1.3395627258458804,530.8454,1,0.0,0.0035006898651334197,0.003722754587769401,0.9403493522335465,-0.7757380017850962,72.08480565371029,0.011255582769053474,1
2024-07-09,556.26,557.18,555.52,555.82,27314130,0.000972482351246251,0.01921736898081927,0.04084193179903006,549.2479999999999,1.196545094383615,531.8919999999999,1,0.0,0.0030236743827785936,0.003657942721370038,0.8266051748470553,-1.333672007478479,67.78140293637853,0.01626425821309052,1
2024-07-10,557.07,561.67,556.77,561.32,38701220,0.009895289842035249,0.022422178102402546,0.04790352089011707,550.8969999999999,1.8920052205766444,532.9532,1,0.0,0.0038419484271883264,0.004058315032302257,0.9466856063682204,-0.49976004024074594,72.40656653859595,-0.007803035701560601,0
2024-07-11,561.44,562.33,555.83,556.48,53054180,-0.00862253260172452,0.009103108113009073,0.03637210168544547,551.994,0.8126899930071685,533.8815999999999,1,-0.00862253260172452,0.005322637369046707,0.004741975514731064,1.1224514661688578,0.5174809584847359,64.82176360225142,-0.006864577343300815,0
2024-07-12,557.63,563.67,557.15,559.99,53084410,0.006307504312823342,0.009645896437328716,0.034413329392640746,553.356,1.1988665524544804,535.0418,1,-0.002369414950473936,0.005487935316492221,0.004623985835086786,1.18684085812932,0.580128986457456,73.45454545454548,-0.019643207914427085,0
2024-07-15,562.03,564.84,559.63,561.53,40584290,0.002750049108019681,0.011255582769053474,0.03517374873260204,555.0870000000001,1.1607189503627122,536.2654,1,0.0,0.005005810324934569,0.004629516366746504,1.081281483502458,-0.38218170063844736,78.66951480012202,-0.012252239417306243,0
2024-07-16,562.87,565.16,562.1,564.86,36475260,0.005930226345876477,0.01626425821309052,0.04067946497660202,557.039,1.404030956539852,537.462,1,0.0,0.0050616366963598305,0.00471322802174337,1.0739214553187664,-0.6833996254874946,79.44722140546895,-0.01961547994193258,0
2024-07-17,558.8,560.51,556.61,556.94,57118960,-0.014021173388096053,-0.007803035701560601,0.017985743008590793,557.832,-0.15990477419723842,538.375,1,-0.014021173388096053,0.00734481399038589,0.005709461794601958,1.2864284331195779,0.9068628638373567,63.85454545454553,-0.028207706395662058,0
2024-07-18,558.51,559.52,550.43,552.66,56270390,-0.007684849355406476,-0.006864577343300815,0.007602691024448882,557.952,-0.9484686854783261,539.0968,1,-0.02159827213822907,0.007784321017046459,0.006005648642444373,1.29616657258826,0.7729237214088391,57.040519364226505,-0.02578438823146234,0
2024-07-19,552.42,554.08,547.91,548.99,65509080,-0.006640610863822172,-0.019643207914427085,0.0036380255941499406,557.3870000000001,-1.5064936928920207,539.7338,1,-0.028095457281450242,0.007795193273779442,0.00617441260566867,1.2624995722868841,1.544219480529506,55.16345529335351,-0.008287946957139414,0
2024-07-22,553.0,555.27,551.02,554.65,43346720,0.010309841709320589,-0.012252239417306243,0.018622247525297952,557.324,-0.4797927238015909,540.4830000000001,1,-0.018075275289452297,0.008574520868998695,0.006460138503512853,1.3272967544482361,-0.12215988170941344,59.17602996254675,-0.017831064635355554,0
2024-07-23,554.54,556.74,553.28,553.78,34439560,-0.0015685567474984508,-0.01961547994193258,0.020341231528908876,557.12,-0.5995117748420504,541.1552,1,-0.01961547994193258,0.008577503846189497,0.006413451654687794,1.337423950162613,-0.8065611265694262,54.97600667640306,-0.02127198526490659,0
2024-07-24,548.86,549.17,540.29,541.23,74515270,-0.0226624291234786,-0.028207706395662058,-0.006607565662683834,555.111,-2.5005809648880986,541.563,1,-0.04183337464150405,0.010274297428881208,0.008270362435481791,1.2423031649498293,2.059458474573155,41.185593658452504,0.017700423110322605,1
2024-07-25,541.35,547.46,537.45,538.41,61158290,-0.005210354193226685,-0.02578438823146234,-0.013015343440083593,553.304,-2.691829446380291,541.913,1,-0.046825762135750515,0.010144441735165106,0.008332639930077752,1.2174343089694082,0.9910656538770537,35.9285590428299,0.008543674894597064,1
2024-07-26,542.28,547.19,541.49,544.44,53763790,0.01119964339443924,-0.008287946957139414,-0.0035324047806430947,551.749,-1.3246965558614459,542.3358,1,-0.03615055057890448,0.010756036271376869,0.008734401633802989,1.2314565693601673,0.40646128390599756,41.40501110053926,-0.021196091396664563,0
2024-07-29,546.02,547.05,542.72,544.76,39515820,0.0005877599000807532,-0.017831064635355554,0.0009922457829554254,550.0719999999999,-0.9656917639872414,542.6354,1,-0.03558403852281988,0.010654216301057189,0.008689420186468544,1.226113603948891,-0.5516492825530003,41.19987269255247,-0.05026066524708128,0
2024-07-30,546.26,547.34,538.52,542.0,46853630,-0.005066451281298123,-0.02127198526490659,-0.0061246195034291295,547.786,-1.0562518939877883,542.9016,1,-0.0404702050065503,0.01019022542049818,0.00875012958519463,1.164579943791943,0.018601481191583738,33.92678868552409,-0.03662361623616239,0
2024-07-31,548.98,553.5,547.58,550.81,65663390,0.01625461254612537,0.017700423110322605,0.003278628804575412,547.173,0.6646892299144774,543.3288,1,-0.024873419962468724,0.011339773575149049,0.009387202044391807,1.2080035692769355,1.3856340286386921,45.575152177306016,-0.058368584448357796,0
2024-08-01,552.57,554.87,539.43,543.01,76428730,-0.014160962945480193,0.008543674894597064,-0.01532296086751539,546.208,-0.5854912414318317,543.5878,1,-0.03868215132953301,0.011930448441703314,0.009854757928605386,1.2106282597843248,1.910102324623396,37.58045640725567,-0.02276201174932324,0
2024-08-02,535.75,536.99,528.6,532.9,82789070,-0.018618441649325135,-0.021196091396664563,-0.039196595990191874,544.5989999999999,-2.1481860965591117,543.6185999999999,1,-0.05658039160145878,0.013032435530144437,0.010496837731523875,1.2415582543498516,1.9852964347343862,31.3921747042766,0.0001688872208669423,1
2024-08-05,511.64,523.58,510.27,517.38,146267400,-0.029123662976168085,-0.05026066524708128,-0.06825385391154004,540.8720000000001,-4.343356653699964,543.3696,0,-0.0840562263215664,0.01447906458814138,0.012089019404644604,1.1977038090102263,3.451463108032481,23.361759425493673,0.03071243573388993,1
2024-08-06,519.22,529.75,517.87,522.15,84826310,0.009219529166183404,-0.03662361623616239,-0.06057716526933188,537.7090000000001,-2.8935725457450183,543.2934,0,-0.07561165598555397,0.015294169770501255,0.012385143264889995,1.2348803274531277,0.9600291480580283,29.76619751075951,0.03809250215455329,1
2024-08-07,528.47,531.59,518.05,518.66,70698340,-0.006683903092980947,-0.058368584448357796,-0.07599942991520003,535.452,-3.136042072865547,543.0778,0,-0.08179017809722766,0.014121588372745702,0.012022891196517563,1.1745584437157701,0.3449186852947316,30.042263442122533,0.048374657771950824,1
2024-08-08,523.91,531.29,521.84,530.65,63276590,0.02311726371804257,-0.02276201174932324,-0.04641676250718807,534.676,-0.7529793744248979,543.0946,0,-0.06056367949580432,0.01652434716280497,0.013381322326078084,1.234881483319599,0.02611781192752577,40.192513368983924,0.04225007066804887,1
2024-08-09,529.81,534.51,528.56,532.99,45619560,0.004409686233864285,0.0001688872208669423,-0.04821514669904825,533.531,-0.1013999186551372,543.2324,0,-0.056421060085684926,0.016086096826792417,0.013323764355013045,1.2073237261014789,-0.6656858891808812,37.99068529607453,0.04000075048312346,1
2024-08-12,534.21,535.73,530.95,533.27,42542070,0.0005253381864573914,0.03071243573388993,-0.05032678574608662,532.382,0.16679752508537737,543.4456,0,-0.055925362036610915,0.016084990367068525,0.013287891969463485,1.2104997846184309,-0.7954711836844931,38.55340997879227,0.049393365462148786,1
2024-08-13,536.53,542.28,536.28,542.04,52333070,0.016445702927222472,0.03809250215455329,-0.04039939099953982,532.386,1.8133459557539071,543.739,0,-0.02675333069989605,0.01704129678761504,0.01383553255902458,1.231705155903046,-0.4453172241341861,50.47197296352404,0.030735739059848166,1
2024-08-14,542.85,544.96,540.12,543.75,42446930,0.0031547487270313646,0.048374657771950824,-0.02368298200883412,531.68,2.2701625037616706,544.058,0,-0.01965203281348593,0.016144695104455195,0.013578719525624948,1.1889703645463692,-0.8085781668837488,53.15230224321136,0.03102528735632193,1
2024-08-15,549.5,553.36,548.88,553.07,60846810,0.01714022988505759,0.04225007066804887,0.0007418666087650738,532.6859999999999,3.8266445898709804,544.5516,0,-0.002848643288560271,0.016379104538185665,0.014071750688966824,1.1639706316732827,-0.07281530285240345,54.90396635981362,0.00569548158460953,1
2024-08-16,551.42,555.02,551.26,554.31,44430730,0.0022420308460049387,0.04000075048312346,0.009690522596039974,534.827,3.642860214611444,544.9444,0,-0.000612999188677632,0.014710628428933711,0.013986681396414588,1.0517597428582812,-0.6870159935300014,55.37059948262287,0.014107629304901614,1
2024-08-19,554.73,559.61,553.86,559.61,39121790,0.009561436741173823,0.049393365462148786,0.008942576399531221,539.05,3.814117428809954,545.4434,0,0.0,0.008995455446274211,0.013960243626186582,0.6443623540638334,-0.8847735563916912,59.628212137780224,0.002108611354336043,1
2024-08-20,559.15,560.84,557.33,558.7,33732260,-0.0016261324851235548,0.030735739059848166,0.00888439452490175,542.705,2.9472733805658695,545.9372,0,-0.0016261324851235548,0.009462168158089205,0.013960706852905585,0.6777714235952088,-1.0958768590898276,54.72172351885104,0.005119026311079189,1
2024-08-21,559.77,562.11,554.73,560.62,41514600,0.003436549131913269,0.03102528735632193,0.035825804186759846,546.9010000000001,2.5084978817006984,546.4364,1,0.0,0.00832979082802293,0.012854143475564135,0.6480237943397748,-0.7165946428703229,61.336423329470854,-0.004138275480717879,0
2024-08-22,562.56,563.18,554.98,556.22,56121460,-0.007848453497912966,0.00569548158460953,0.0330788804071247,549.458,1.2306673121512577,546.8218,1,-0.007848453497912966,0.007755688998558117,0.012943527062197303,0.5991944051485998,-0.13076338186688935,66.20344635908843,0.003829420013663709,1
2024-08-23,559.53,563.09,557.29,562.13,50639390,0.010625292150587828,0.014107629304901614,0.03249210197634245,552.3720000000001,1.7665631132642357,547.2372,1,0.0,0.007971960929169507,0.012921979742951293,0.6169303069460442,-0.3400256000046687,85.88612670408986,0.0027573692918008152,1
2024-08-26,563.18,563.91,559.05,560.79,35788610,-0.0023837902264601807,0.002108611354336043,0.02942580218811952,555.124,1.020672858676609,547.6039999999999,1,-0.0023837902264601807,0.008217518503666105,0.012952242683408033,0.6344475396676159,-0.9109374097393269,82.79022403258656,-0.015531660692950866,0
2024-08-27,559.49,562.06,558.32,561.56,32693900,0.0013730630004100686,0.005119026311079189,0.036088560885608745,557.076,0.8049171028728439,547.9796,1,-0.0010140003202107062,0.007222144235412481,0.012859311663947553,0.5616275912855063,-0.9832094921229022,88.16725978647689,-0.018893795854405426,0
2024-08-28,561.21,561.65,555.04,558.3,41066020,-0.005805256784671253,-0.004138275480717879,0.013598155443800941,558.5310000000001,-0.04135849218756134,548.2036,1,-0.006813370572643418,0.007810849266421556,0.012500077673682839,0.6248640584743088,-0.6107119603691571,79.12365704655575,-0.015565108364678393,0
2024-08-29,560.31,563.68,557.18,558.35,38715180,8.955758552753323e-05,0.003829420013663709,0.028249940148431962,559.059,-0.12682024616363324,548.4008,1,-0.006724423176133532,0.005937956339365144,0.012001605190878345,0.49476351245733413,-0.6308133390308371,78.06551571491815,-0.03221993373332144,0
2024-08-30,560.77,564.2,557.14,563.68,62700110,0.0095459837019789,0.0027573692918008152,0.057759429536498264,559.996,0.6578618418702936,548.7344,1,0.0,0.00653180888709266,0.011143009482634771,0.5861799630765646,0.3304360190021239,80.27075452916586,-0.0306379506102753,0
2024-09-03,560.47,560.81,549.51,552.08,60600110,-0.02057905194436549,-0.015531660692950866,0.06706869225714174,559.2429999999999,-1.2808385621277152,548.8858,1,-0.02057905194436549,0.008990726159670667,0.009951901682805887,0.9034179040578884,0.7734143505268553,59.46098756125152,-0.005959281263585137,0
2024-09-04,550.2,554.43,549.46,550.95,47224940,-0.0020468048108969183,-0.018893795854405426,0.05515656420568815,558.4680000000001,-1.346182771439013,549.05,1,-0.02258373545273895,0.008993315907715524,0.009917879424754979,0.9067781047295506,-0.08001466271631304,56.85975609756104,0.006298212178963425,1
2024-09-05,550.89,553.8,547.1,549.61,44264260,-0.002432162628187684,-0.015565108364678393,0.0596730035090427,557.367,-1.3917221507552382,549.1456000000001,1,-0.024960970763553636,0.008835687550074777,0.009749507546494304,0.9062701380493711,-0.260972739776378,46.112359550561735,0.0172485944578884,1
2024-09-06,549.94,551.6,539.44,540.36,68493810,-0.01683011590036576,-0.03221993373332144,0.018298313389239595,555.781,-2.7746540453883703,549.0426,1,-0.04137099063298311,0.009895298417649986,0.009488305996146938,1.0428941079333152,2.1069502540252647,36.71681584460107,0.04006588200458938,1
2024-09-09,544.65,547.71,542.68,546.41,40445820,0.011196239544007724,-0.0306379506102753,0.02517870879378603,554.209,-1.4072308461248335,549.0434,1,-0.0306379506102753,0.009982911229262273,0.009736652542835164,1.025291925057788,-0.6165503819309821,37.60796094630107,0.030068995809007903,1
2024-09-10,548.36,549.15,543.38,548.79,36394580,0.004355703592540339,-0.005959281263585137,0.029103456035404207,553.0089999999999,-0.7629170592160233,549.1347999999999,1,-0.026415696849276138,0.010237422420322908,0.009758483142777972,1.0490792749792663,-0.9598044129828754,40.94646446190379,0.026020882304706783,1
2024-09-11,548.7,555.36,539.96,554.42,75248610,0.010258933289600813,0.006298212178963425,0.02283964283078732,552.295,0.3847581455562698,549.3164,1,-0.016427760431450444,0.010935490868099583,0.009348584494494697,1.1697483051620705,2.249782708827231,44.695414099931504,0.01258973341510039,1
2024-09-12,555.01,559.4,552.74,559.09,51892740,0.008423217055661958,0.0172485944578884,0.028211494252873726,552.374,1.2158428890570532,549.518,1,-0.008142917967641106,0.011195834681955575,0.009480706029438476,1.1809072707445485,0.3098593939482384,52.444217339465176,0.02126670124666874,1
2024-09-13,559.71,563.03,559.45,562.01,39310500,0.005222772719955637,0.04006588200458938,0.016164319163939345,552.74,1.6770995404711042,549.729,1,-0.0029626738575077027,0.01130742371661252,0.008791082286928147,1.2862379565512694,-0.641647694581455,49.892318736539835,0.011103005284603507,1
2024-09-16,561.74,563.11,559.9,562.84,36656120,0.0014768420490738343,0.030068995809007903,0.01538850101928535,552.6560000000001,1.8427376161662894,549.8929999999999,1,-0.0014902072097642272,0.010887028779845938,0.008786318381421278,1.2390888091269974,-0.8158145486392756,51.85654772686113,0.0121348873569751,1
2024-09-17,565.1,566.58,560.8,563.07,49320970,0.0004086418875701714,0.026020882304706783,0.006182877361019301,553.755,1.6821518541593403,550.0488,1,-0.0010821742832811676,0.008187891367232629,0.008540931723082212,0.9586648895816041,0.18000300218552548,51.381013352844434,0.014616299927184828,1
2024-09-18,563.74,568.69,560.83,561.4,59044940,-0.002965883460315899,0.01258973341510039,0.004832647216753028,554.8,1.1896178803172357,550.1604,1,-0.004044848140789092,0.008243375112058261,0.008562416030460474,0.9627393813536697,0.8897530988738316,52.92012057272045,0.015390096188101055,1
2024-09-19,571.01,572.88,568.08,570.98,75315470,0.017064481653010333,0.02126670124666874,0.01847954050872258,556.937,2.521470112418461,550.3536,1,0.0,0.009335212899679195,0.009334600817186456,1.0000655713623674,1.9033346231397497,60.08624820316243,0.0023118147745979645,1
2024-09-20,567.84,569.31,565.17,568.25,77503110,-0.004781253283827835,0.011103005284603507,0.02162813275322706,559.726,1.5228879844781198,550.589,1,-0.004781253283827835,0.006801654607165267,0.009206630919638376,0.7387778077056255,1.808960031836927,53.80769871688055,0.005666520017598042,1
2024-09-23,569.34,570.33,568.1,569.67,44116920,0.002498900131984172,0.0121348873569751,0.01341326739366333,562.052,1.355390604428049,550.7826,1,-0.0022943010263057895,0.006479092972200338,0.008940089149954988,0.7247235305514778,-0.4590746444212536,67.65001003411587,0.007179595204241052,1
2024-09-24,570.48,571.36,567.6,571.3,46805670,0.0028613056681938698,0.014616299927184828,0.01874141835624732,564.3030000000001,1.2399367006731918,550.9780000000001,1,0.0,0.006492226950055864,0.008921639570189389,0.7276943771354403,-0.321745635287042,70.21657063381666,-0.004691055487484608,0
2024-09-25,571.14,571.89,568.91,570.04,38428590,-0.002205496236653226,0.015390096188101055,0.015100790654605012,565.865,0.737808487890213,551.0816,1,-0.002205496236653226,0.006362261996412974,0.00894890523110205,0.7109542264791049,-0.9526033753601126,70.32835820895512,-0.00207003017332108,0
2024-09-26,574.38,574.71,569.9,572.3,48336000,0.003964634060767747,0.0023118147745979645,0.025076123947698425,567.1859999999999,0.9016442577919824,551.3888000000001,1,0.0,0.0060741387295100285,0.008836008831424259,0.6874301333774188,-0.27024133559891517,86.9163199260285,-0.007828062205136987,0
2024-09-27,573.39,574.22,570.42,571.47,42100930,-0.001450288310326675,0.005666520017598042,0.023497806035640778,568.132,0.5875395154647299,551.765,1,-0.001450288310326675,0.006090546681689547,0.00885358514290541,0.6879186886873786,-0.7457133822792461,82.93901156677182,0.0026423084326385737,1
2024-09-30,570.42,574.38,568.08,573.76,63655450,0.004007209477312923,0.007179595204241052,0.017882486517172946,569.2239999999999,0.7968743412083923,552.2604,1,0.0,0.006133250055009697,0.008663344088859437,0.7079541101105178,0.838231205918299,82.89855072463767,-0.010387618516452979,0
2024-10-01,573.4,574.06,566.0,568.62,72668780,-0.008958449525934165,-0.004691055487484608,0.02995942617012015,569.779,-0.20341220016883596,552.5398,1,-0.008958449525934165,0.007041243013267653,0.007450129355024765,0.9451168802215042,1.3910266931244883,68.95355045381744,0.008001828989483206,1
2024-10-02,567.71,569.9,565.27,568.86,38097800,0.0004220744961485057,-0.00207003017332108,0.03250748706779194,570.5249999999999,-0.29183646641248856,552.8414,1,-0.008540156162855528,0.006909301658427481,0.00740854612381516,0.9326123564537404,-0.9818376539616696,64.78958522555251,0.014555426642759217,1
2024-10-03,567.36,569.8,565.49,567.82,40846470,-0.001828217839187074,-0.007828062205136987,0.03313258492385507,570.2090000000001,-0.4189691849830518,553.3732,1,-0.010352760736196176,0.0041742367107174445,0.007392343877282025,0.5646702561477976,-0.7750972885925952,59.325842696629316,0.014634919516748113,1
2024-10-04,572.35,573.36,568.1,572.98,43005190,0.009087386847944634,0.0026423084326385737,0.06036716263231923,570.682,0.4026760963198422,554.0646,1,-0.0013594534300055416,0.004858848732163384,0.006147897871381995,0.7903268456655668,-0.555959809375541,64.28974069898537,0.011518726657125944,1
2024-10-07,571.3,571.96,566.63,567.8,49964690,-0.009040455164229244,-0.010387618516452979,0.039146428506066755,570.495,-0.47239677823645254,554.5318,1,-0.010387618516452979,0.0057157608545799375,0.006380684555756261,0.8957911654516019,-0.10435210276023292,55.849616621320685,0.029094751673124586,1
2024-10-08,570.42,573.78,569.53,573.17,37398690,0.009457555477280666,0.008001828989483206,0.04442500774431024,570.682,0.4359695942749101,555.1,1,-0.0010283045175684125,0.006455655313300651,0.00658113288217766,0.9809337433047715,-1.003242030303087,63.335599365511,0.011532355147687356,1
2024-10-09,573.16,577.71,572.55,577.14,37912240,0.0069263918209256925,0.014555426642759217,0.04097976263482561,571.392,1.0059643817204185,555.8027999999999,1,0.0,0.006696093770683352,0.006406109811876577,1.0452667792658128,-0.8888269259916711,57.99584631360331,0.0089406383199917,1
2024-10-10,575.77,577.58,574.49,576.13,44138060,-0.0017500086634092415,0.014634919516748113,0.03047809833837123,571.775,0.761663241659747,556.3092,1,-0.0017500086634092415,0.0066833503091880565,0.006274251268545398,1.0652028462254273,-0.38542427586482625,60.70652173913047,0.010796174474511089,1
2024-10-11,576.05,580.33,575.91,579.58,42267990,0.0059882318226789355,0.011518726657125944,0.03126278891834677,572.586,1.2214759005634137,557.0405999999999,1,0.0,0.006831314197158093,0.006300301727217078,1.0842836570266245,-0.5422606723991388,62.7607519958796,0.008644190620794356,1
2024-10-14,581.22,585.27,580.73,584.32,36217220,0.008178336036440248,0.029094751673124586,0.038163598891336914,573.642,1.8614397132706455,558.069,1,0.0,0.00712702297019124,0.006471570131166375,1.1012818876625126,-1.0002486322282804,65.5221745350502,-0.0011808598028478778,0
2024-10-15,584.59,584.9,578.55,579.78,54203640,-0.0077697152245346235,0.011532355147687356,0.029676594384357102,574.758,0.8737590429363199,559.317,1,-0.0077697152245346235,0.0069340481775339085,0.006819415682174442,1.0168097239854597,0.3491482340110492,60.76957098628926,0.006105764255407431,1
2024-10-16,579.78,582.83,578.96,582.3,30725440,0.00434647624961193,0.0089406383199917,0.037228357677235424,576.1020000000001,1.07585115135859,560.52,1,-0.0034570098576124364,0.006947925324617198,0.006764004570752928,1.027191104314082,-1.2812728795560413,60.9938434476693,-0.007401682981281077,0
2024-10-17,585.91,586.12,582.16,582.35,34393710,8.586639189434031e-05,0.010796174474511089,0.019913131808469764,577.555,0.8302239613543425,561.7937999999999,1,-0.0033714403066813503,0.006845344552682981,0.005742426929327921,1.1920647205316972,-0.9509391034891735,62.1700223713646,-0.00534043101227788,0
2024-10-18,584.07,585.39,582.58,584.59,37416800,0.0038464840731518013,0.008644190620794356,0.028754949406071262,578.716,1.0150056331603108,562.8726,1,0.0,0.006480191757517931,0.005607591820369449,1.1556104590171459,-0.6699326234493439,62.12765957446807,-0.009493833284866415,0
2024-10-21,583.85,584.85,580.6,583.63,36439010,-0.00164217656819321,-0.0011808598028478778,0.024505415415942533,580.299,0.5740144304918702,563.8854,1,-0.00164217656819321,0.005410258218567375,0.005642522677236709,0.9588367700131106,-0.7186480031254852,68.54460093896701,-0.0047975600980072475,0
2024-10-22,581.05,584.5,580.38,583.32,34183840,-0.0005311584394221969,0.006105764255407431,0.021039733940136696,581.3140000000001,0.3450802836332811,564.8864,1,-0.002172462751672044,0.004939296063848487,0.005641778114139384,0.875485700415913,-0.8621470477520731,67.83423778983716,-0.002657203593225077,0
2024-10-23,581.26,581.71,574.42,577.99,49314570,-0.009137351710896358,-0.007401682981281077,0.013946389727036879,581.399,-0.5863443177576831,565.6053999999999,1,-0.011289963906327527,0.005637956942468944,0.006050829662055898,0.9317659325007885,0.5437368723756626,61.342850769573836,0.0034948701534627258,1
2024-10-24,579.98,580.06,576.57,579.24,34979860,0.0021626671741725723,-0.00534043101227788,0.012126507076708037,581.71,-0.4246102009592455,566.3152,1,-0.00915171316649277,0.005626316541042107,0.0060131172680742175,0.9356738427361506,-0.7631981109474905,57.649071358748714,-0.01829984117118988,0
2024-10-25,581.51,584.46,578.08,579.04,47268180,-0.00034528002209799347,-0.009493833284866415,0.013246539625876963,581.6560000000001,-0.4497503679150733,566.8346,1,-0.009493833284866415,0.005293075149585217,0.005998151167448396,0.8824511089867852,0.380612456523542,65.63717306622138,-0.01381597126277978,0
2024-10-28,582.58,582.71,580.52,580.83,30174700,0.0030913235700471553,-0.0047975600980072475,0.012322225320691604,581.307,-0.08205646930107076,567.365,1,-0.006431858225422915,0.004611739325825586,0.005974824928913127,0.7718618337264824,-1.1681991364410218,61.83559950556242,-0.018972849198560793,0
2024-10-29,579.85,582.91,578.43,581.77,42899660,0.0016183737065922355,-0.002657203593225077,0.023126165101473806,581.5060000000001,0.04539935959386426,567.8081999999999,1,-0.004823893669067325,0.003886084020064813,0.005533285792690244,0.7023103750033173,0.432009287389246,57.89294237981581,-0.008714784193065928,0
2024-10-30,581.29,583.32,579.29,580.01,41435840,-0.003025250528559398,0.0034948701534627258,0.019600604718208237,581.277,-0.21796836964133323,568.2344,1,-0.007834550710754562,0.003740084051337579,0.005610581747331626,0.66661252251005,0.18136743192732005,56.44946808510632,0.01901691350149126,1
2024-10-31,575.56,575.63,568.44,568.64,60182450,-0.019603110291201875,-0.01829984117118988,0.0014441196153709424,579.906,-1.9427286491258866,568.3948,1,-0.027284079440291542,0.007119130450018166,0.007248547214607249,0.9821458340882043,2.408009999070565,35.605263157894754,0.04742895329206531,1
2024-11-01,571.32,575.55,570.62,571.04,45667530,0.004220596510973618,-0.01381597126277978,-0.0033858075325492454,578.551,-1.2982433700745624,568.6912,1,-0.023178638019808906,0.0071562357595266485,0.007008574597957422,1.0210686437741934,0.5435546328365863,31.37969713965225,0.04754483048472968,1
2024-11-04,571.18,572.5,567.89,569.81,38216980,-0.0021539646959932712,-0.018972849198560793,0.0035399788657977105,577.1690000000001,-1.275016502965362,568.8448,1,-0.025282676747806265,0.007152685636384851,0.006711471560501998,1.065740288386151,-0.3323765971877121,34.59041731066462,0.050806409153928644,1
2024-11-05,570.74,576.74,570.52,576.7,39478320,0.012091749881539604,-0.008714784193065928,0.006158731266465489,576.507,0.03347747728997173,569.163,1,-0.013496638669836969,0.008500217386659825,0.006925190478260432,1.2274344530080032,-0.18261669701657093,42.374727668845495,0.035026877059129324,1
2024-11-06,589.2,591.93,585.39,591.04,68181970,0.024865614704352224,0.01901691350149126,0.024084277644938812,577.812,2.2893259399250887,569.7526,1,0.0,0.011278410721849416,0.008746737565712885,1.289441993327965,2.647228253445214,58.51793765928242,0.01040538711423955,1
2024-11-07,593.08,596.65,593.0,595.61,47233210,0.007732133188955048,0.04742895329206531,0.033811813306024785,579.449,2.7890288877882368,570.4988000000001,1,0.0,0.011408068941961148,0.008833440488655234,1.2914638363854383,0.47863508877520033,60.32995875515556,-0.003794429240610464,0
2024-11-08,596.17,599.64,596.17,598.19,46444890,0.004331693557865224,0.04754483048472968,0.03210945857344982,581.364,2.894228056776825,571.2955999999999,1,0.0,0.011358314796782006,0.00879882380557523,1.2908901289266637,0.3753862287243262,63.24599708879186,-0.02079606813888568,0
2024-11-11,599.81,600.17,597.0,598.76,37586770,0.0009528745047560072,0.050806409153928644,0.024712486308871684,583.1569999999999,2.67560879831676,571.9971999999999,1,0.0,0.011383137327948212,0.008662572594163363,1.3140596750228566,-0.5345805044449272,63.98044186888799,-0.017719954572783747,0
2024-11-12,598.68,599.29,594.37,596.9,43006130,-0.0031064199345314236,0.035026877059129324,0.029528441822760376,584.67,2.0917782680828534,572.8936,1,-0.0031064199345314236,0.011548465138372302,0.00846738215035978,1.3638766897844108,0.0790487568646613,68.27053140096612,-0.011057128497235724,0
2024-11-13,597.37,599.23,594.96,597.19,47388640,0.0004858435248786819,0.01040538711423955,0.025571011506096752,586.388,1.8421250093794588,573.8184,1,-0.0026220856436635076,0.01140994711652192,0.008442806776863094,1.3514400386125218,0.4730837237329107,67.67080133884622,-0.011202464877174911,0
2024-11-14,597.32,597.81,592.65,593.35,38904110,-0.006430114368961348,-0.003794429240610464,0.018888984287799504,588.859,0.7626613501704118,574.6932,1,-0.009035339702050837,0.009023659159447054,0.008615951003347644,1.0473201572224586,-0.49599701053854695,63.14532426970422,0.0005393106935196457,1
2024-11-15,589.72,590.2,583.86,585.75,75988770,-0.012808628971096359,-0.02079606813888568,0.0019842966865666334,590.33,-0.7758372435756341,575.601,1,-0.021728238359275842,0.010522479718825023,0.00911391443347788,1.1545510763380773,2.699280173930401,54.08366533864537,0.01666239863422958,1
2024-11-18,586.22,589.49,585.34,588.15,37084080,0.0040973111395645745,-0.017719954572783747,0.007744632729640433,592.164,-0.6778527570065067,576.4358,1,-0.017719954572783747,0.010393834516064692,0.009145202700507319,1.1365340776413964,-0.7213815928849459,55.17017828200971,0.015948312505313256,1
2024-11-19,584.71,591.05,584.03,590.3,49412050,0.0036555300518574807,-0.011057128497235724,0.011965987794006594,593.524,-0.5431962313234252,577.2660000000001,1,-0.01412920034738463,0.00992567527495169,0.009170036608038805,1.0824030152999022,0.30392596223371854,58.286358511837605,0.017533457563950527,1
2024-11-20,590.38,590.79,584.63,590.5,50032580,0.0003388107741826296,-0.011202464877174911,0.021643973079118917,593.47,-0.50044652636191,577.9876,1,-0.01379517669851027,0.006008881522954117,0.008878729822132071,0.6767726514186452,0.35626171928981876,71.46504320502743,0.01410668924640146,1
2024-11-21,593.4,595.12,587.45,593.67,46750290,0.005368331922099845,0.0005393106935196457,0.024911953594364933,593.2760000000001,0.06641091161616039,578.6792,1,-0.008500901863851995,0.005706519036399221,0.008927560947565772,0.63920247309599,0.007734189851662604,71.89011414200031,0.01495780484107323,1
2024-11-22,593.66,596.15,593.15,595.51,38226390,0.003099364967069196,0.01666239863422958,0.02844363083724799,593.008,0.4219167363677982,579.3492,1,-0.005427884294208041,0.005607556240137856,0.008928008828740043,0.6280858753282861,-0.7295844721830042,74.56978967495216,0.013635371362361592,1
2024-11-25,599.52,600.86,595.2,597.53,42441390,0.0033920505113262944,0.015948312505313256,0.028751958404352296,592.885,0.7834571628562002,580.043,1,-0.002054245440577196,0.00572640985464025,0.008931187042004051,0.6411700737772604,-0.42468025527937703,71.95867594349556,0.010677288169631538,1
2024-11-26,598.8,601.33,598.07,600.65,45621290,0.005221495155054878,0.017533457563950527,0.03245268748818253,593.26,1.2456595759026374,580.7946,1,0.0,0.005859299143441797,0.008970883887134438,0.6531462470320111,-0.13046884568528513,63.26981496824078,0.011670690085740398,1
2024-11-27,600.46,600.85,597.28,598.83,34000160,-0.003030050778323412,0.01410668924640146,0.03244771641868249,593.424,0.9109843889023805,581.5432,1,-0.003030050778323412,0.005974072639768995,0.008971015232326397,0.6659304978372862,-1.1844005224619871,54.81171548117158,0.013075497219578125,1
2024-11-29,599.66,603.35,599.38,602.55,30177350,0.006212113621561821,0.01495780484107323,0.059633511536297146,594.3439999999999,1.3806818946603345,582.1745999999999,1,0.0,0.005726395291010016,0.007489009573052361,0.7646398679493287,-1.3900506152549206,56.300578034681955,0.008729566011119294,1
2024-12-02,602.97,604.32,602.47,603.63,31745990,0.0017923823749066425,0.013635371362361592,0.057071308489773154,596.132,1.257775123630345,582.8822,1,0.0,0.0027398035013548767,0.007486613623739065,0.365960317848823,-1.136133036948864,56.93534605525492,0.0017394761691764682,1
2024-12-03,603.39,604.16,602.34,603.91,26906630,0.0004638603117803619,0.010677288169631538,0.05984450957336662,597.708,1.0376304148513986,583.567,1,0.0,0.002820037345364038,0.0074179125851479705,0.3801658907399736,-1.4420918369181759,60.45332538025649,-0.001838022221854252,0
2024-12-04,605.63,607.91,604.95,607.66,42787560,0.0062095345332913165,0.011670690085740398,0.05368475810646767,599.444,1.3706034258412811,584.2941999999999,1,0.0,0.003028995115988992,0.007147487090694071,0.423784622141214,-0.10333654277040467,64.15247364152467,-0.00032913142217672053,0
2024-12-05,607.66,608.48,606.31,606.66,28762180,-0.0016456571108843798,0.013075497219578125,0.02642799133730378,601.0600000000001,0.9316873523441768,585.0266,1,-0.0016456571108843798,0.003271250970472481,0.004920458523945119,0.6648264495174855,-1.2416613534132135,69.48755490483163,-0.003840701546170666,0
2024-12-06,607.44,609.07,607.02,607.81,31241550,0.0018956252266508766,0.008729566011119294,0.02048320209533072,602.4739999999999,0.8856813738020253,585.7367999999999,1,0.0,0.0031391566988702036,0.00468750051434418,0.6696866889430939,-0.9186454696686989,89.81949458483771,-0.005922903538934765,0
2024-12-09,607.69,607.86,604.08,604.68,34742740,-0.0051496355769072855,0.0017394761691764682,0.01084939567695864,603.391,0.2136259904440052,586.401,1,-0.0051496355769072855,0.003912228575809787,0.004813215598218015,0.8128097518129465,-0.5416969659309036,79.07140344706309,0.0034894489647416815,1
2024-12-10,605.37,605.8,602.13,602.8,37234520,-0.0031090824899120406,-0.001838022221854252,0.00674727770726169,603.9179999999999,-0.18512447054069234,586.9818,1,-0.008242707425017648,0.004104975582689759,0.004880581204161095,0.8410833486778031,-0.3110512880094096,72.1946022727274,0.0024717982747179956,1
2024-12-11,605.78,608.44,605.5,607.46,28677720,0.0077305905773059624,-0.00032913142217672053,0.017691405595577248,604.5989999999999,0.4732062077509397,587.7586,1,-0.0005758378440630096,0.004460685959452342,0.005074637247587778,0.8790157289711147,-1.003023186675055,75.99632127529136,-0.034866493267046494,0
2024-12-12,606.58,607.16,604.33,604.33,31543810,-0.005152602640503101,-0.003840701546170666,0.011955993904787299,605.149,-0.13533856950932083,588.468,1,-0.005725473420970184,0.0047237415026485435,0.00525177263147477,0.8994565900165507,-0.6760351454876438,66.35972989564166,-0.03016563797924976,0
2024-12-13,606.4,607.13,602.81,604.21,35904730,-0.0001985670080916213,-0.005922903538934765,0.01830285666132969,605.3149999999999,-0.18254958162277568,589.1958,1,-0.005922903538934765,0.00434637872999747,0.0049906256994631006,0.8709085777490908,-0.2726451106526772,64.0959170447182,-0.02161500140679573,0
2024-12-16,606.0,607.78,605.21,606.79,43695180,0.0042700385627512105,0.0034894489647416815,0.03591976099018357,605.631,0.1913706530874397,589.872,1,-0.0016781560026981612,0.004509499117621783,0.0038485364857971317,1.1717438912854035,0.8783430389731188,64.73583704646728,-0.01994100100528995,0
2024-12-17,604.19,605.17,602.89,604.29,55773550,-0.004120041530018659,0.0024717982747179956,0.02744197908696755,605.6690000000001,-0.22768211679979208,590.6018,1,-0.005791283460291785,0.00474400753481247,0.004022069951576983,1.1794940396181892,2.1033877252384334,55.909090909090914,-0.004947955451852559,0
2024-12-18,603.98,606.41,585.89,586.28,108248700,-0.0298035711330652,-0.034866493267046494,-0.006810096561070567,603.5310000000001,-2.8583453045494083,590.8639999999999,1,-0.035422253664796566,0.010153324550640956,0.008004717517616082,1.2684175960358886,3.7996256380329885,36.64609491381135,0.025687384867298935,1
2024-12-19,591.36,593.0,585.85,586.1,85919450,-0.00030702053626241455,-0.03016563797924976,-0.007451312447078751,601.4749999999999,-2.556215969076003,591.0432,1,-0.035718398841743215,0.010189662906248542,0.008003261760639105,1.2731887586586748,2.1217336199817827,31.070195627157702,0.015202183927657265,1
2024-12-20,581.77,595.75,580.91,591.15,125716700,0.008616277085821356,-0.02161500140679573,-0.004244782454899121,599.809,-1.443626221013688,591.3435999999999,1,-0.027409881377404077,0.010781768101662198,0.008156734146280573,1.3218241404347628,2.8724190421492923,36.84099536060727,-0.00495644083565927,0
2024-12-23,590.89,595.3,587.66,594.69,57635830,0.0059883278355747915,-0.01994100100528995,-0.0013769709996472868,598.81,-0.6880312620029544,591.6458,1,-0.02158569289745138,0.011074483866818611,0.008243001435593767,1.3435013876132953,0.3534770792972063,40.90370955011847,-0.01447813146345156,0
2024-12-24,596.06,601.34,595.47,601.3,33160100,0.011115034723973682,-0.004947955451852559,0.006309306645691404,598.6600000000001,0.4409848662011613,591.9854,1,-0.010710583899573911,0.011753030937809184,0.008585818291572952,1.3688888512053505,-0.5184799936323328,44.06051550242807,-0.027706635622817166,0
2024-12-26,599.5,602.48,598.08,601.34,41338890,6.652253450867285e-05,0.025687384867298935,0.0011487555148590456,598.048,0.5504574883621433,592.4166,1,-0.010644773860252199,0.011424723881707325,0.008508908511772814,1.3426779552160217,-0.21424146770474678,44.941042221377,-0.015615126218112896,0
2024-12-27,597.54,597.78,590.76,595.01,64969310,-0.010526490837130531,0.015202183927657265,-0.006379105923216999,597.116,-0.3526952886876243,592.6708,1,-0.02105921258287946,0.011765537083427981,0.008813349117216495,1.3349677775097455,0.5828524621473623,38.91966759002773,0.0005882254079763172,1
2024-12-30,587.89,591.74,584.41,588.22,56578760,-0.01141157291474082,-0.00495644083565927,-0.023782258733714978,595.517,-1.225321863187789,592.7882,1,-0.0322304667577038,0.012156610312394832,0.009008679178494383,1.349433149025356,0.23522192957147717,36.600455877564364,0.000697018122471027,1
2024-12-31,589.91,590.64,584.42,586.08,57052650,-0.003638094590459273,-0.01447813146345156,-0.02907410168480684,593.4459999999999,-1.2412249808743967,592.818,1,-0.035751303861403905,0.011914029988564051,0.008996719576690713,1.3242637927085887,0.20872340374249496,36.44617380025946,0.00581831831831825,1
2025-01-02,589.39,591.13,580.5,584.64,50203980,-0.002457002457002533,-0.027706635622817166,-0.03190872812173995,591.481,-1.156588292776946,592.8382,0,-0.03812046527697799,0.011914501301019164,0.008987970441262942,1.3256053053224106,-0.08890313426410953,30.48238111529244,-0.0070983853311439304,0
2025-01-03,587.53,592.6,586.43,591.95,37888460,0.012503420908593466,-0.015615126218112896,-0.025853273211993377,592.048,-0.016552711942267578,593.0108,0,-0.026093680590973944,0.008435922256156948,0.009376878405224352,0.89965145025842,-0.5420923227910235,40.118135376756065,-0.017839344539234858,0
2025-01-06,596.27,599.7,593.6,595.36,47679440,0.005760621674127719,0.0005882254079763172,-0.01862657831404735,592.974,0.4023785191256222,593.3582,0,-0.02048337473881634,0.008549321279506169,0.009506473549914273,0.8993157383353014,-0.2141463568455823,43.28833611406035,-0.022121069604944865,0
2025-01-07,597.42,597.75,586.78,588.63,60393050,-0.011304084923407731,0.000697018122471027,-0.0315559138546585,592.722,-0.6903742395254411,593.5459999999999,0,-0.030997925789352454,0.009039979933318709,0.009757322910218224,0.9264815786563456,0.22190000772365476,37.04337899543382,0.007050269269320175,1
2025-01-08,588.7,590.58,585.2,589.49,47304670,0.0014610196558109134,0.00581831831831825,-0.02512072501157625,592.202,-0.45795184751148915,593.755,0,-0.029582194712409082,0.008795085030494105,0.009741148189420483,0.9028797077582842,-0.3189649237192213,39.187609585038025,0.0036472204787187934,1
2025-01-10,585.88,585.95,578.55,580.49,73105050,-0.01526743456207913,-0.0070983853311439304,-0.037010617120106115,590.121,-1.632038175221687,593.7482,0,-0.0443979850525138,0.008766379154850555,0.010231886504819192,0.8567705623710362,0.6353145652989701,45.12872286723881,0.029440644972350993,1
2025-01-13,575.77,581.75,575.35,581.39,47910060,0.0015504143051559005,-0.017839344539234858,-0.04291640601850333,588.126,-1.1453328028347651,593.7406,0,-0.041859621944989156,0.008845309933385647,0.010018942545472196,0.882858634355884,-0.4187089196102429,46.08478802992516,0.0372555427509933,1
2025-01-14,584.36,585.0,578.35,582.19,48420580,0.0013760126593165278,-0.022121069604944865,-0.03663561299290119,586.8439999999999,-0.7930557354254084,593.7841999999999,0,-0.04054120865538313,0.008566181605706465,0.010022070893658976,0.8547316913439855,-0.4449503055784011,41.98568872987487,0.041653068585856934,1
2025-01-15,590.33,593.94,589.2,592.78,56900160,0.01818993799275126,0.007050269269320175,-0.01891726386521253,587.3,0.9330836029286598,594.2669999999999,0,-0.023088712734224304,0.010001625695130587,0.010976343433232241,0.9111983199112944,-0.13434579814524278,48.48292295472591,0.028627821451465918,1
2025-01-16,594.18,594.35,590.93,591.64,43319660,-0.0019231418064037387,0.0036472204787187934,-0.024967451671912833,587.856,0.6436950545711861,594.679,0,-0.020933657680914708,0.009931193292414342,0.010910064225889977,0.9102781694765152,-0.7226631635195244,41.59707724425892,0.02760124399972974,1
2025-01-17,596.96,599.36,595.61,597.58,58070630,0.010039889121763235,0.029440644972350993,-0.01110394016118077,589.15,1.4308749893915071,595.2344,0,-0.00625270229820063,0.010231131273308738,0.011167455336602431,0.9161560055472262,-0.08771111341659196,47.03376459450932,0.0029954148398541047,1
2025-01-21,600.67,603.06,598.67,603.05,42532850,0.009153586130727032,0.0372555427509933,0.02860407996179304,590.26,2.166841730762709,595.7614,0,0.0,0.009907422630585616,0.008967852897350212,1.1047708681208437,-0.702050275376795,56.42994241842609,0.0024376088218225345,1
2025-01-22,605.92,607.82,605.36,606.44,48195970,0.005621424425835464,0.041653068585856934,0.03470397543081383,591.368,2.548666819983496,596.0694,0,0.0,0.009901497620415593,0.009004647431611744,1.0995985901297327,-0.3500632454551781,65.40933694181325,-0.007634720664863925,0
2025-01-23,605.8,609.75,605.52,609.75,41152100,0.005458083239891831,0.028627821451465918,0.03146409540725714,593.4799999999999,2.7414571678910997,596.3521999999999,0,0.0,0.008774427349264022,0.008904961044963295,0.9853414635908931,-0.9726569380606487,69.63012108143965,-0.007724477244772543,0
2025-01-24,609.81,610.78,606.8,607.97,34604690,-0.002919229192291928,0.02760124399972974,0.02233096235013199,595.328,2.123535261234152,596.5477999999999,0,-0.002919229192291928,0.008997676195340702,0.008896037416985525,1.0114251743322384,-1.4515492905704654,69.23965033811649,-0.010115630705462397,0
2025-01-27,594.81,599.69,594.64,599.37,70361130,-0.014145434807638524,0.0029954148398541047,-0.0032097122900381914,597.216,0.36067352515672657,596.56,1,-0.017023370233702373,0.008746283934280502,0.009193854785634524,0.9513184772013851,1.8005084730935694,55.99160206718343,-0.0026694696097570025,0
2025-01-28,600.62,605.37,597.25,604.52,44433320,0.00859235530640512,0.0024376088218225345,0.005288189709648394,599.529,0.8324868354991978,596.7124,1,-0.008577285772857768,0.008877620341177637,0.009398370670510216,0.9445914246640041,-0.6848096335759422,57.19447062519633,-0.004532521670085332,0
2025-01-29,603.72,604.13,599.22,601.81,37177430,-0.004482895520412922,-0.007634720664863925,0.011428379354968765,601.491,0.05303487500227934,596.8048,1,-0.013021730217302241,0.009251418487759313,0.009124939571938457,1.0138607948933505,-1.25263434146975,61.04963112005361,0.004004586165068824,1
2025-01-30,603.96,606.6,600.72,605.04,39281260,0.0053671424535983725,-0.007724477244772543,0.02859474346333002,602.7169999999999,0.3854213503186559,597.0386,1,-0.007724477244772543,0.007731021846592818,0.008724232818270592,0.8861549213132234,-0.9518725115364018,62.5383002741493,0.002115562607430954,1
2025-01-31,607.5,609.96,601.05,601.82,66671470,-0.005321962184318241,-0.010115630705462397,0.026856401856401924,603.735,-0.3171921455605462,597.36,1,-0.013005330053300401,0.007996534040642668,0.008783809401510101,0.910371989545665,1.521517356917021,68.96674373110446,-0.0017447077199164163,0
2025-02-03,592.67,600.29,590.49,597.77,65857250,-0.006729586919677066,-0.0026694696097570025,0.022458264915161452,603.754,-0.9911321498491169,597.5524,1,-0.01964739647396474,0.007818077262439634,0.008932296605763161,0.8752594777691745,1.310543212689994,63.79252273492758,0.011844020275356915,1
2025-02-04,597.83,602.3,597.28,601.78,33457820,0.006708265720929418,-0.004532521670085332,0.016606132274685326,603.6270000000001,-0.3059836620959787,597.7819999999999,1,-0.013070930709307094,0.007535147057902402,0.008633581864367067,0.8727718317007941,-1.4114537934970854,65.6494647707301,0.005865931071155517,1
2025-02-05,600.64,604.37,598.58,604.22,30653150,0.004054637907541014,0.004004586165068824,0.01488175221714605,603.405,0.13506682907832296,598.0563999999999,1,-0.00906929069290685,0.007416347392720545,0.00859093009481989,0.8632764218617507,-1.4783678755158052,60.50698016164589,-0.001423322630829893,0
2025-02-06,605.99,606.45,602.63,606.32,35771500,0.003475555261328589,0.002115562607430954,0.030052834548018437,603.062,0.5402429600936617,598.3094,1,-0.005625256252562494,0.007269113841024432,0.008120070568262916,0.8952032842467619,-0.9739106507533536,63.24909747292423,0.005624092888243837,1
2025-02-07,606.89,608.13,600.05,600.77,50788520,-0.009153582266789972,-0.0017447077199164163,0.01913518465113917,602.342,-0.26098130298069916,598.4146000000001,1,-0.014727347273472802,0.007747437282613828,0.008463275827111278,0.9154182660330731,0.18354716560244297,52.899472823123006,0.01486425753616194,1
2025-02-10,604.03,605.5,602.74,604.85,26048710,0.006791284518201657,0.011844020275356915,0.04196454719288889,602.8900000000001,0.325100764650255,598.561,1,-0.00803608036080361,0.006592255714216922,0.007630544988992392,0.8639298665726659,-1.6185678970481399,51.67847817978372,0.010977928412002846,1
2025-02-11,602.55,605.86,602.43,605.31,30056740,0.0007605191369759456,0.005865931071155517,0.041142778513562295,602.9689999999999,0.38824549852480117,598.6542000000001,1,-0.007281672816728202,0.006021311132237741,0.0076355009088318986,0.7885941216080478,-1.1755676911898802,48.88538173209696,0.012588590969916158,1
2025-02-12,599.2,604.55,598.51,603.36,45076080,-0.003221489815135925,-0.001423322630829893,0.03636269946237469,603.124,0.03912959855684569,598.7447999999999,1,-0.010479704797047962,0.005926002243615995,0.007725399123864541,0.7670803991615104,0.004324007613416152,43.52321102777216,0.011634844868735117,1
2025-02-13,604.48,609.94,603.2,609.73,40921300,0.010557544417926223,0.005624092888243837,0.02859408212152914,603.5930000000001,1.0167447269931797,598.8884,1,-3.280032800323518e-05,0.006609624707392353,0.00703130810713906,0.9400277454320966,-0.2626603141769074,51.6320474777448,-0.016056287209092468,0
2025-02-14,609.94,610.99,609.07,609.7,26910450,-4.9202105850132405e-05,0.01486425753616194,0.030525319451017552,604.381,0.8800739930606809,599.0097999999999,1,-8.200082000808795e-05,0.00626923605125095,0.006996615458032871,0.8960383901123492,-1.2541406845942036,61.389195148842376,-0.020485484664589104,0
2025-02-18,610.88,611.49,608.38,611.49,26749030,0.0029358701000492538,0.010977928412002846,0.02327721811305583,605.753,0.947085693343651,599.1614,1,0.0,0.005599748703432138,0.006716453552571374,0.8337359381110127,-1.1450428070421876,58.29959514170044,-0.02820978266202223,0
2025-02-19,610.08,613.23,609.56,612.93,31011070,0.0023549035961338838,0.012588590969916158,0.016383384462316464,606.8679999999999,0.9988992663973075,599.2668,1,0.0,0.005382763513643269,0.006458350035132598,0.8334580015579404,-0.7651646494271201,63.65422396856585,-0.030003426166120062,0
2025-02-20,611.54,611.68,607.02,610.38,36554000,-0.00416034457442116,0.011634844868735117,0.006496932919991982,607.484,0.4767203745283757,599.3412000000001,1,-0.00416034457442116,0.005630200630015144,0.006446990646165458,0.8733067781576318,-0.30932576123354083,56.66833166833173,-0.04149873849077634,0
2025-02-21,610.16,610.3,599.47,599.94,76519820,-0.01710409908581534,-0.016056287209092468,-0.016088560885608727,606.846,-1.138015246042645,599.1838,1,-0.021193284714404403,0.007928627599276827,0.007407402841502427,1.0703653856725688,2.1905681098523893,48.011002962336015,-0.009600960096009747,0
2025-02-24,602.02,603.03,596.49,597.21,50737210,-0.004550455045504553,-0.020485484664589104,-0.017698241689557026,606.49,-1.5301159128757231,599.0344,1,-0.025647300670549544,0.007528020682701385,0.007441049250995235,1.0116880602146958,0.48151406852287687,49.39050936003489,-0.022504646606721357,0
2025-02-25,597.15,597.89,589.56,594.24,58266470,-0.00497312503139602,-0.02820978266202223,-0.008558986936283097,605.429,-1.848111008887907,598.8632,1,-0.030492878468993068,0.007160329878606635,0.00683772231366794,1.0471805595693517,1.0665672466440026,41.60356347438754,-0.029247442110931554,0
2025-02-26,595.93,599.58,591.86,594.54,43321580,0.0005048465266557223,-0.030003426166120062,-0.016508965791040886,604.3520000000001,-1.6235571322673084,598.6048,1,-0.030003426166120062,0.007150839642627722,0.006508699253424363,1.0986587894448365,0.049867725708957915,38.6810102899905,-0.019309045648736922,0
2025-02-27,596.85,598.02,584.65,585.05,74196660,-0.015961920139940133,-0.04149873849077634,-0.027849321214336697,602.521,-2.899649970706416,598.2192,1,-0.04548643401367203,0.008454245100474574,0.0073066687369504595,1.1570587643751689,1.8391387081302035,28.793619142572084,-0.021092214340654558,0
2025-02-28,585.56,594.72,582.44,594.18,88744110,0.015605503803093779,-0.009600960096009747,-0.0179492264974217,600.966,-1.1291820169527158,598.0186,1,-0.030590768929567802,0.009448857501999941,0.008118273416357643,1.1638998857763625,2.2131964935002957,43.86748557602822,-0.03073142818674479,0
2025-03-03,596.18,597.34,579.9,583.77,74249200,-0.017519943451479336,-0.022504646606721357,-0.02999235651856047,598.373,-2.440451023024111,597.5581999999999,1,-0.047574763839263845,0.01049448021981544,0.00889141599539679,1.180293467907539,1.3904077020387962,32.450882450882304,-0.03972454905185252,0
2025-03-04,579.71,585.39,572.25,576.86,109648200,-0.011836853555338478,-0.029247442110931554,-0.03498000903357479,594.91,-3.0340723806962324,597.0096,0,-0.05884848188210712,0.010404154028504514,0.009120399698393546,1.1407563673264327,2.5486138260969637,28.61223876108849,-0.03629996879658848,0
2025-03-05,576.69,584.88,573.08,583.06,71230530,0.010747841764032762,-0.019309045648736922,-0.03110771378244548,591.923,-1.497323131555972,596.9452,0,-0.04873313428939685,0.01142074363777048,0.00935893036719305,1.2203043712991972,0.8355065297643576,35.65573770491791,-0.04148801152540038,0
2025-03-06,575.48,580.17,570.12,572.71,80094870,-0.017751174836208805,-0.021092214340654558,-0.052149879183079006,588.1560000000001,-2.626174008256317,596.6774,0,-0.06561923873851816,0.012107662441038369,0.00992618780752856,1.2197696311826038,1.0906514225875787,25.2341450361251,-0.0371741369977826,0
2025-03-07,570.9,577.39,565.63,575.92,81158820,0.005604930942361586,-0.03073142818674479,-0.05013854070457857,585.7539999999999,-1.678861774738192,596.3728000000001,0,-0.060382099097776254,0.011981739430820412,0.010006191371520501,1.1974325680920606,1.0259259603740907,28.323921971252375,-0.022763578274760388,0
2025-03-10,567.59,569.54,555.59,560.58,99326620,-0.026635643839421963,-0.03972454905185252,-0.06689748156532438,582.091,-3.6954702958815657,595.6906,0,-0.08540942685135322,0.01396335193917287,0.011296480751053911,1.2360798240522963,1.5566085655984636,22.17120367333537,0.01172000428127995,1
2025-03-11,559.4,564.02,552.02,555.92,88102110,-0.00831281886617441,-0.03629996879658848,-0.08089608993965458,578.259,-3.863147828222311,594.783,0,-0.09301225262264856,0.013970111890955506,0.01108250257337807,1.2605557091873754,1.0246148993073063,19.896504382722455,0.009173981867894643,1
2025-03-12,562.17,563.11,553.69,558.87,69588170,0.005306518923586134,-0.04148801152540038,-0.07672101898200911,574.692,-2.7531268923179724,593.9336,0,-0.08819930497772988,0.014317936896550676,0.011234104493805698,1.274506295045177,0.2409390335118374,22.91513303186447,0.01477982357256602,1
2025-03-13,558.49,559.11,549.68,551.42,74079410,-0.013330470413513096,-0.0371741369977826,-0.08608459294616821,571.329,-3.4846822058743725,593.0618,0,-0.10035403716574487,0.014139110196207068,0.011426646328015272,1.2373805743459054,0.368108599622734,23.65906623235601,0.025515940662290237,1
2025-03-14,556.11,563.83,551.49,562.81,62660320,0.020655761488520552,-0.022763578274760388,-0.07695209354960408,568.192,-0.9472150259067466,592.5536,0,-0.08177116473333013,0.015049970408927003,0.012312455609653026,1.22233702894553,-0.14682304623534834,32.929734021437,0.0020788543202858722,1
2025-03-17,562.79,569.71,562.35,567.15,49008710,0.007711305769265042,0.01172000428127995,-0.06978842053468925,566.53,0.10943815861472553,592.175,0,-0.07469042141843274,0.014889155383406395,0.012560761476893138,1.185370441974922,-0.8159632051837621,36.737491432487964,0.012218989685268467,1
2025-03-18,564.8,565.02,559.06,561.02,66041420,-0.010808428105439472,0.009173981867894643,-0.08253610034505887,564.946,-0.694933675076918,591.7026,0,-0.08469156347380613,0.014823083272255105,0.012564055425145729,1.1798008501767792,-0.1573082188000852,34.475731752500906,0.025738832840183967,1
2025-03-19,562.83,570.95,561.63,567.13,66555990,0.010890877330576476,0.01477982357256602,-0.07472305157195758,563.353,0.6704499665396375,591.2062,0,-0.07085749860742485,0.014837543442916733,0.012938653243549236,1.1467610394701797,-0.24476977071830264,41.43239625167336,0.002574365665720446,1
2025-03-20,563.33,570.57,562.6,565.49,62958200,-0.002891753213548953,0.025515940662290237,-0.07354434942167176,562.631,0.5081483245679739,590.6088000000001,0,-0.057422408907557454,0.013871672374380336,0.012939881971854326,1.0720091886891052,-0.5706768420660149,35.22504892367907,0.002811720808502338,1
2025-03-21,559.28,564.89,558.03,563.98,83762960,-0.002670250579143718,0.0020788543202858722,-0.059939327266059994,561.4369999999999,0.45294485400857454,590.1158,0,-0.05564206895396928,0.013667200230267065,0.012551537912922963,1.088886503397757,0.6676987641406003,38.77990701893639,-0.014752296180715718,0
2025-03-24,570.8,575.15,570.2,574.08,58766800,0.017908436469378453,0.012218989685268467,-0.03873009494147783,562.787,2.0066206220115257,589.8076,0,-0.034413159753759026,0.011892579466572503,0.013383617477272885,0.8885923022506914,-0.8884008201664851,48.47887940468375,-0.02558876811594213,0
2025-03-25,575.3,576.41,573.69,575.46,38355740,0.0024038461538462563,0.025738832840183967,-0.03160339256865907,564.7410000000001,1.8980382157484468,589.707,0,-0.032092037541628704,0.01128257102325276,0.013395760119868412,0.8422494074463608,-1.9138101018086047,45.609981515711695,-0.02517985611510798,0
2025-03-26,575.19,576.33,567.19,568.59,52228900,-0.011938275466583215,0.002574365665720446,-0.043647189423756116,565.713,0.5085617618828039,589.451,0,-0.043067757245279115,0.012254761902460144,0.013584445320334917,0.9021172093140722,-1.197259255897552,47.520462205103506,-0.007158057651383332,0
2025-03-27,567.18,570.9,564.94,567.08,42164250,-0.0026556921507588926,0.002811720808502338,-0.030715323476625755,567.279,-0.03507974030414583,589.1487999999999,0,-0.045609074691170925,0.011211536114834468,0.01319211001741334,0.84986678401222,-1.5756311680267607,44.568690095846705,-0.05357268815687377,0
2025-03-28,565.53,566.27,555.07,555.66,71662650,-0.020138252098469533,-0.014752296180715718,-0.06482883974553166,566.5640000000001,-1.9245839834511385,588.4064,0,-0.04815252582352636,0.011436538635666878,0.013177408767238429,0.8678897981900896,0.08890480706209877,46.82416731216108,-0.09066695461253282,0
2025-03-31,549.83,560.71,546.87,559.39,95328210,0.006712738005254959,-0.02558876811594213,-0.04176302310841595,565.788,-1.1308122476970215,587.7614,0,-0.040596165060199585,0.011353964059998282,0.012908854153644895,0.8795485582887633,1.2977967461703594,52.26708480334509,-0.09833926241084034,0
2025-04-01,557.45,562.94,553.68,560.97,54609640,0.0028245052646633795,-0.02517985611510798,-0.027545678327497103,565.783,-0.850679500798007,587.0292,0,-0.037886323877473926,0.010897182868995159,0.0127390870337197,0.8554131736560778,-0.8293972872599956,51.397019691325184,-0.11496158439845272,0
2025-04-02,555.05,567.42,554.81,564.52,76014540,0.006328324152806708,-0.007158057651383332,-0.03179775666312212,565.522,-0.1771814359123193,586.2586,0,-0.019794415891095984,0.01048013614448109,0.012555780612076479,0.8346861472237752,0.4429706206872331,59.19169239404996,-0.028165521150712025,0
2025-04-03,545.11,547.97,536.7,536.7,125986000,-0.049280804931623234,-0.05357268815687377,-0.06287649944998341,562.643,-4.610916691401116,584.8638000000001,0,-0.06809973607445463,0.018724165717367826,0.016160424314544723,1.1586431985276329,2.6279078759927343,35.11232751739088,-0.022582448295137003,0
2025-04-04,523.67,525.87,505.06,505.28,217965100,-0.05854294764300372,-0.09066695461253282,-0.12265592443394913,556.773,-9.248472896494631,582.7744,0,-0.12195461022486365,0.025163786203635307,0.02019953423304279,1.245760714743209,3.593406826660231,23.04609218436876,0.05672102596580131,1
2025-04-07,489.19,523.17,481.8,504.38,256611400,-0.0017811906269790123,-0.09833926241084034,-0.10025330907274621,549.803,-8.261686458604265,580.7026000000001,0,-0.1235185764431933,0.023389761566007104,0.019640917731237315,1.1908690767951007,3.0629569921665656,24.146430527661153,0.06887664062809784,1
2025-04-08,521.86,524.98,489.16,496.48,165816600,-0.01566279392521508,-0.11496158439845272,-0.10692185926032516,541.905,-8.382465561306864,578.6448,0,-0.1372467243596427,0.022791588783013905,0.019772900568081474,1.152667950993764,1.3012988301189483,18.27000808407439,0.08284321624234603,1
2025-04-09,493.44,548.62,493.05,548.62,241867300,0.10501933612632941,-0.028165521150712025,-0.018340580099128645,539.908,1.6136082443675568,577.5268,0,-0.04664094811107644,0.044178000694946394,0.03163825982988714,1.3963473633658436,2.1283479521544497,44.7877402212198,-0.04185046115708513,0
2025-04-10,532.17,533.5,509.32,524.58,162331200,-0.04381903685611166,-0.022582448295137003,-0.04867433172536351,535.658,-2.0681106228227666,575.9822,0,-0.08841622354290479,0.04604965615670156,0.03299629184200063,1.3956009474399618,0.8696798842317017,39.31438489911044,0.0034885050897859315,1
2025-04-11,523.01,536.43,520.07,533.94,97866330,0.017842845705135613,0.05672102596580131,-0.051296174552690754,533.486,0.08510063994182876,574.5602,0,-0.07215097487227606,0.04639543276271363,0.032900555381686375,1.4101717197314847,-0.09436026828718076,39.0698181026032,-0.03756976439300308,0
2025-04-14,544.05,544.28,533.86,539.12,68033990,0.009701464584035646,0.06887664062809784,-0.04942255135325746,531.4590000000001,1.4415034838058898,573.3062,0,-0.06314948041566748,0.046474768436300405,0.03293487038357393,1.4111113204647503,-0.5517288041778097,40.30519688400383,-0.022017361626354037,0
2025-04-15,539.68,543.23,536.81,537.61,56892870,-0.002800860661819282,0.08284321624234603,-0.041727567644647245,529.123,1.6039748791868744,572.103,0,-0.06577346818197616,0.046433998366407415,0.032871120771531766,1.4126077017313587,-0.706879457095865,41.49181588487311,-0.004073584940756381,0
2025-04-16,531.68,537.89,520.29,525.66,83484810,-0.022228009151615602,-0.04185046115708513,-0.07312256449138654,525.237,0.08053507273859264,570.5806,0,-0.08653946408090929,0.04665367567931001,0.033041067681167394,1.4119905606410375,-0.32884411002619546,39.24155844155842,0.04000684853327252,1
2025-04-17,527.64,531.17,523.91,526.41,79868080,0.0014267777650953661,0.0034885050897859315,-0.06910820704168075,524.208,0.42006226536031466,569.0243999999999,0,-0.08523615889896785,0.044133171896441524,0.03305786870159888,1.335027744674507,-0.3978022647446907,41.956772809767365,0.046028760851807515,1
2025-04-21,521.16,521.7,508.46,513.88,69368130,-0.02380273930966348,-0.03756976439300308,-0.08883293733820352,525.068,-2.1307716333884352,567.1756,0,-0.10701004413860227,0.040309338140948225,0.033380655093762424,1.207565820015333,-0.5412932921753081,38.06326391438912,0.07194286603876399,1
2025-04-22,520.14,529.31,519.19,527.25,75948120,0.026017747334007968,-0.022017361626354037,-0.08157399665551845,527.355,-0.019910686349805765,565.7052,0,-0.08377645709519344,0.04094332339591999,0.033709989986611226,1.2145753651122906,-0.4597886458111048,41.67078351941507,0.05134186818397346,1
2025-04-23,540.43,545.43,533.88,535.42,90590660,0.015495495495495337,-0.004073584940756381,-0.06957911931324523,531.249,0.7851308896581332,564.3166,0,-0.05833729049051173,0.040363296118109175,0.03396130457486446,1.1885084104802905,-0.287259165487446,42.97237248840803,0.03571028351574457,1
2025-04-24,536.72,547.43,535.45,546.69,64150420,0.021048896193642586,0.04000684853327252,-0.0385163298686223,531.0559999999999,2.9439456479166286,563.1442,0,-0.03595612611977139,0.02300505639857266,0.03430690416712782,0.6705663759837485,-0.709331468723614,52.62218489159537,0.021547860762040516,1
2025-04-25,546.65,551.05,543.69,550.64,61119590,0.007225301359088165,0.046028760851807515,-0.02899061860760399,533.662,3.1814144533431183,562.0898000000001,0,-0.024587259973074427,0.017146576280002372,0.03435919998749638,0.4990388683741811,-0.7822339541318223,63.91240338608762,0.029275025424960077,1
2025-04-28,551.39,553.55,545.02,550.85,47613760,0.0003813744006975206,0.07194286603876399,-0.008656372601950735,535.3530000000001,2.8947255362349615,560.9122,0,-0.02421526252391404,0.016572042060450667,0.03406021336303507,0.4865513284903847,-0.9609152923411204,64.31343559416007,0.022982663156939198,1
2025-04-29,548.91,555.45,548.55,554.32,47775120,0.006299355541435903,0.05134186818397346,-0.009063444108761254,536.873,3.249744352947532,559.8045999999999,0,-0.018068447530645404,0.016459341933305203,0.034056117861920726,0.48330059227651834,-0.9017609895667402,68.31538948701711,0.008081974310867102,1
2025-04-30,547.57,556.52,541.52,554.54,93101460,0.0003968826670512904,0.03571028351574457,-0.0114622885359289,538.566,2.966024591229289,558.6655999999999,0,-0.017678735917239452,0.016366945521735086,0.03405016433794303,0.4806715573908979,-0.24708677184718045,52.79297980751084,0.011919789374977396,1
2025-05-01,560.37,564.07,557.86,558.47,63186150,0.007086954953655411,0.021547860762040516,-0.01071706936866712,541.847,3.067840183668092,557.5764,0,0.0,0.013711104522847718,0.03405804977334685,0.40258043587621256,-0.694272098885578,69.73331780598579,0.011800096692749618,1
2025-05-02,564.73,568.38,562.38,566.76,60717270,0.014844127706054033,0.029275025424960077,0.056008943543879086,545.882,3.824636093514724,556.704,0,0.0,0.0138524844030861,0.03213872902384191,0.4310215376846334,-0.6747819599773273,69.3514150943396,-0.004269884960124148,0
2025-05-05,562.57,566.65,561.7,563.51,38659220,-0.005734349636530411,0.022982663156939198,0.11524303356554788,550.845,2.2991948733309666,555.9754,0,-0.005734349636530411,0.00994253283295779,0.02879370090968937,0.3453023584617435,-0.9308085758935095,64.71581995897188,0.03456904047842979,1
2025-05-06,557.93,563.35,556.96,558.8,48264710,-0.008358325495554708,0.008081974310867102,0.10789484119116532,554.0,0.8664259927797753,555.2072000000001,0,-0.01404474557131774,0.009453232071521668,0.028922689724302696,0.3268448460925284,-0.7541373629816465,62.309747879632816,0.05017895490336444,1
2025-05-07,560.15,563.82,556.04,561.15,55733230,0.004205440229062329,0.011919789374977396,0.1302570093457942,556.573,0.8223539409924661,554.5454,1,-0.00989836968028801,0.008829333500085681,0.02849490855916558,0.30985653039569644,-0.5291206925887679,73.20517850137308,0.04711752650806389,1
2025-05-08,565.24,570.31,561.7,565.06,65130790,0.006967833912500998,0.011800096692749618,0.029966096751850024,558.4100000000001,1.190881252126549,553.9558000000001,1,-0.00299950596372367,0.006837457776981472,0.01661186833188723,0.41160076882241253,-0.23751190888856535,74.26849177445685,0.04495097865713382,1
2025-05-09,566.48,567.5,562.76,564.34,37603430,-0.0012742009698083478,-0.004269884960124148,0.07579396850813991,559.78,0.8146057379684983,553.5416,1,-0.004269884960124148,0.006827911757446908,0.012767473690069366,0.5347895694320254,-1.589967728798627,87.20141551164855,0.05291136548888975,1
2025-05-12,581.47,583.0,577.04,582.99,78993570,0.033047453662685466,0.03456904047842979,0.09186425441060786,562.994,3.551725240411084,553.3178,1,0.0,0.011750851143848108,0.014040777174642095,0.8369088831543003,0.9185289922711983,88.1258549931601,0.020343402116674403,1
2025-05-13,583.41,589.08,582.84,586.84,67947230,0.006603886859122943,0.05017895490336444,0.08851461641193059,566.246,3.6369351836481054,553.3792000000001,1,0.0,0.011752832885342998,0.013997367932484555,0.8396459207211003,0.22772961453750182,87.38005234079681,0.010241292345443354,1
2025-05-14,587.81,588.98,585.54,587.59,66283530,0.0012780314906959411,0.04711752650806389,0.09296702070273999,569.551,3.167231731662307,553.5938000000001,1,0.0,0.011711230947689782,0.013917296621487675,0.8414874861263051,0.09480400349248821,85.10127016821151,-0.0080498306642387,0
2025-05-15,585.56,590.97,585.1,590.46,71268150,0.004884358140880618,0.04495097865713382,0.12327359890423484,572.75,3.092099519860329,553.7418,1,0.0,0.011706442376420904,0.012410995004953787,0.9432315758525674,0.46236032097580243,84.81986708639391,-0.012481793855637968,0
2025-05-16,591.25,594.5,589.28,594.2,76052100,0.006334044643159675,0.05291136548888975,0.12877794874717452,575.494,3.250424852387691,554.1716,1,0.0,0.01126449723878581,0.012366291151461428,0.9109034471871214,0.7956935707642322,85.70252017789497,-0.025395489734096333,0
2025-05-19,588.1,595.54,588.1,594.85,68168510,0.0010939077751599413,0.020343402116674403,0.15756596870864792,578.628,2.8035283463641543,554.5502,1,0.0,0.010750518094512647,0.010267767245146686,1.047016146533137,0.28059607672956866,85.00604594921408,-0.0062200554761705495,0
2025-05-20,593.09,594.05,589.6,592.85,60614490,-0.003362192149281351,0.010241292345443354,0.12441915599810338,582.033,1.8584856872376665,555.1956,1,-0.003362192149281351,0.010134480661535751,0.009538568164630166,1.0624739988875143,-0.17004978197289494,82.10155857214687,-0.00863624862950152,0
2025-05-21,588.44,592.58,581.82,582.86,95197660,-0.016850805431390725,-0.0080498306642387,0.08860333943446275,584.2040000000001,-0.23005662405598915,555.7343999999999,1,-0.020156341934941646,0.012463453581482951,0.010521693350873003,1.1845482628942838,2.069219568434902,68.55317206754908,0.012335723844490776,1
2025-05-22,582.66,586.62,581.41,583.09,70860420,0.0003946059087946985,-0.012481793855637968,0.06658252391666197,586.007,-0.4977756238406566,556.2188,1,-0.019769689837774163,0.012455384704680425,0.009779287599497493,1.273649494194285,0.4619864618719249,64.15814114791057,0.010804507022929455,1
2025-05-23,575.98,581.81,575.6,579.11,76029050,-0.006825704436707936,-0.025395489734096333,0.051703472323114896,587.484,-1.4254005215461227,556.7726,1,-0.026460452214844055,0.012796741616463029,0.009983016205921893,1.281851231381558,0.7371757990222251,63.35616438356167,0.02348431213413682,1
2025-05-27,586.07,591.31,578.43,591.15,72588480,0.020790523389338844,-0.0062200554761705495,0.07315966234001992,588.3,0.48444671086180907,557.3394000000001,1,-0.0062200554761705495,0.009798518889057433,0.010760298574650376,0.910617751085574,0.45052050804685717,74.60824585425229,0.008356593081282337,1
2025-05-28,591.56,592.77,586.99,587.73,68445510,-0.0057853336716569,-0.00863624862950152,0.06027204502814243,588.389,-0.11200073420815002,557.751,1,-0.011969404051441535,0.009855298336424905,0.010938048393738206,0.9010106722572967,0.1160169180773218,69.8952095808384,0.013951984754904334,1
2025-05-29,593.06,593.2,586.07,590.05,70073760,0.003947390808704654,0.012335723844490776,0.06403505608251892,588.635,0.2403866572663813,558.3316,1,-0.008069261158275332,0.009923800307543822,0.010922602117967924,0.9085564227611065,0.3358601250362134,69.161171599448,0.005084314888568864,1
2025-05-30,588.93,591.13,583.24,589.39,90601240,-0.001118549275485048,0.010804507022929455,0.055365552312568234,588.528,0.14646711796209633,558.7768,1,-0.009178784567538067,0.009807449901148315,0.010921615256914985,0.8979852952555494,1.6359858419479643,69.22486569455104,0.016542527019460795,1
2025-06-02,587.76,592.79,585.06,592.71,61630500,0.005632942533806196,0.02348431213413682,0.04578657632860472,588.379,0.7360901731706974,559.3212,1,-0.0035975455997310224,0.009758424436314478,0.010573623380629093,0.92290259308762,-0.37260002194277075,59.755118426334846,0.011759545140118899,1
2025-06-03,592.34,597.08,591.85,596.09,63606200,0.005702620168379191,0.008356593081282337,0.057816187822753884,588.503,1.2892032835856382,559.9634,1,0.0,0.009934010235476272,0.01042482648383077,0.9529185210789101,-0.36197507869258727,59.371833839918956,0.011726417151772361,1
2025-06-04,596.96,597.95,595.49,595.93,57314200,-0.00026841584324532874,0.013951984754904334,0.06644595561918387,588.811,1.2090467059888341,560.4004,1,-0.00026841584324532874,0.009856802135138907,0.010118871507563132,0.9741009289199545,-0.9303329593021351,58.552091878588925,0.0091118084338766,1
2025-06-05,597.63,599.0,591.05,593.05,92436400,-0.004832782373768718,0.005084314888568864,0.056847545219638196,589.8299999999999,0.5459200108505887,560.7522,1,-0.0050999010216579155,0.008068218002922378,0.010275502951537396,0.7851895951930247,1.6932189646202982,52.655320893992126,0.01804232358148572,1
2025-06-06,598.66,600.83,596.86,599.14,66588740,0.010268948655256738,0.016542527019460795,0.060312179237603125,591.4350000000001,1.3027636173036643,561.3632,1,0.0,0.008475974282423837,0.010371732917976191,0.8172187183622283,-0.3120662294964257,54.83176838810636,-0.003571786226925222,0
2025-06-09,599.72,601.25,598.49,599.68,53016420,0.0009012918516539958,0.011759545140118899,0.06262182372328717,593.492,1.0426425293011512,562.0152,1,0.0,0.007833788860117418,0.010336081366276938,0.7579070425738292,-1.6443746889941917,54.73436581062529,0.005002668089647777,1
2025-06-10,600.22,603.47,599.09,603.08,66246970,0.0056696905016009325,0.011726417151772361,0.034460282337604564,594.6850000000001,1.411671725367208,562.9636,1,0.0,0.00511986659947627,0.007614683976610775,0.6723675749646901,-0.4063692870710245,59.75958786491128,-0.00920275916959623,0
2025-06-11,604.19,605.06,599.27,601.36,73658230,-0.002852026265172114,0.0091118084338766,0.02474268965987325,596.048,0.8912033930153296,563.803,1,-0.002852026265172114,0.00468945038880767,0.00758919060490262,0.6179117949387491,0.23694868669508842,70.95604893520611,-0.006518557935346503,0
2025-06-12,600.01,603.75,599.52,603.75,64129000,0.003974324863642353,0.01804232358148572,0.027502169880358807,597.418,1.0598944122875429,564.6586,1,0.0,0.004690506060660757,0.007613621589396998,0.6160676631463959,-0.6105026896838763,72.31101511879044,-0.0156853002070394,0
2025-06-13,598.5,601.85,595.48,597.0,89506000,-0.011180124223602483,-0.003571786226925222,0.011076110151407415,598.179,-0.19709819301579856,565.3081999999999,1,-0.011180124223602483,0.006307565260079695,0.008059349053925446,0.7826395429550834,1.4865704058891454,68.22906052577946,0.0052763819095476006,1
2025-06-16,600.4,604.45,600.22,602.68,79984130,0.009514237855946295,0.005002668089647777,0.014271289128239495,599.176,0.5848031296313446,566.6278,1,-0.001772256728778565,0.006710261610413919,0.008208801453730132,0.8174471813256896,0.6629763715964122,63.498009833762545,0.0068029468374593005,1
2025-06-17,600.21,601.75,596.76,597.53,82209370,-0.008545164929979365,-0.00920275916959623,0.004505337480037008,599.3199999999999,-0.2986718280718087,568.4728,1,-0.010302277432712281,0.007254115094302559,0.008465911463445054,0.8568616770474261,0.7788687835110774,61.02610261026096,0.01604940337723626,1
2025-06-18,598.44,601.22,596.47,597.44,76605030,-0.0001506200525495105,-0.006518557935346503,0.007742261954963414,599.471,-0.33879870752712793,570.3340000000001,1,-0.010451345755693509,0.007253248258255113,0.008423969497379781,0.8610249907138419,0.25907908307051886,58.75384979862603,0.024153053026245264,1
2025-06-20,598.38,599.46,592.86,594.28,94051370,-0.005289234065345649,-0.0156853002070394,0.01959304121058225,599.594,-0.8862663735794684,572.29,1,-0.0156853002070394,0.007290317327118813,0.007525214068297558,0.9687853742037287,1.7528561890658116,55.468575262804706,0.034714276098808616,1
2025-06-23,595.04,600.54,591.89,600.15,87426040,0.00987749882210398,0.0052763819095476006,0.029257919017647183,599.6949999999999,0.07587190154996139,573.3206,1,-0.005962732919254643,0.00723124276443544,0.007779676731571839,0.9295042729846705,1.0823841719131126,57.871349978840385,0.02949262684328935,1
2025-06-24,604.33,607.85,603.41,606.78,67735290,0.01104723819045228,0.0068029468374593005,0.04778021446702696,600.405,1.0617832962750144,574.9646,1,0.0,0.00801149993408257,0.007802902229651559,1.0267333484762025,-0.5047090147282651,60.58206295783005,0.01791423580210294,1
2025-06-25,607.91,608.61,605.54,607.12,62114770,0.0005603348824945176,0.01604940337723626,0.027015139981392267,600.809,1.0504170210499568,576.4282,1,0.0,0.007856666863330222,0.006489356772286807,1.210700403602803,-0.9017555611717548,61.03768001578225,0.021956120701014603,1
2025-06-26,608.99,612.31,608.37,611.87,78548360,0.00782382395572534,0.024153053026245264,0.04107328194919435,601.86,1.6631774831356114,577.8832,1,0.0,0.008044131619753765,0.006414453881658283,1.2540633650442854,0.3746901013624769,67.90334855403351,0.022014480200042597,1
2025-06-27,612.88,616.39,610.83,614.91,86258400,0.004968375635347355,0.034714276098808616,0.042132022709939765,602.976,1.9791832510746645,579.4292,1,0.0,0.008080550606623391,0.00643451294146848,1.255813871248389,0.9087269645211483,65.92607554029487,0.00938348701435987,1
2025-06-30,617.38,619.22,615.04,617.85,92502540,0.004781187490852323,0.02949262684328935,0.048287212202446694,605.0609999999999,2.1136711835666326,581.273,1,0.0,0.006671545422885833,0.006415113450639625,1.0399731001204102,1.37725900040943,67.50144480832213,0.0040301043942705395,1
2025-07-01,616.36,618.83,615.52,617.65,70030140,-0.00032370316419849665,0.01791423580210294,0.042077913313424586,606.558,1.8286792029781131,583.0978,1,-0.00032370316419849665,0.006399179853601727,0.0063943918520369784,1.0007487813814888,-0.411792332772349,64.95586121946204,0.010378045818829396,1
2025-07-02,617.24,620.49,616.61,620.45,66510370,0.004533311746134583,0.021956120701014603,0.04086631213407377,608.85,1.90523117352386,585.2292,1,0.0,0.005101570244924147,0.006364826238849828,0.8015254546597079,-0.7108888519596421,69.1705161679052,0.008655008461600389,1
2025-07-03,622.45,626.28,622.43,625.34,51065790,0.007881376420340036,0.022014480200042597,0.04935143389324259,611.6400000000001,2.2398796677784203,587.191,1,0.0,0.005045449725942045,0.006470351217308885,0.7797798846598812,-1.8478364004367214,70.64448269267547,-0.0027505037259730747,0
2025-07-07,623.36,624.03,617.87,620.68,74814510,-0.007451946141299293,0.00938348701435987,0.04658966360340622,614.28,1.0418701569316888,588.8962,1,-0.007451946141299293,0.005538083546707969,0.006649149662129625,0.8329010216524744,0.0539912238107048,73.58565737051781,0.0066539923954371805,1
2025-07-08,621.35,622.11,619.52,620.34,59024590,-0.0005477862988978455,0.0040301043942705395,0.03538405047234372,616.299,0.6556882292523684,590.3692,1,-0.007995650366200757,0.00536461170804703,0.006402211099524436,0.8379310873466075,-1.1646801430595735,69.68345965225149,0.0029016345874841587,1
2025-07-09,622.77,624.72,620.91,624.06,66113330,0.0059967114808006095,0.010378045818829396,0.040655016008537936,618.027,0.9761709439878681,591.8376000000001,1,-0.002046886493747513,0.004760815333406194,0.006467310690124895,0.73613524407844,-0.7018802299425382,80.54340317752698,0.0002563856039483614,1
2025-07-10,624.2,626.87,623.01,625.82,57528960,0.0028202416434319755,0.008655008461600389,0.037706440273263864,619.897,0.9554813138311689,593.337,1,0.0,0.004694697456073472,0.006413711329277877,0.7319782907351475,-1.3370038994761513,81.46341463414616,0.0035473458822024018,1
2025-07-11,622.74,624.86,621.53,623.62,63670230,-0.0035153878111917614,-0.0027505037259730747,0.03701609684714646,621.072,0.41025839194167535,594.7230000000001,1,-0.0035153878111917614,0.004781643868173278,0.006441083430043886,0.7423663922547109,-0.7839774966324708,83.23516085183495,0.006350020846028093,1
2025-07-14,623.16,625.16,621.8,624.81,51898520,0.0019082133350436514,0.0066539923954371805,0.034881987577639606,622.062,0.44175660946978496,596.1284,1,-0.0016138825860472217,0.004660864054630437,0.006421568101940898,0.7258140037823014,-1.5794327167441369,81.24683223517471,0.0063379267297258846,1
2025-07-15,627.52,627.86,622.06,622.14,74317260,-0.004273299082921178,0.0029016345874841587,0.04211055276381903,622.491,-0.05638635739311879,597.4018,1,-0.0058802850659934736,0.004851564338788398,0.005850786199983119,0.8292157964689253,0.17290720433148193,71.63380281690135,0.010801427331468938,1
2025-07-16,623.74,624.73,618.05,624.22,88987510,0.003343298935930994,0.0002563856039483614,0.03574035972655487,623.1479999999999,0.17202975858064481,598.551,1,-0.002556645680866776,0.004903662131542672,0.005595279028403306,0.8763927780277302,1.2484194559586963,72.95918367346934,0.016003972958251955,1
2025-07-17,624.4,628.4,624.18,628.04,68885680,0.006119637307359538,0.0035473458822024018,0.051060197814335684,623.9069999999999,0.6624384724005402,599.8416,1,0.0,0.005051594436470512,0.005112083110359793,0.9881675096856898,-0.2327054003216816,72.26659322500679,0.010158588624928244,1
2025-07-18,629.3,629.47,626.46,627.58,65621650,-0.0007324374243677934,0.006350020846028093,0.0504485806106052,624.131,0.5526083466451865,601.2172,1,-0.0007324374243677934,0.0044947549819336075,0.0051296187300113715,0.8762356850493728,-0.4412025790295205,68.78150014823609,0.015169380796073773,1
2025-07-21,628.77,631.54,628.34,628.77,63374980,0.0018961725995090273,0.0063379267297258846,0.058036615736689834,624.94,0.6128588344480953,602.5696,1,0.0,0.0035636165752191023,0.004798010864882861,0.742727908621796,-0.5397503947605209,67.07317073170731,0.012993622469265498,1
2025-07-22,629.1,629.73,626.19,628.86,60046290,0.00014313660002862605,0.010801427331468938,0.0478380404898775,625.792,0.49025874411944925,603.8456000000001,1,0.0,0.003530319877994393,0.004532463175382924,0.7788965384580615,-0.7390056029710034,67.58707248195807,0.010177145946633548,1
2025-07-23,631.55,634.21,629.73,634.21,70511040,0.008507457939764151,0.016003972958251955,0.045205840667128294,626.807,1.1810653039930983,605.243,1,0.0,0.003959120702044384,0.004305844117922186,0.9194760872938624,0.168659035927003,69.98837884950618,0.0003941911984988167,1
2025-07-24,634.6,636.15,633.99,634.42,71307130,0.0003311206067388994,0.010158588624928244,0.04496639873501107,627.667,1.0758889666017057,606.2715999999999,1,0.0,0.003953637822635567,0.004310801704706369,0.9171467614293498,0.19979953203123613,65.26563550773369,-0.003688408309952318,0
2025-07-25,635.09,637.58,634.84,637.1,56865360,0.004224330884902816,0.015169380796073773,0.041234249105202014,629.0150000000001,1.2853429568452137,607.2768,1,0.0,0.0036351360469077877,0.004135693978518642,0.8789663997842151,-0.9760803710589289,79.57492795389086,-0.024140637262596076,0
2025-07-28,637.48,638.04,635.54,636.94,54917100,-0.000251137968921622,0.012993622469265498,0.03582638109642078,630.228,1.06501139270234,608.2638,1,-0.000251137968921622,0.003714157161150121,0.004105118294884163,0.9047625170214313,-1.0565069340193634,80.09427121102273,-0.009058938047539988,0
2025-07-29,638.35,638.67,634.34,635.26,60556280,-0.002637611077966673,0.010177145946633548,0.028178360443473327,631.5400000000001,0.5890363239066271,609.1597999999999,1,-0.002888086642599319,0.0034361891981993633,0.004153557360910669,0.8272882494744161,-0.47070258773446727,71.92638997650755,-0.011475616283096679,0
2025-07-30,635.92,637.68,631.54,634.46,80418850,-0.001259326889777368,0.0003941911984988167,0.02721606087590067,632.5640000000001,0.2997325171840253,609.965,1,-0.004143776487207651,0.0035564629091344607,0.004179166284346964,0.8509981817318841,1.5698405298761158,67.5752644426364,-0.0026479210667340602,0
2025-07-31,639.46,639.85,630.77,632.08,103385200,-0.0037512215112063263,-0.003688408309952318,0.018744459666371283,632.9680000000001,-0.14029145233250867,610.7096,1,-0.00787945377491761,0.0035429866494645483,0.004257070814228272,0.8322592702998824,2.8189556687520185,67.08400646203577,0.0002689532970510111,1
2025-08-01,626.3,626.34,619.29,621.72,140103600,-0.016390330337931913,-0.024140637262596076,-0.005788850865129369,632.3820000000001,-1.6860062430619522,611.2869999999999,1,-0.024140637262596076,0.00647067848837917,0.005462381541115634,1.1845892564761418,3.379900177168708,45.44650751547313,0.02486649938879215,1
2025-08-04,625.67,631.22,625.58,631.17,73218020,0.01519976838448156,-0.009058938047539988,0.016900818457175948,632.6220000000001,-0.22952094615743868,612.2532,1,-0.009307800973159752,0.00823954663514796,0.006195351377545936,1.3299563064349964,0.08297379597505584,61.09064112011792,0.0075257062281159914,1
2025-08-05,631.79,632.61,627.04,627.97,68051400,-0.005069949458941236,-0.011475616283096679,0.012299706612502792,632.533,-0.7213852874079278,613.1508,1,-0.014330560351593191,0.008421328996506708,0.00633035370202306,1.330309393899335,-0.1962989366964746,54.48242887879516,0.023440610220233582,1
2025-08-06,629.05,633.44,628.13,632.78,64357530,0.00765960157332346,-0.0026479210667340602,0.013973015415184475,632.3900000000001,0.06167080440865172,614.2242,1,-0.006780725160885348,0.008328690744096666,0.006414900691290197,1.298335102116999,-0.37549626845469913,55.5347968239141,0.019137773001675074,1
2025-08-07,636.24,636.98,629.11,632.25,74205790,-0.000837573880337561,0.0002689532970510111,0.010274519829982953,632.173,0.012180210163989633,615.0462,1,-0.00761261968293836,0.008328695676130024,0.006403812142424566,1.3005840101013133,0.07426188161749761,55.44415947773371,0.02008699090549637,1
2025-08-08,634.06,637.65,633.74,637.18,64051630,0.007797548438117863,0.02486649938879215,0.02174401077579291,632.1809999999999,0.7907545465618272,616.0351999999999,1,0.0,0.008616583196769674,0.0065260772411646975,1.3203311696065503,-0.4395859747802792,59.01779969976411,0.009824539376628527,1
2025-08-11,637.46,638.95,634.66,635.92,58742300,-0.0019774631972127032,0.0075257062281159914,0.017781405547286466,632.079,0.6076772049063501,616.9526000000001,1,-0.0019774631972127032,0.008640457588107456,0.006558395324492389,1.3174651969879865,-0.7370860339020683,57.3849372384937,0.01160523336268704,1
2025-08-12,638.29,642.85,636.79,642.69,64821800,0.010645993206692905,0.023440610220233582,0.03303115054489347,632.822,1.5593642446059164,618.0186,1,0.0,0.009213620483997367,0.006783370861110742,1.358265775621869,-0.39879382552710224,58.61438439658681,-0.004481165102926954,0
2025-08-13,644.91,646.19,642.68,644.89,60092790,0.0034231122314023477,0.019137773001675074,0.033113325430136786,633.865,1.7393293524646378,619.0622,1,0.0,0.009193612962635269,0.006784444060119258,1.3551018891404436,-0.5727635699316839,60.222612770943236,-0.010513420893485614,0
2025-08-14,642.79,645.62,642.34,644.95,59327470,9.303912295122174e-05,0.02008699090549637,0.0269250366218714,635.152,1.5426228682268184,620.0394,1,0.0,0.009020485317853908,0.006708988564184844,1.3445372922542633,-0.5822962793263365,58.07779378472942,-0.014574773238235639,0
2025-08-15,645.99,646.09,642.52,643.44,68592510,-0.0023412667648654573,0.009824539376628527,0.025271678511106233,637.324,0.9596374842309562,620.9896000000001,1,-0.0023412667648654573,0.0065971315494586374,0.006744829602553503,0.9781020334392215,-0.1156385197910401,56.50780937124551,0.002906253885365917,1
2025-08-18,642.86,644.0,642.18,643.3,43804910,-0.00021758050478692947,0.01160523336268704,0.023108608871288405,638.537,0.7459238853817272,621.9946,1,-0.002558337855647852,0.00520267135324328,0.006751063653190751,0.7706446895644873,-1.2798044327028948,58.30578512396693,-0.0012902222913103722,0
2025-08-19,643.12,644.11,638.48,639.81,69750730,-0.005425151562257091,-0.004481165102926954,0.01741246064306834,639.721,0.013912314899767523,622.808,1,-0.007969610047290687,0.005256610661208709,0.006908390393386619,0.7609023754999207,-0.02981763185810581,55.23585828929332,0.00836185742642348,1
2025-08-20,639.4,639.66,632.95,638.11,88890300,-0.0026570388083961838,-0.010513420893485614,0.00614938269658305,640.254,-0.33486709961983924,623.5766,1,-0.010605473292503387,0.005002966020116575,0.006708318687410722,0.7457853827823467,0.8529341904123934,55.98095615949215,0.01335192991803913,1
2025-08-21,636.28,637.97,633.81,635.55,54805780,-0.004011847487110476,-0.014574773238235639,0.0017811544402761559,640.584,-0.785845416057846,624.226,1,-0.014574773238235639,0.005218038926670109,0.0067781380632562505,0.7698336737867121,-0.7455594284089281,66.22858483923957,0.021036897175674696,1
2025-08-22,637.76,646.5,637.25,645.31,84083210,0.015356777594209836,0.002906253885365917,0.01288651703029342,641.397,0.6100745715991651,625.105,1,0.0,0.006719035037552129,0.007547192583754802,0.890269456223329,0.5862863434000783,66.47250698974837,-0.0004029071299065379,0
2025-08-25,644.04,645.29,642.35,642.47,51274330,-0.004400985572825311,-0.0012902222913103722,0.008682136464973178,642.052,0.06510376106608287,625.8794,1,-0.004400985572825311,0.00689143593472448,0.007630362142675002,0.9031597460076155,-0.9643120529651316,67.03477443609026,-0.0034242844023846253,0
2025-08-26,642.2,645.51,641.57,645.16,51581570,0.004186965928370201,0.00836185742642348,0.015584170260995567,642.299,0.4454311776913852,626.8426000000001,1,-0.00023244642109987446,0.00615510107088489,0.00763714423183202,0.8059427560933187,-0.9137549034837613,65.30662710187934,-0.002201004402008766,0
2025-08-27,644.57,647.37,644.42,646.63,48341070,0.0022785045570090645,0.01335192991803913,0.019181666298899724,642.4730000000001,0.6470310814617773,627.7216,1,0.0,0.006103071730542023,0.007627873547587511,0.8001013247620313,-0.9689703360714708,67.37554374093764,0.0038507338044941886,1
2025-08-28,647.24,649.48,645.34,648.92,61519460,0.0035414379165827903,0.021036897175674696,0.026642197190228867,642.8700000000001,0.9410922892653009,628.7494,1,0.0,0.006187782592469065,0.007563939791827488,0.8180634382038179,-0.29129606782540335,65.15229736706249,-0.0025889169697342895,0
2025-08-29,647.47,647.84,643.14,645.05,74522190,-0.005963755162423756,-0.0004029071299065379,0.03752493083703268,643.031,0.31398175204616974,629.7016,1,-0.005963755162423756,0.006480242884671714,0.006571626507892339,0.9860942153193162,0.8965105412481487,61.03990326481256,0.005860010851872044,1
2025-09-02,637.5,640.49,634.92,640.27,81983550,-0.007410278273002002,-0.0034242844023846253,0.014417668773864412,642.728,-0.3824323819718404,630.6214,1,-0.013329840350120192,0.006924185867303551,0.006083404264937293,1.1382090628453285,1.4418816561332466,46.925813008129985,0.015712121448763883,1
2025-09-03,642.67,644.21,640.46,643.74,70820900,0.005419588611054849,-0.002201004402008766,0.025112664617736424,643.121,0.0962493838640051,631.4931999999999,1,-0.00798249399001405,0.00690772431505499,0.006008441989433169,1.1496698024551717,0.49996974895874224,48.58478956436134,0.013157485941529323,1
2025-09-04,644.42,649.15,643.51,649.12,65219230,0.008357411377264201,0.0038507338044941886,0.025822560763614666,644.222,0.7602969162804164,632.34,1,0.0,0.007196755610421245,0.006049458200629377,1.1896529196073302,0.03290338174132162,54.537540805223024,0.01311005669213694,1
2025-09-05,651.48,652.21,643.33,647.24,85178940,-0.002896228740448592,-0.0025889169697342895,0.02370897587979437,645.391,0.2864929941694332,633.1424,1,-0.002896228740448592,0.007105837449386171,0.006104876427974845,1.1639608980166323,1.5519216050876226,54.101899827288385,0.015712873122798232,1
2025-09-08,648.62,649.84,647.23,648.83,63133100,0.0024565848835054194,0.005860010851872044,0.018283687498038326,645.743,0.4780539626445797,633.8816,1,-0.0004467586886861552,0.0053296955221395935,0.005914471120606697,0.901127998337894,-0.17158172587012308,55.78815155955631,0.018618128015042368,1
2025-09-09,648.97,650.86,647.22,650.33,66133860,0.0023118536442519044,0.015712121448763883,0.022660083029311995,646.529,0.5879086630298168,634.59,1,0.0,0.005051331744084457,0.005881441173096013,0.8588595202126994,0.03470728197592157,61.48973350808227,0.014869374010117786,1
2025-09-10,653.62,654.55,650.63,652.21,78034530,0.002890840035059128,0.013157485941529323,0.014812740201341157,647.234,0.7688100439717318,635.2772,1,0.0,0.004983145763478087,0.005462258412999434,0.912286711228981,0.9005548102836657,65.33942558746742,0.010686742000275862,1
2025-09-11,654.18,658.33,653.59,657.63,69934360,0.008310206835221656,0.01311005669213694,0.01975530710663831,648.3340000000001,1.4338288598160724,636.0768,1,0.0,0.005481916535176617,0.005692608338034156,0.9629885299766999,0.23924520628187057,72.61368291683749,0.00704043307026736,1
2025-09-12,657.6,659.11,656.9,657.41,72780140,-0.0003345346167298313,0.015712873122798232,0.019319327079618365,649.183,1.267285187689754,636.816,1,-0.0003345346167298313,0.0054744100858713715,0.005696971020858141,0.9609334619797232,0.40959508148692125,65.40224032586566,0.009567849591579192,1
2025-09-15,659.64,661.04,659.34,660.91,63772410,0.005323922666220504,0.018618128015042368,0.02715093870446328,650.769,1.5583102452636746,637.5274,1,0.0,0.0049451578173077,0.0057200893316311525,0.8645245783071589,-0.27244121857788284,73.08462694041057,0.008972477341846918,1
2025-09-16,661.47,661.78,659.21,660.0,61168950,-0.0013768894403171084,0.014869374010117786,0.025959894295041197,652.742,1.111924772727975,638.3138,1,-0.0013768894403171084,0.0038579833764562934,0.005742702294199333,0.6718062645095181,-0.5944780731081398,69.4444444444445,0.004863636363636514,1
2025-09-17,660.01,661.72,654.3,659.18,101952200,-0.001242424242424267,0.010686742000275862,0.030274612775667675,654.286,0.7479909397419486,639.0906,1,-0.002617603001921598,0.003976017141263115,0.005558176931367772,0.7153455513127549,2.305312805748594,66.72887230071976,0.0029127097302710236,1
2025-09-18,661.89,664.89,660.27,662.26,90459240,0.004672471858976346,0.00704043307026736,0.037846139380357524,655.6,1.015863331299568,639.8546,1,0.0,0.0035031265469477576,0.0055106027461613635,0.6357066020387705,1.4644898751709088,67.41514360313317,-0.0063570199015492435,0
2025-09-19,662.33,664.55,660.37,663.7,97945620,0.0021743726029053168,0.009567849591579192,0.04429234521280789,657.246,0.9819763071970108,640.6122,1,0.0,0.0030517003004110056,0.005333647349026519,0.5721601187165088,1.7374693733246225,75.99665458600506,-0.002832605092662366,0
2025-09-22,662.2,667.29,662.17,666.84,69452200,0.004731053186680656,0.008972477341846918,0.03336380964187757,659.0469999999999,1.182464983529266,641.4766000000001,1,0.0,0.003130308313781622,0.0043997758742449706,0.7114699483002194,-0.12325628799069258,88.81098451650591,-0.004738767920340781,0
2025-09-23,666.72,667.34,661.98,663.21,81708870,-0.005443584667986334,0.004863636363636514,0.03228166295702528,660.3349999999999,0.435385069699488,642.2446,1,-0.005443584667986334,0.0040696294706939135,0.004480694457626812,0.9082586436499359,0.6352001648048706,78.30764757196856,0.004478219568462283,1
2025-09-24,664.51,664.61,659.67,661.1,68082230,-0.003181496057055866,0.0029127097302710236,0.024707049414098847,661.2239999999999,-0.018753100310924885,643.0237999999999,1,-0.008607761981884732,0.004359742533579737,0.004558983250278375,0.95629711587853,-0.4184953874326522,69.2480719794344,0.011117833913175001,1
2025-09-25,657.94,659.41,654.41,658.05,89622070,-0.004613522916351642,-0.0063570199015492435,0.017660795199727852,661.2660000000001,-0.48633983903604927,643.7004,1,-0.013181572791074458,0.0039697056536335375,0.004732795810547095,0.8387654596860059,1.140205189607955,66.7389284608236,0.016974394043006047,1
2025-09-26,659.51,662.37,657.88,661.82,69179210,0.005729047944685206,-0.002832605092662366,0.019879183874745854,661.707,0.017077044673859638,644.3760000000001,1,-0.0075280427088956214,0.004346137207565547,0.004821829259270406,0.9013461435221296,-0.5785097671567829,68.84247171453426,0.011166178114895287,1
2025-09-29,664.36,665.28,661.86,663.68,73499020,0.0028104318394728267,-0.004738767920340781,0.02888148205565466,661.984,0.25619954560833985,645.098,1,-0.004738767920340781,0.004114034767406657,0.004546601201273354,0.9048593851280493,-0.21054341037806787,69.16451335055964,0.011948529411764719,1
2025-09-30,662.93,666.65,661.61,666.18,86288030,0.0037668756027000594,0.004478219568462283,0.04046730285660738,662.602,0.5399923332558572,645.8462,1,-0.0009897426669067677,0.004184539024110424,0.004063475396134445,1.0297931244006413,0.8360135237081501,69.70380818053576,0.004413221651805799,1
2025-10-01,663.17,669.37,663.06,668.45,72545370,0.0034074874658502896,0.011117833913175001,0.03838506229222993,663.5290000000001,0.7416405311598941,646.6379999999999,1,0.0,0.004173376639756937,0.003998571156997233,1.0437169868676228,-0.312986720842643,66.74922600619188,0.006971351634377898,1
2025-10-02,670.45,670.57,666.78,669.22,56895990,0.0011519186176975893,0.016974394043006047,0.030964998767562202,664.225,0.7520042154390462,647.3382,1,0.0,0.0040125374379182425,0.003698812577780581,1.0848177228611857,-1.5136972630962267,67.97564687975643,0.0028988972236334565,1
2025-10-03,669.99,672.68,668.16,669.21,70494350,-1.4942769194004057e-05,0.011166178114895287,0.033944132006674455,664.7760000000001,0.6669915881439715,648.034,1,-1.4942769194004057e-05,0.004004288764025641,0.0035711518895419144,1.1212877211277863,-0.3756783037895994,64.13487738419619,-0.0241927048310695,0
2025-10-06,671.62,672.51,669.46,671.61,54623260,0.0035863181960820167,0.011948529411764719,0.035109350677372975,665.253,0.9555762995431769,648.7242,1,0.0,0.003895394644097041,0.003593008457926744,1.084159608782213,-1.5500695435683267,68.81685575364655,-0.012760381769181595,0
2025-10-07,672.54,672.99,667.67,669.12,72020070,-0.00370750882208426,0.004413221651805799,0.028893023541894047,665.844,0.49200713680681263,649.3678,1,-0.00370750882208426,0.0036190708852329194,0.0037887406364362696,0.9552173749842788,-0.2340233553436241,65.28290282902827,-0.010297106647537024,0
2025-10-08,670.25,673.21,669.42,673.11,60702240,0.005963055954088858,0.006971351634377898,0.032044893515892126,667.045,0.9092340096995037,650.1248,1,0.0,0.0036303091868172773,0.003911298556499086,0.9281595701215619,-1.0194527633623445,66.22793897696675,-0.011795991739834588,0
2025-10-09,673.53,673.94,669.21,671.16,66501940,-0.0028970004902616475,0.0028988972236334565,0.020573878928880962,668.356,0.41953689351183704,650.8588,1,-0.0028970004902616475,0.0033202914739004345,0.0036939527920103687,0.8988451290124432,-0.5635776228619975,60.98998232174409,-0.015674354848322247,0
2025-10-10,672.13,673.95,652.84,653.02,159422600,-0.027027832409559527,-0.0241927048310695,-0.006677720144202204,667.476,-2.165770754304277,651.2776,1,-0.02984653325608,0.009541071451834793,0.007286470544986015,1.3094229082419362,3.4881585372104844,35.880670208418465,0.017411411595356974,1
2025-10-13,660.65,665.13,659.77,663.04,79560520,0.01534409359590816,-0.012760381769181595,0.003222829129533533,667.412,-0.6550676343847684,652.104,1,-0.014960407659966535,0.010871021953710121,0.008003413744193756,1.3582981339177587,0.019754283591860558,49.84637628772811,0.012457770270270174,1
2025-10-14,657.17,665.83,653.17,662.23,88779560,-0.0012216457528956282,-0.010297106647537024,0.00337878787878787,667.017,-0.7176728629105457,652.7252000000001,1,-0.01616377709438277,0.010790942927165375,0.008001887606984276,1.3485496744226615,0.3654538962359313,51.045715343327764,0.013681047370248889,1
2025-10-15,666.82,670.23,658.93,665.17,81702560,0.0044395451731271685,-0.011795991739834588,0.009087047543918203,666.689,-0.22784236728069693,653.4692,1,-0.011795991739834588,0.010837742979833422,0.008048733498486485,1.3465153221772583,0.10069895568528621,56.60237388724037,0.003953876452636118,1
2025-10-16,666.82,668.71,657.11,660.64,110563300,-0.006810289099027256,-0.015674354848322247,-0.0024461691782683426,665.831,-0.7796272627738917,654.0264,1,-0.01852594672490382,0.010999203205198895,0.00814318669760774,1.3507246749519053,1.3029247515494653,48.92099487929767,0.01683216275127153,1
2025-10-17,659.5,665.76,658.14,664.39,96500870,0.005676313877452266,0.017411411595356974,0.001039626337200561,665.3489999999999,-0.14413488259544185,654.6692,1,-0.01295479193593918,0.011214457939763925,0.008231623507100036,1.3623628352403507,0.6986868494832532,50.62754109952275,0.019356101085205912,1
2025-10-20,667.32,672.21,667.27,671.3,60493350,0.010400517768178297,0.012457770270270174,0.0066882610521263874,665.318,0.8991189175702402,655.3516000000001,1,-0.0026890107114736495,0.011698109976455349,0.008493515990301783,1.3772988700807407,-0.8338926482699043,54.19809773696295,0.020765678534187426,1
2025-10-21,671.44,672.99,669.98,671.29,56249030,-1.4896469536673784e-05,0.013681047370248889,0.012183169735076271,665.535,0.8647178585649133,656.059,1,-0.002703867124244308,0.011625572603721377,0.008384058267929559,1.386628316765302,-0.9376262797431009,52.41825613079012,0.023492082408496984,1
2025-10-22,672.0,672.0,663.3,667.8,80564010,-0.005198945314245695,0.003953876452636118,0.010134624111329593,665.004,0.42044859880541097,656.5612,1,-0.007888755181174045,0.011566216668250192,0.008444367302332376,1.369696065335238,0.052671511021734584,48.84440104166661,0.029335130278526522,1
2025-10-23,668.12,672.71,667.8,671.76,65604460,0.005929919137466433,0.01683216275127153,0.020834283109186336,665.0640000000001,1.0068203962325297,657.0986,1,-0.0020056157240273542,0.011718368261335724,0.008434909684795232,1.3892701521700053,-0.5241149295948101,51.94983942498849,0.012013219006788312,1
2025-10-24,676.46,678.47,675.65,677.25,74356530,0.008172561629153252,0.019356101085205912,0.023314496388746164,667.487,1.4626502089179316,657.7446000000001,1,0.0,0.006972831425907714,0.008523246329709746,0.8180957297458714,-0.16866814478851305,54.1179906542056,0.007102251753414501,1
2025-10-27,682.73,685.54,682.12,685.24,63339790,0.011797711332595107,0.020765678534187426,0.03248553519768582,669.707,2.3193725017059723,658.5806,1,0.0,0.0063780276631931875,0.008844170178325094,0.7211561440579444,-0.6049681472236319,60.894836442281715,-0.0027727511528806703,0
2025-10-28,687.05,688.91,684.83,687.06,61738070,0.002656003735917345,0.023492082408496984,0.031342880302621,672.1899999999999,2.212172153706542,659.4558000000001,1,0.0,0.006186423411602187,0.008833573024700869,0.7003308167944509,-0.6161071301620166,59.71313187578329,-0.01720373766483263,0
2025-10-29,688.72,689.7,682.87,687.39,85362210,0.0004803073967338811,0.029335130278526522,0.028334205998952644,674.412,1.9243429832209318,660.4074,1,0.0,0.006260429583822583,0.008825975148970914,0.709318741346392,0.33380056406479974,61.56147599373134,-0.01427137432898351,0
2025-10-30,683.9,685.94,679.83,679.83,76335750,-0.010998123336097287,0.012013219006788312,0.01585427811482032,676.3309999999999,0.5173502323566623,661.2418000000001,1,-0.010998123336097287,0.00709676069440792,0.009254263536818014,0.7668639072329758,-0.08039873719902782,72.4878376111392,-0.014003500875218955,0
2025-10-31,685.04,685.08,679.24,682.06,87164120,0.0032802318226614613,0.007102251753414501,0.01920174534152186,678.0980000000001,0.584281328067606,662.172,1,-0.007753967907592529,0.007032396324029189,0.009267793843978026,0.7587993909250214,0.34023924298230795,68.35198764955624,-0.016259566607043197,0
2025-11-03,685.67,685.8,679.94,683.34,57315030,0.0018766677418409206,-0.0027727511528806703,0.017465493366686013,679.302,0.5944336981195419,662.9326,1,-0.005891851787194979,0.00648384584110268,0.009250478861733361,0.7009200213325748,-0.9269778939030959,70.18550392044375,-0.002780460678432406,0
2025-11-04,676.11,679.96,674.58,675.24,78426970,-0.01185354289226448,-0.01720373766483263,0.009146341463414531,679.697,-0.6557333635428718,663.5880000000001,1,-0.01767555536158505,0.007799062556681101,0.009635669080516733,0.8093950188109676,-0.0469848632225691,58.764142732811194,0.011492210177122208,1
2025-11-05,674.98,680.86,674.17,677.58,74402380,0.0034654345121734043,-0.01427137432898351,0.006640816508445946,680.675,-0.45469570646783175,664.2364,1,-0.01427137432898351,0.00755907660251221,0.009577143389128025,0.7892830142956067,-0.25089240852167954,65.32754252623964,0.008559874848726334,1
2025-11-06,676.47,677.38,668.72,670.31,85035300,-0.010729360370731245,-0.014003500875218955,-0.001266464032421477,680.53,-1.5017706787356955,664.71,1,-0.024847611981553497,0.008271733566179957,0.009873524003526627,0.8377691251092779,0.16927960098674336,55.03572643756375,0.00258089540660289,1
2025-11-07,667.91,671.08,661.21,670.97,100592400,0.000984619056854319,-0.016259566607043197,0.027487672659336715,679.9019999999999,-1.3137187418186596,665.1510000000001,1,-0.023887458356973368,0.007761326312541257,0.007554758913209826,1.0273426858096342,1.522486696628744,49.68589377498579,0.0014307644156965615,1
2025-11-10,677.24,682.18,675.03,681.44,75842890,0.015604274408691943,-0.002780460678432406,0.02775096525096532,679.522,0.28225723376138023,665.8788000000001,1,-0.00865593040340995,0.008510675485175857,0.00758024421105975,1.1227442346459744,-0.14789122798591103,58.05683441816165,-0.023142169523362455,0
2025-11-11,679.95,683.57,678.73,683.0,58953390,0.002289269781638792,0.011492210177122208,0.03136372559382683,679.1160000000001,0.5719199665447288,666.7334,1,-0.006386476381675554,0.008496230970195168,0.0075570302002191045,1.1242817277544865,-1.166177655105813,62.4467736652473,-0.03355783308931182,0
2025-11-12,684.79,684.96,680.95,683.38,62312480,0.0005563689604686228,0.008559874848726334,0.027376460153043736,678.7149999999999,0.6873282600207861,667.5262000000001,1,-0.0058336606584326045,0.008497299775716123,0.007529322796263007,1.1285609616755372,-0.8634194518323275,60.10786360473206,-0.030363780034534216,0
2025-11-13,680.5,680.86,670.52,672.04,103457800,-0.016593988703210605,0.00258089540660289,0.017255994187454604,677.936,-0.8696986146184996,667.9845999999999,1,-0.022330845662578813,0.009398137008492112,0.008361209081866194,1.1240165048467463,1.9421158991963774,45.88662561187429,-0.029031010058925055,0
2025-11-14,665.38,675.66,663.27,671.93,96846670,-0.0001636807332896506,0.0014307644156965615,0.011348756001746008,676.923,-0.7376023565457299,668.4784,1,-0.022490871266675483,0.009281680589338839,0.008286869129928822,1.120046720156007,1.4837811291990817,37.998196573489615,-0.019198428407721013,0
2025-11-17,669.7,673.71,662.17,665.67,90456110,-0.009316446653669264,-0.023142169523362455,-0.008386712349173209,675.156,-1.4050086202299898,668.8152,1,-0.0315977829179942,0.009507242275490446,0.008231850818023382,1.154933742807223,0.9460309812019468,32.1422608114878,0.004596872324124757,1
2025-11-18,662.1,665.12,655.86,660.08,114467500,-0.008397554343743785,-0.03355783308931182,-0.016699191109654454,673.64,-2.0129445994893334,669.0101999999999,1,-0.03972999316254233,0.009190031865047965,0.008422998613816358,1.0910641549879199,2.182021679151398,29.040675364543432,0.022633620167252344,1
2025-11-19,660.78,667.34,658.75,662.63,94702960,0.0038631681008360896,-0.030363780034534216,-0.007741838873914331,672.145,-1.4156171659388952,669.2186,1,-0.03602030870393802,0.009218237718974169,0.00841809754052726,1.0950500008576514,0.8804036980381128,35.7000332557366,0.025730799993963327,1
2025-11-20,672.91,675.56,651.89,652.53,165293500,-0.015242292078535558,-0.029031010058925055,-0.028626295105394828,670.367,-2.6607813332100165,669.1166000000001,1,-0.050713568716449164,0.009776304411026917,0.008903426956068194,1.0980383687388828,3.2416907280603113,28.289957359211968,0.04729284477342044,1
2025-11-21,655.05,664.55,650.85,659.03,123956200,0.00996122783626796,-0.019198428407721013,-0.026902916205241878,669.173,-1.515751532115018,669.1489999999999,1,-0.041257510292555866,0.010529374131861906,0.009013092283452132,1.168231035556314,1.3922812097239674,33.40161136146388,0.0322291853178156,1
2025-11-24,662.69,670.06,661.59,668.73,80437940,0.014718601581111601,0.004596872324124757,-0.02409374817582155,667.9019999999999,0.12397028306549288,669.3054000000001,0,-0.027146161567668914,0.010369751535073258,0.009257258627290503,1.120175200086029,-0.32355039969484284,45.65014031805427,0.019140759349812297,1
2025-11-25,668.63,676.21,664.48,675.02,81077090,0.009405888774243643,0.022633620167252344,-0.017523942595988662,667.1039999999999,1.1866215762459909,669.6058,0,-0.0179956065697785,0.010913976543733205,0.00952359998739423,1.1459927504493392,-0.34628668926014883,48.37522213759834,0.013140351396995653,1
2025-11-26,677.63,681.7,676.72,679.68,71879600,0.006903499155580528,0.025730799993963327,-0.011216340068956554,666.734,1.9417038879073083,670.0158,0,-0.005414264391700119,0.011203088506860756,0.00967754212751479,1.1576377926590056,-0.6832631869596416,56.15071550479192,0.006929731638418035,1
2025-11-28,680.86,683.67,680.5,683.39,49212030,0.005458451035781575,0.04729284477342044,0.005236603268464091,667.8689999999999,2.323958740411679,670.4384,0,0.0,0.009757207436707296,0.009436290544924838,1.0340087972338938,-1.453923086215176,57.83892956324159,0.003365574562109508,1
2025-12-01,678.81,682.99,678.74,680.27,61201190,-0.0045654750581659576,0.0322291853178156,-0.002624402545230553,668.703,1.7297664284443182,670.7698000000001,0,-0.0045654750581659576,0.00994898762473963,0.009469054563895204,1.0506843695541024,-0.9276354854790881,49.186030332544824,0.004939215311567491,1
2025-12-02,681.92,683.82,679.33,681.53,62953840,0.0018522057418377535,0.019140759349812297,-0.002648754646296214,670.289,1.6770378150320213,671.0636,0,-0.002721725515445028,0.009228184299977822,0.009468788910045756,0.9745897165568167,-0.8827322356108466,48.9730333938801,0.0022156031282556388,1
2025-12-03,680.57,684.91,679.69,683.89,57238480,0.0034627969421743288,0.013140351396995653,0.012810260055683864,672.67,1.6679798415270533,671.4772,1,0.0,0.00841302114386216,0.009078639456299917,0.9266830326678667,-1.0279682558890952,50.34670292318151,0.005380982321718575,1
2025-12-04,685.3,685.37,681.34,684.39,61970340,0.0007311117284942714,0.006929731638418035,0.010050473744797506,674.846,1.4142485841214116,671.943,1,0.0,0.008459555057421679,0.009054977233831177,0.9342436583733327,-0.8213550362128651,59.84691436772447,0.006984321804818894,1
2025-12-05,685.47,688.39,684.58,685.69,79241050,0.0018995017460805563,0.003365574562109508,0.0229446077188169,678.162,1.1100592483801834,672.4958,1,0.0,0.005516780332918812,0.008659515186326294,0.637077274444881,-0.19197928526252375,60.76682316118945,-0.005731452988960162,0
2025-12-08,686.59,686.64,681.57,683.63,55231460,-0.003004273068004548,0.004939215311567491,0.018868205731999987,680.6220000000001,0.4419486881117454,672.932,1,-0.003004273068004548,0.005735963197709995,0.008709813263453265,0.6585632807741508,-0.9540852085459505,65.0418760469012,-0.004242060763863464,0
2025-12-09,683.15,685.39,682.59,683.04,58310060,-0.0008630399485102247,0.0022156031282556388,0.002347969006808892,682.053,0.14471016182026417,673.3192,1,-0.003864720208840877,0.00435654514073919,0.008003396737545536,0.5443370213426713,-0.8013957409252628,70.98720292504558,-0.0061050597329584955,0
2025-12-10,682.56,688.97,681.31,687.57,85671330,0.006632115249473047,0.005380982321718575,0.0066910688140557895,683.308,0.6237304407382992,673.747,1,0.0,0.003906771149514955,0.008122582392723473,0.48097648760261186,0.10122975618413585,72.00070571630198,-0.023517605480169346,0
2025-12-11,685.14,689.25,682.17,689.17,86173680,0.002327035792719201,0.006984321804818894,0.008472592115660316,684.257,0.7180050770397689,674.1614,1,0.0,0.00349551084592393,0.0081344202726775,0.4297184960635626,0.0780326807739695,88.02407638024061,-0.018427964072725067,0
2025-12-12,688.17,688.88,679.17,681.76,113160300,-0.010752064077078183,-0.005731452988960162,0.014463424796143043,684.0939999999999,-0.34118118270295406,674.4122,1,-0.010752064077078183,0.004883821006189151,0.007575754717736192,0.6446646160223819,1.0088884875170323,73.15135465471577,-0.0017161464444965802,0
2025-12-15,685.74,685.76,679.25,680.73,90810950,-0.0015107955878901347,-0.004242060763863464,0.013096602324647044,684.1400000000001,-0.4984359926330987,674.6425999999999,1,-0.012246615493999968,0.0046733783694636755,0.00759023874648297,0.6157090080505231,0.23435751496196544,64.84413656605639,0.006022945955077574,1
2025-12-16,679.23,681.08,674.98,678.87,122030600,-0.0027323608479132844,-0.0061050597329584955,0.019829645319753064,683.874,-0.7317137367409814,674.7878,1,-0.014945514169217966,0.004704698940655194,0.007269961400694955,0.6471422173170629,1.2277676336150969,55.34870797443737,0.013389897918600013,1
2025-12-17,679.89,680.44,671.2,671.4,110625200,-0.011003579477661396,-0.023517605480169346,0.01714943643194755,682.625,-1.6443874748214646,674.8334,1,-0.025784639493883876,0.005541205495219004,0.007468055706045141,0.7419877024663305,0.8536227721672724,39.32989690721657,0.02826928805481077,1
2025-12-18,677.6,680.74,674.9,676.47,108650100,0.007551385165326163,-0.018427964072725067,0.020886467561082478,681.833,-0.7865562388444007,674.9005999999999,1,-0.018427964072725067,0.00626375681084426,0.007590210797353375,0.8252414824932616,0.7525775822638952,41.38446215139451,0.020459148225346224,1
2025-12-19,676.59,681.09,676.47,680.59,103599500,0.006090440078643455,-0.0017161464444965802,0.04300185432087433,681.3230000000001,-0.10758480192215158,675.0892,1,-0.012449758405037814,0.006620197566223477,0.006614725020469034,1.000827327778178,0.8613464611265809,50.38872691933922,0.010667215210332204,1
2025-12-22,683.94,685.36,680.59,684.83,69556730,0.006229888772976366,0.006022945955077574,0.039148445442544366,681.443,0.49703350096780763,675.7254,1,-0.006297430242175217,0.00690506669823752,0.006432270781568604,1.0735037333974953,-0.49890097839846487,53.73810602628008,0.0031832717608748506,1
2025-12-23,683.92,688.2,683.87,687.96,64839950,0.004570477344742585,0.013389897918600013,0.028756000179444685,681.9350000000001,0.8835152910467973,676.2238000000001,1,-0.001755735159684746,0.007025128569359552,0.005733637451064895,1.2252481307576906,-0.6706644875222225,54.531284791805874,-0.008779580208151727,0
2025-12-24,687.95,690.83,687.8,690.38,39445560,0.0035176463747892406,0.02826928805481077,0.02275488133684922,682.2160000000001,1.1966884388521923,676.7868,1,0.0,0.006800341266198804,0.005446757903139657,1.248511754539137,-1.5982988433438505,56.39547298740123,-0.010443523856426995,0
2025-12-26,690.64,691.66,689.27,690.31,41613350,-0.00010139343549930846,0.020459148225346224,0.015639712806026385,682.33,1.1695220787595304,677.2896000000001,1,-0.00010139343549930846,0.006768307574852242,0.005279266521370148,1.282054533040631,-1.3691848112271092,55.06578947368408,-0.0037519375353101125,0
2025-12-29,687.54,689.2,686.07,687.85,62559500,-0.003563616346279108,0.010667215210332204,0.006526288063916752,682.9390000000001,0.7190978989338643,677.8338,1,-0.0036646484544743396,0.005788315789718697,0.005244662175746192,1.1036584618331793,-0.5768168727366207,54.58695652173916,0.005757069128443648,1
2025-12-30,687.45,688.56,686.58,687.01,47160670,-0.001221196481791087,0.0031832717608748506,0.009907830714275256,683.567,0.5036814240593802,678.2862000000001,1,-0.004881369680465819,0.005775597747176166,0.005132190891993025,1.125366898606003,-1.143823427004621,54.29189189189192,0.0037408480225906704,1
2025-12-31,687.14,687.36,681.71,681.92,74144800,-0.007408916900772944,-0.008779580208151727,0.0005722418675626617,683.872,-0.2854335314210844,678.4986,1,-0.012254120918914313,0.006273317812887574,0.005414339437589159,1.158648785359658,-0.09800876809877901,43.96496475112145,0.01113033786954487,1
2026-01-02,685.71,686.87,679.82,683.17,89377200,0.0018330595964335394,-0.010443523856426995,-0.001052800889031924,685.049,-0.27428694881680277,678.7361999999999,1,-0.010443523856426995,0.004807718349438731,0.0053722553296422825,0.8949162045428802,0.450528672447883,43.54283254412398,0.015955033154266385,1
2026-01-05,686.54,689.43,686.38,687.72,71927190,0.006660128518523933,-0.0037519375353101125,0.0048656467803445125,686.174,0.2253072835753102,679.1346000000001,1,-0.0038529505489729443,0.004695161376723276,0.005576681538957305,0.841927469575598,-0.2761924213478832,56.834862385321124,0.010818356307799704,1
2026-01-06,687.93,692.32,687.78,691.81,69273830,0.005947187808991838,0.005757069128443648,0.00892531610494518,687.296,0.6567767017413015,679.5355999999999,1,0.0,0.004680339230453104,0.005711231654247902,0.819497354300444,-0.3626648646175962,61.873124732104486,0.0028331478296064194,1
2026-01-07,692.19,693.96,689.32,689.58,75588340,-0.003223428397970407,0.0037408480225906704,0.008703538463789018,687.771,0.2630235936089313,679.7822,1,-0.003223428397970407,0.004605782927633629,0.0057184336628287435,0.8054273598682058,-0.1512557709322618,61.386349138847585,0.001131123292438918,1
2026-01-08,688.82,690.62,687.49,689.51,64019200,-0.00010151106470612792,0.01113033786954487,0.00947235886624509,687.926,0.2302573241889311,679.8676,1,-0.003324612249027803,0.004402114395923773,0.005711769396120934,0.770709405550127,-0.6503640736130366,72.848851879889,0.003959333439689017,1
2026-01-09,690.63,695.31,689.18,694.07,80125470,0.006613392119041217,0.015955033154266385,0.009453582907922087,688.295,0.8390297764766694,680.0078,1,0.0,0.00475353330321802,0.005710710645399177,0.8323891015293684,0.03748759966973424,72.4948875255624,-0.003472272249196884,0
2026-01-12,690.68,696.09,690.63,695.16,63976000,0.0015704467849062542,0.010818356307799704,0.008691614550836446,688.78,0.9262754435378489,680.1632,1,0.0,0.004757734869946896,0.0057003703975714495,0.8346360917132424,-0.5906410330920376,70.185646993627,-0.025289142068013026,0
2026-01-13,695.49,696.09,691.35,693.77,78309730,-0.0019995396743195393,0.0028331478296064194,0.017616169913165836,689.372,0.6379719512832005,680.442,1,-0.0019995396743195393,0.004625482678263374,0.005099558129272332,0.9070359746881431,0.08571222067529957,63.447653429602845,-0.012064517058967716,0
2026-01-14,691.0,691.72,686.04,690.36,94676680,-0.0049151736166164195,0.001131123292438918,0.014146577938389582,689.707,0.09467788495694839,680.6080000000001,1,-0.0069048852062834065,0.004947097370110926,0.0052386875003130415,0.9443390868066303,0.7995117413114363,53.579952267303085,-0.001998957065878715,0
2026-01-15,694.57,695.45,691.25,692.24,77861970,0.0027232168723565486,0.003959333439689017,0.01969449231811682,690.7389999999999,0.21730349668979024,680.7860000000001,1,-0.004200471833822328,0.004115539899977574,0.005191522866715131,0.7927423235220437,0.17502997097611755,52.81989084293514,-0.00434820293539806,0
2026-01-16,693.66,694.25,690.1,691.66,79289200,-0.0008378597018375844,-0.003472272249196884,0.03017575215966639,691.588,0.010410822628501756,681.1143999999999,1,-0.005034812129581678,0.004178488164786992,0.00439165425267774,0.951461095153205,0.35814825438846115,52.015527022991975,0.0015470028626782817,1
2026-01-20,681.49,684.77,676.57,677.58,111623300,-0.02035682271636341,-0.025289142068013026,0.0016408709920616715,690.574,-1.8816231135258372,681.1144,1,-0.025289142068013026,0.007611325114851908,0.006359499825584953,1.1968433561757053,2.0975123337154264,38.61671469740633,0.026432303196670448,1
2026-01-21,679.65,688.74,678.13,685.4,127844500,0.011541072640868899,-0.012064517058967716,0.007067397405192466,689.933,-0.6570203193643464,681.4162,1,-0.014039933252776304,0.008382524552010832,0.00673535221548358,1.2445562286617537,2.5374773588338426,48.45459781148011,0.014619200466880589,1
2026-01-22,689.85,691.13,686.92,688.98,77112240,0.0052232273125183415,-0.001998957065878715,0.006059898076894887,689.8729999999999,-0.12944411507624093,681.7764,1,-0.00889003970308988,0.008546202232296359,0.00669291466520361,1.276902912975713,0.12176610331203658,56.97904310003962,0.007344189961972614,1
2026-01-23,688.15,690.96,687.16,689.23,63059580,0.000362855235275239,-0.00434820293539806,0.0018460375603233103,689.845,-0.08915046133551871,681.9322,1,-0.008530410265262578,0.008547176655621585,0.006618104048479083,1.2914841762854763,-0.5376625211736944,56.11133521581291,0.003975450865458585,1
2026-01-26,690.49,694.13,689.92,692.73,60473810,0.005078130667556469,0.0015470028626782817,0.003403922477476229,689.711,0.4377195666010844,682.1268000000001,1,-0.0034955981356808996,0.008427993872129488,0.0066693542643216,1.2636896374235078,-0.7576373305412589,55.16175561508348,0.003868751172895646,1
2026-01-27,694.18,696.53,693.57,695.49,55506150,0.003984236282534415,0.026432303196670448,0.007503875070620447,689.744,0.8330627015240409,682.3689999999999,1,0.0,0.008517187718421946,0.006722282809413934,1.2670082410835817,-1.1004286157379803,53.89830508474584,-0.008569497764166378,0
2026-01-28,697.05,697.84,693.94,695.42,61172170,-0.00010064846367319191,0.014619200466880589,0.01100530638947439,689.9089999999999,0.7988010012914866,682.8366000000001,1,-0.00010064846367319191,0.00848677847393988,0.006659243578464187,1.27443580850322,-0.7930351849544048,56.48312611012424,-0.013272554715135998,0
2026-01-29,696.39,697.06,684.83,694.04,97486200,-0.0019844122976042655,0.007344189961972614,0.01023274770381799,690.2769999999999,0.5451434713890271,683.2788,1,-0.002084861033228469,0.008337097704498359,0.006672213947281958,1.2495249358565037,1.0392704838674114,54.88673139158575,-0.023658578756267645,0
2026-01-30,691.79,694.21,687.12,691.97,101835100,-0.002982537029565968,0.003975450865458585,0.014737799155326137,690.25,0.2491850778703408,683.8048,1,-0.0050611798875612735,0.008368040624491424,0.006465203982857338,1.2943196605520118,1.1591101161435926,47.606019151846745,-0.0019509516308511277,0
2026-02-02,689.58,696.93,689.43,695.41,79286520,0.004971313785279596,0.003868751172895646,0.017916477597084146,690.625,0.6928506787330271,684.5114,1,-0.00011502681562647332,0.008504500573880712,0.0065305816531253755,1.3022577506263424,-0.012621477659105195,50.270504219865835,-0.002099480881781912,0
2026-02-03,696.21,696.96,684.03,689.53,107904600,-0.008455443551286246,-0.008569497764166378,0.002631885069504847,691.82,-0.33101095660722113,685.0494,1,-0.008569497764166378,0.005579869881556115,0.0067023349056002145,0.8325262703440541,1.3546308812224952,45.81854043392502,0.0037561817469871084,1
2026-02-04,690.35,691.45,681.76,686.19,105204600,-0.004843879164068143,-0.013272554715135998,-0.0081236177563202,691.899,-0.8251204294268306,685.7225999999999,1,-0.013371867316568142,0.004730909672675322,0.006645441352141235,0.7119030056823796,1.0987391234795687,45.881888208572015,0.008408749763185064,1
2026-02-05,680.94,683.69,675.79,677.62,113610800,-0.012489252247919747,-0.023658578756267645,-0.01734389048406282,690.763,-1.902678632179203,686.0944000000001,1,-0.02569411494054552,0.005804192664034094,0.007156919662985607,0.8109903334604144,1.3535028207788036,37.247034193998566,0.00538649980815209,1
2026-02-06,681.46,692.31,680.85,690.62,89127570,0.01918479383725402,-0.0019509516308511277,0.0016098388710823475,690.9019999999999,-0.04081620837686466,686.5322,1,-0.007002257401256706,0.00880439562127557,0.008446243532458077,1.0424037132532529,0.13885193148883113,49.25437338686553,-0.01284353189887344,0
2026-02-09,689.42,695.87,688.34,693.95,73885190,0.004821754365642583,-0.002099480881781912,-0.00017289322402636031,691.024,0.4234295769756253,686.9108,1,-0.0022142662008080016,0.00878908982235787,0.008382950103954161,1.0484483043996808,-0.5836018260732772,63.87523309035432,-0.015995388716766423,0
2026-02-10,694.95,696.54,691.66,692.12,65185730,-0.0026370775992506923,0.0037561817469871084,-0.004373093963979446,690.6870000000001,0.20747458689679676,687.1596000000001,1,-0.00484550460826183,0.008722369439027771,0.008394905669144546,1.0390074388908046,-1.0101294112519617,56.33962264150946,-0.008423394787031246,0
2026-02-11,696.39,697.14,689.18,691.96,76353870,-0.00023117378489279083,0.008408749763185064,-0.0026089337965030657,690.3410000000001,0.2345217798160495,687.331,1,-0.005075558239514555,0.008721883656732805,0.008384100662888656,1.0402885184023745,-0.4630174789425731,53.005244050020195,-0.010809873403086923,0
2026-02-12,694.24,695.35,680.37,681.27,118829000,-0.015448869876871552,0.00538649980815209,-0.0131670432817661,689.0640000000001,-1.1310995785587543,687.3509999999999,1,-0.020446016477591367,0.009937196539936632,0.00901017855108146,1.1028856402344995,1.4486772166108837,43.36887704098631,0.01197763001453156,1
2026-02-13,681.69,686.28,677.52,681.75,96267490,0.0007045664714431243,-0.01284353189887344,-0.015153703917716421,688.042,-0.9144790579644891,687.3553999999999,1,-0.01975585558383297,0.009957282381792753,0.008981973301357003,1.108585168059718,0.3758488136213409,40.36842105263157,0.0009387605427209067,1
2026-02-17,680.14,684.94,675.78,682.85,81354660,0.0016134946828016972,-0.015995388716766423,-0.012737472168406372,686.7860000000001,-0.5731042857600527,687.3345999999999,0,-0.018174236868970017,0.009771858782010449,0.008997062188011735,1.0861166209377882,-0.3117461831603558,38.57968919407302,0.0065900270923335835,1
2026-02-18,684.02,689.15,682.83,686.29,73570340,0.005037709599472695,-0.008423394787031246,0.012854570678000998,686.462,-0.02505601184042605,687.3725999999999,0,-0.013228083797035217,0.009678527644692628,0.007770783627246318,1.2455021409626283,-0.59498755910415,42.224493272014975,0.00999577438109256,1
2026-02-19,683.84,686.18,681.55,684.48,58649360,-0.002637369042241544,-0.010809873403086923,-0.0013422818791946067,686.2909999999999,-0.2638822307155306,687.3484,0,-0.01583056550058226,0.009591448920599419,0.007362609860351423,1.3027240479290603,-1.221247566635884,41.91748393642208,0.007041841982234676,1
2026-02-20,682.32,690.06,681.73,689.43,100034000,0.007231767180925663,0.01197763001453156,0.0006531394234954302,687.472,0.28481159959968844,687.4644000000001,1,-0.008713281283699303,0.008778748105595499,0.00745136342275163,1.1781398393199958,0.801284639862039,47.95227346017407,-0.004989629113905658,0
2026-02-23,687.83,690.0,680.37,682.39,90558090,-0.010211334000551076,0.0009387605427209067,-0.00992411821888195,686.649,-0.6202586765581855,687.4514,0,-0.01883564105882185,0.007048299415470074,0.0077958498931674095,0.904109175017272,0.268696401315423,40.079244132886316,0.005847096235290783,1
2026-02-24,681.9,688.35,680.0,687.35,73798730,0.007268570758657056,0.0065900270923335835,-0.007766373623200984,685.9889999999999,0.19839968279376255,687.447,0,-0.0117039784899855,0.007316982161475712,0.007892677465215825,0.9270595680265302,-0.6467236866201223,48.31530139103558,-0.010213137411798856,0
2026-02-25,690.18,693.68,690.1,693.15,56369480,0.008438204699207086,0.00999577438109256,-0.0033645343570720687,686.092,1.0287250106399715,687.5266,0,-0.0032642144315665478,0.007848910255183536,0.008082269767317752,0.9711269830316911,-1.580382505726333,55.181655747468675,-0.011570367164394413,0
2026-02-26,693.28,693.3,684.35,689.3,71670990,-0.005554353314578431,0.007041841982234676,-0.0088004371458974,685.8259999999999,0.5065424757883263,687.6773999999999,0,-0.008786183690197125,0.00805737750849401,0.008172458566687107,0.9859184286767515,-0.818835888546212,59.35297885970528,-0.011591469606847538,0
2026-02-27,683.09,686.86,681.64,685.99,83308870,-0.004801973016103189,-0.004989629113905658,-0.011598755114978876,686.298,-0.04487846387429262,687.7826000000001,0,-0.01354596568930555,0.006367654559719566,0.008225138707231065,0.7741698695149656,-0.14066012244624462,45.61137440758293,-0.01983993935771655,0
2026-03-02,678.7,688.62,678.02,686.38,87477200,0.0005685214070176858,0.005847096235290783,-0.008078384901079594,686.761,-0.055477815426323254,687.9328,0,-0.01298514545376106,0.006367810242837507,0.008208198948073297,0.7757865377193638,0.13374518561035809,42.40112427223441,-0.011815612343016979,0
2026-03-03,675.06,682.61,669.66,680.33,105003100,-0.0088143593927561,-0.010213137411798856,-0.02168504910772051,686.509,-0.9000610334314587,688.1114,0,-0.019626774263275415,0.007021064260767408,0.008313890923203714,0.8444980004695416,1.02787014368432,39.089394780677374,-0.0046301059779814135,0
2026-03-04,681.63,687.09,679.62,685.13,79182240,0.00705539958549517,-0.011570367164394413,-0.006381158180209678,686.3929999999999,-0.18400537301515607,688.2846,0,-0.01270984941278197,0.007219212541127935,0.008311434970876077,0.8685879834739277,-0.3323259115384573,44.17930799386392,-0.012844277728314313,0
2026-03-05,682.08,685.53,675.61,681.31,106606500,-0.005575584195700145,-0.011591469606847538,-0.007111732901966095,686.076,-0.6946752254852343,688.299,0,-0.018214568772966455,0.007389671683833049,0.008334127441994672,0.8866761079987062,1.231515129216323,50.038610038609995,-0.022383349723327117,0
2026-03-06,673.41,676.11,669.76,672.38,100687000,-0.013107102493725264,-0.01983993935771655,-0.007732947669785384,684.371,-1.7521198297414684,688.05,0,-0.031082931046905515,0.007829555887119852,0.008382599134148126,0.9340248485967382,0.9804252904942664,42.22406639004145,-0.015006395193194355,0
2026-03-09,666.39,679.92,662.39,678.27,102667700,0.008759927421993385,-0.011815612343016979,-0.017882482407112432,683.959,-0.8317750040572556,687.8562,0,-0.02259528784494569,0.008041826027330463,0.007366144769522707,1.0917279362473808,1.02963276134886,46.47908979089786,-0.013622893537971636,0
2026-03-10,677.72,683.36,674.76,677.18,81505320,-0.0016070296489598679,-0.0046301059779814135,-0.02416600619641196,682.942,-0.8437026863189052,687.5922,0,-0.02303974608670567,0.007554850665375424,0.007243674864864848,1.0429582782656248,-0.23351344572590008,42.73408837135104,-0.009436191263770377,0
2026-03-11,677.58,680.08,673.34,676.33,68441670,-0.0012552054106735877,-0.012844277728314313,-0.02281396289660742,681.26,-0.7236591022517027,687.3126,0,-0.024266031883430572,0.006718786558510794,0.00723580601726121,0.9285470813455955,-1.0272817585942196,43.398671634537486,-0.022030665503526503,0
2026-03-12,671.16,671.65,665.87,666.06,108882200,-0.015184894947732785,-0.022383349723327117,-0.03742990924330902,678.936,-1.8964968715755375,686.8767999999999,0,-0.039082449686215104,0.007816426380542573,0.007881967878954165,0.9916846275678697,1.2478472400545249,32.572706935122994,-0.00939855268294143,0
2026-03-13,669.27,672.34,661.36,662.29,97200240,-0.005660150737170744,-0.015006395193194355,-0.027859732558310202,676.566,-2.110067606116782,686.3824,0,-0.04452138786698412,0.007838255679820372,0.007275369043269609,1.0773688088127276,0.6950955517427034,34.242709313264285,-0.02071600054356837,0
2026-03-16,668.38,672.07,667.12,669.03,82023130,0.010176810762656752,-0.013622893537971636,-0.018657865786578687,674.831,-0.8596226314440274,686.1245999999999,0,-0.034797662843540356,0.00890611309165359,0.007713765744188505,1.1545739638727543,-0.21793636842566164,36.028065893837635,-0.02040267252589567,0
2026-03-17,672.39,674.44,669.7,670.79,87128040,0.002630674259749277,-0.009436191263770377,-0.017661272607454093,673.877,-0.45809546846085997,685.877,0,-0.0322585298997331,0.008741403142380737,0.0077346250531279545,1.1301650800571945,0.0885472793260119,31.82704811443429,-0.026252627498919212,0
2026-03-18,668.36,669.72,661.19,661.43,82062580,-0.013953696387841275,-0.022030665503526503,-0.03622375380669984,671.507,-1.5006544980171463,685.3512,0,-0.04576210055543539,0.009010184548962095,0.008127966577278047,1.1085410432358707,-0.2651724893978929,29.210801133820638,-0.0069697473655563336,0
2026-03-19,656.97,662.98,655.17,659.8,111272500,-0.0024643575283854746,-0.00939855268294143,-0.03605656848994865,669.356,-1.4276408966230287,684.711,0,-0.04811368390680226,0.008983368190154696,0.008127133548316283,1.1053550599049526,1.4980841582509459,29.96174445294561,-0.022294634737799246,0
2026-03-20,656.51,656.69,644.72,648.57,163617500,-0.01702030918460129,-0.02071600054356837,-0.05926635046342621,666.975,-2.7594737433936762,683.8908,0,-0.06431508331529967,0.009532921024559203,0.008508468273246118,1.1204038986117344,3.195995415481795,25.18703241895261,-0.022326040365727717,0
2026-03-23,658.07,662.62,653.94,655.38,134802700,0.01050002312780407,-0.02040267252589567,-0.03958147100631604,664.6859999999999,-1.4000595770032658,683.2081999999999,0,-0.05449037004977275,0.00979502435377761,0.008840494686381106,1.107972427025715,1.6668197669646858,33.788174139051264,-0.03571973511550541,0
2026-03-24,651.32,657.03,649.88,653.18,96457480,-0.0033568311513931803,-0.026252627498919212,-0.049712664581363364,662.286,-1.3749346958866706,682.3903999999999,0,-0.0576642862295319,0.009775366462244774,0.00857059318961879,1.1405705819855358,0.047678421672436154,28.51378614660385,-0.004347959214917707,0
2026-03-25,658.67,660.89,654.24,656.82,90653790,0.005572736458556715,-0.0069697473655563336,-0.05241289764120305,660.3349999999999,-0.5323055721716815,681.6236,0,-0.04712026693747262,0.010184063533686094,0.008400174339406754,1.212363353687886,-0.288438626541642,33.49062963462322,-0.0024055296732743425,0
2026-03-26,652.06,654.85,644.82,645.09,96494380,-0.017858774093358898,-0.022294634737799246,-0.06413753082837648,658.2379999999999,-1.9974538085008633,680.65,0,-0.06015618170692616,0.010570903539388141,0.009049234785823463,1.168154411901051,-0.08354451922513982,32.27231388852802,0.016648839696786544,1
2026-03-27,642.5,642.66,633.11,634.09,103649400,-0.017051884233207804,-0.022326040365727717,-0.07565707954926448,655.418,-3.254106539643399,679.5246,0,-0.07618228969375562,0.011449556230755505,0.009558626345963151,1.1978244379843281,0.207262439240031,23.087231968810954,0.03917424971218586,1
2026-03-30,640.11,640.37,629.28,631.97,99275850,-0.003343373968994978,-0.03571973511550541,-0.07927095777849003,651.712,-3.0292521850142338,678.3192,0,-0.0775911140951352,0.010292176896452964,0.009502616993614623,1.0830886800308688,-0.029014164914008277,22.801106966670716,0.043119135401996855,1
2026-03-31,638.94,651.54,637.98,650.34,152534100,0.029067835498520544,-0.004347959214917707,-0.04408154866020908,649.667,0.10359153227730543,677.4928,0,-0.050778684337279056,0.014979285596518826,0.011965185232659468,1.2519058673351957,2.1001173270486615,37.086355957467966,0.0394716609773349,1
2026-04-01,653.9,658.52,653.0,655.24,97841470,0.0075345204047112535,-0.0024055296732743425,-0.04362675696583129,649.048,0.9540126462141486,677.046,0,-0.038264519822107323,0.014771732061835564,0.01198512005043532,1.2325059740472963,-0.22906903056728606,44.32080621457069,0.03765032659788781,1
2026-04-02,646.42,658.2,645.11,655.83,68358710,0.0009004334289726135,0.016648839696786544,-0.037398541045926104,648.6510000000001,1.1067584880004768,676.4546,0,-0.03308417002078812,0.014768994325581682,0.01197545711232097,1.2332718648699077,-1.338791617215001,46.49218071242402,0.036030678681975514,1
2026-04-06,655.86,659.72,655.52,658.93,39105760,0.004726834698016047,0.03917424971218586,-0.02000356941015502,649.6870000000001,1.422685077583486,675.8535999999999,0,-0.028513718725581283,0.01362373757894634,0.011753950346892033,1.1590773464981254,-2.091810949189265,44.289914066033454,0.041233514940889116,1
2026-04-07,656.65,659.61,651.06,659.22,69980360,0.0004401074469215782,0.043119135401996855,-0.028086160378610225,650.0710000000001,1.4073847318215835,675.2533999999999,0,-0.026521751971410712,0.01326592169687328,0.011537660573224029,1.1497930288970455,-0.9193772561304513,43.34828101644249,0.0534571159855588,1
2026-04-08,676.39,677.08,671.46,676.01,93606110,0.025469494250781155,0.0394716609773349,-0.0017277533299860925,652.354,3.626252004279877,674.919,0,-0.00047314180947177764,0.015275107807636855,0.013002744919869918,1.1747602449921528,-0.124115723372303,57.72245762711867,0.03539888463188423,1
2026-04-09,674.84,681.16,673.77,679.91,57134450,0.005769145426842703,0.03765032659788781,0.005293273993464576,654.663,3.8564879945865207,674.6074000000001,0,0.0,0.01527812963174674,0.013061973491509126,1.1696647249880132,-1.342149554917681,60.40136547015621,0.031989528025768044,1
2026-04-10,681.32,682.03,678.45,679.46,42253460,-0.0006618523039813029,0.036030678681975514,0.02011830765997069,658.1,3.245707339310137,674.2882000000001,0,-0.0006618523039813029,0.013458128706345475,0.012546725866414069,1.0726406912556454,-1.612825710130888,67.98230294562812,0.0451535042533775,1
2026-04-13,677.41,686.3,676.58,686.1,54185820,0.009772466370352895,0.041233514940889116,0.035951018436032545,663.301,3.437202717921423,674.1294,0,0.0,0.010951056113048224,0.012585474389145883,0.8701345515027042,-1.1263299764792774,67.91880541297247,0.035038624107272875,1
2026-04-14,687.69,694.58,687.66,694.46,63480530,0.012184812709517656,0.0534571159855588,0.03801025365080801,669.55,3.720409230079917,674.1792,0,0.0,0.010247309511323771,0.012663229484240096,0.8092177058053764,-0.801701093631844,72.46408358728782,0.013852489704230697,1
2026-04-15,695.26,700.28,694.2,699.94,58240380,0.007891023241079376,0.03539888463188423,0.043456223259142446,674.51,3.770144252865052,674.2698000000001,1,0.0,0.007606811351719826,0.012732705109652041,0.5974230366769018,-0.8952637924654709,73.00469483568078,0.01610138011829587,1
2026-04-16,701.06,702.78,698.53,701.66,49972360,0.0024573534874416936,0.031989528025768044,0.06082276280180832,679.152,3.3141329186986006,674.5124,1,0.0,0.007764831750610343,0.012152058030204027,0.6389725700215386,-1.0575854775256663,83.78927248835268,0.009677051563435457,1
2026-04-17,706.14,712.39,705.76,710.14,9999999,0.012085625516631948,0.0451535042533775,0.07629584722643235,684.583,3.733221537782857,674.9914,1,0.0,0.0076094300207275095,0.012241241290843695,0.6216224188325798,-1.866707626259878,96.83458554009121,0.005351057537950288,1
2026-04-20,710.14,710.14,710.14,710.14,43546800,0.0,0.035038624107272875,0.09493192716283505,689.704,2.963010218876509,675.6417999999999,1,0.0,0.007974337689187903,0.011274444482197086,0.707293179879486,-0.9464737366812277,99.43088402681177,0.0070831103726025635,1
2026-04-21,710.28,711.28,702.64,704.08,58941380,-0.008533528599994344,0.013852489704230697,0.07430803503311068,694.1899999999999,1.4246820034860919,675.911,1,-0.008533528599994344,0.0092629636556984,0.011550584680502038,0.8019475993570042,-0.42193479410954715,90.24865188735785,0.010808430860129503,1
2026-04-22,709.15,711.45,708.22,711.21,42518500,0.010126690148846818,0.01610138011829587,0.08884227931045063,697.71,1.9349013200326781,676.2561999999999,1,0.0,0.0067197506588782575,0.011513325235842625,0.5836498597259039,-0.8524390755905222,90.56384983330932,0.0005202401541035684,1
2026-04-23,709.5,712.36,702.28,708.45,56173990,-0.003880710338718507,0.009677051563435457,0.07860601077920881,700.5640000000001,1.1256644646313494,676.5828,1,-0.003880710338718507,0.007283664516047351,0.011652720274677396,0.6250613027994443,-0.371284759634577,86.9730185497472,0.014411743948055555,1
2026-04-24,710.75,714.47,709.01,713.94,45181960,0.007749311878043619,0.005351057537950288,0.10672929358694128,704.0120000000001,1.4102032351721272,677.0224,1,0.0,0.007151457078688411,0.010490172254502744,0.6817292323887969,-0.6464376989387295,87.39632902787235,0.009398548897666448,1
2026-04-27,713.17,715.63,712.3,715.17,33135940,0.0017228338515840047,0.0070831103726025635,0.127868283682127,706.9190000000001,1.1671775691415653,677.7004000000001,1,0.0,0.007004262049957657,0.009155335016176071,0.7650470504445988,-0.9378475339573893,87.55537656061229,0.003971083798257835,1
2026-04-28,711.82,712.88,709.25,711.69,43117440,-0.004865975921808707,0.010808430860129503,0.12614522841274112,708.642,0.4301184519122493,678.2991999999999,1,-0.004865975921808707,0.006913983667956503,0.009243669532332856,0.7479695854306031,-0.5377933343700845,79.15985616214473,0.01697368236170238,1
2026-04-29,711.0,712.2,708.37,711.58,41859230,-0.00015456167713467917,0.0005202401541035684,0.09416612848663775,709.8059999999999,0.24992744496385136,678.8738000000001,1,-0.00501978550554405,0.006677831449259421,0.007561648122822872,0.8831185134235643,-0.585416075265576,77.59191496776467,0.03126844486916447,1
2026-04-30,714.63,719.79,710.45,718.66,67240950,0.009949689423536245,0.014411743948055555,0.09678896282278249,711.506,1.005472898331145,679.5212000000001,1,0.0,0.0071775124963062605,0.00763100943100129,0.9405718288261211,0.8937752580168113,80.61543267728847,0.01797790332006799,1
2026-05-01,721.25,724.87,720.47,720.65,43049850,0.0027690423844377587,0.009398548897666448,0.09883658875013324,712.557,1.135768787619792,680.2445999999999,1,0.0,0.0063391784135688025,0.007593938311677297,0.8347682261022539,-0.4511817988879413,79.09718713154805,0.02354818566571848,1
2026-05-04,720.07,722.12,714.99,718.01,51950560,-0.0036633594671476866,0.003971083798257835,0.0896605102211161,713.344,0.6541023685627047,680.8162,1,-0.0036633594671476866,0.006537490443834092,0.007823612477462688,0.8356102072625018,0.04049798150027425,71.94780987884447,0.02965139761284652,1
2026-05-05,721.77,725.04,721.49,723.77,36933230,0.00802217239314218,0.01697368236170238,0.09791875246503445,715.313,1.1822796454139648,681.6438,1,0.0,0.00588430054828675,0.007808817171642136,0.7535456931500069,-0.7798132257276208,72.09345447802717,0.019909639802699663,1
2026-05-06,728.16,734.59,727.82,733.83,53288940,0.013899443193279737,0.03126844486916447,0.08553127912309,717.575,2.265268438839145,682.5734,1,0.0,0.006496909473575189,0.006510647307180512,0.9978899435098916,0.44955113129159374,75.83105829452401,0.011555809928730065,1
2026-05-07,735.05,736.13,729.75,731.58,51724640,-0.0030661052287314083,0.01797790332006799,0.07599535232604326,719.888,1.6241415331273763,683.342,1,-0.0030661052287314083,0.0064033273553619745,0.006690964432158997,0.9570111185445042,0.3515161744816923,69.12919343326209,0.02267694578856716,1
2026-05-08,734.93,738.08,734.57,737.62,47227090,0.008256103228628353,0.02354818566571848,0.08559738615959733,722.256,2.127223588312182,684.3084000000001,1,0.0,0.00644488537165106,0.006682819217564954,0.964396186973229,-0.029104898747225032,72.132731958763,0.002101353000189654,1
2026-05-11,736.45,740.79,736.45,739.3,44023950,0.002277595509883046,0.02965139761284652,0.0775397172423844,724.669,2.0189907392202473,685.3745999999999,1,0.0,0.006432301405686672,0.0065591173370951605,0.98066570166518,-0.24767930839274413,80.51993067590996,-0.00087921006357361,0
2026-05-12,736.89,738.84,731.83,738.18,54185270,-0.0015149465710807553,0.019909639802699663,0.06295538979926829,727.318,1.4934320338558877,686.4105999999999,1,-0.0015149465710807553,0.006031988097254354,0.006344991477769933,0.950669219712555,0.6384846656720834,76.08821822402791,-0.006028339971280605,0
2026-05-13,738.47,743.91,735.47,742.31,44200200,0.005594841366604264,0.011555809928730065,0.06053376003657451,730.391,1.6318656719483102,687.6502,1,0.0,0.005898679486622968,0.0062736612239701105,0.9402292020623572,-0.1484422828183834,81.90727478326431,-0.0014279748353113186,0
2026-05-14,743.65,749.53,743.56,748.17,45307600,0.007894275976344067,0.02267694578856716,0.06628566542199921,733.342,2.0219761039187683,688.9110000000001,1,0.0,0.0057109218398877495,0.006367751661651802,0.8968505908106237,-0.032405832081797224,82.03256597417189,-0.007284440701979422,0
2026-05-15,741.79,743.46,737.96,739.17,60410770,-0.012029351617947825,0.002101353000189654,0.04087926324386726,735.194,0.5408096366401248,690.0682,1,-0.012029351617947825,0.007662647784829666,0.006866896569749854,1.115882219427225,1.4587803627320413,69.60784313725496,0.008753060865565487,1
2026-05-18,739.83,741.42,733.39,738.65,47843870,-0.0007034917542648733,-0.00087921006357361,0.04014701326498993,737.258,0.18880771724415862,691.3936,1,-0.012724380822540349,0.007449442927005644,0.006879619632906573,1.0828277324190272,-0.06891166932053057,73.14560439560438,0.016164624653083326,1
2026-05-19,734.78,737.65,731.53,733.73,54255910,-0.006660800108305609,-0.006028339971280605,0.04211169185319852,738.254,-0.612797221552474,692.5028,1,-0.01930042637368501,0.007760126827057708,0.006740143425819784,1.1513296285848498,0.7547180529146733,67.56542426645522,0.0228013029315961,1
2026-05-20,735.71,741.87,733.89,741.25,45768040,0.010249001676365888,-0.0014279748353113186,0.042237876295327714,738.996,0.30500841682499213,693.7841999999999,1,-0.009249234799577621,0.007169952817396955,0.006747873941673233,1.062549905254908,-0.3235862589234891,67.79020318160346,0.01801011804384478,1
2026-05-21,738.64,744.87,737.03,742.72,43332230,0.001983136593591839,-0.007284440701979422,0.04837320911849807,740.11,0.35265028171488205,695.112,1,-0.007284440701979422,0.007025808166387181,0.006600473119407471,1.0644400847159108,-0.5593305806569071,67.52421788153096,0.01852649719948296,1
2026-05-22,746.24,748.94,744.48,745.64,41762010,0.003931495045239153,0.008753060865565487,0.04440149032131546,740.912,0.6381324637743688,696.7036,1,-0.003381584399267501,0.006691241499320812,0.0064914886057701945,1.030771507997882,-0.7295722637994195,71.84189723320162,0.01730057400354057,1
2026-05-26,750.01,752.13,748.37,750.59,41123620,0.0066385923501959265,0.016164624653083326,0.049526685962778094,742.0409999999999,1.1520926741244881,698.4696,1,0.0,0.006914741774255657,0.006565330814759456,1.0532206174151488,-0.9296254568737433,71.4766175528508,0.011963921714917669,1
2026-05-27,750.88,751.38,748.22,750.46,42106290,-0.00017319708495977526,0.0228013029315961,0.05447596565920554,743.269,0.9674828359584525,700.0982,1,-0.00017319708495977526,0.006861728232380416,0.006371461957436266,1.0769472184279387,-0.7844005279084165,65.83507903256526,0.005036910694773855,1
2026-05-28,750.25,755.15,749.23,754.6,41562560,0.005516616475228497,0.01801011804384478,0.060457011158267404,744.498,1.3568874597379676,701.7744,1,0.0,0.0068568026157056665,0.0063651002163471965,1.0772497498304352,-0.8547419890600975,71.15808823529416,0.0032997614630267957,1
2026-05-29,755.9,758.08,754.69,756.48,55075740,0.002491386164855447,0.01852649719948296,0.05262572009016786,745.329,1.4961178217941429,703.6754000000001,1,0.0,0.006515772058571949,0.006148753524166337,1.0596899083632358,1.286254890296235,68.76990445859877,-0.025023794416243694,0
2026-06-01,755.36,760.28,754.69,758.54,43634930,0.002723138747884768,0.01730057400354057,0.05257753417054056,747.266,1.508699713355084,705.6502,1,0.0,0.004593117591731755,0.006148690021492619,0.7470075049606675,-0.6025603964082237,69.00434610825765,-0.02546998180715576,0
2026-06-02,757.03,760.4,756.75,759.57,31581850,0.0013578717008992935,0.011963921714917669,0.057882202197740984,749.3580000000001,1.3627665281480932,707.8702000000001,1,0.0,0.004473094445424463,0.005980412756032139,0.7479574785055898,-2.1318224671459913,71.16564417177925,-0.029648353673789263,0
2026-06-03,758.15,758.8,753.57,754.24,51402520,-0.007017128111958093,0.005036910694773855,0.04209900935380029,751.409,0.37675886235059963,709.8474000000001,1,-0.007017128111958093,0.004557506790707192,0.006233912600421875,0.7310828821050148,0.6673089963698827,61.531026483665244,-0.03819739075095463,0
2026-06-04,752.1,758.31,751.47,757.09,49923040,0.0037786380992788082,0.0032997614630267957,0.03169671449790812,752.993,0.5440953634363108,711.9256,1,-0.0032650052003107,0.0037687946760790255,0.005603031708840465,0.6726349005186996,0.4781732312902203,59.15435139573078,-0.025531971099869266,0
2026-06-05,752.31,752.82,735.53,737.55,93989420,-0.025809348954549782,-0.025023794416243694,0.00816041991306471,752.476,-1.9835848585204108,713.5402,1,-0.0289900864963073,0.009607819199367179,0.00826867332190113,1.161954140081828,3.6403974651815196,48.633142085723925,0.005694529184462116,1
2026-06-08,743.36,745.34,738.19,739.22,49319140,0.002264253270964689,-0.02546998180715576,0.0021691385808411123,751.8340000000001,-1.677763974494374,715.4227999999999,1,-0.026791474123517234,0.009533542313331433,0.008076868200159383,1.1803513536525587,0.02253032231801127,50.47177619599408,0.02111685289900156,1
2026-06-09,743.63,746.9,722.59,737.05,87683520,-0.002935526636184238,-0.029648353673789263,-0.0030434194508318635,750.48,-1.7895213729879629,717.482,1,-0.029648353673789263,0.009174956672965124,0.00808835110109486,1.1343420381099898,2.4292622812094207,52.87894554283725,0.018017773556746608,1
2026-06-10,733.39,738.38,725.33,725.43,60341350,-0.015765551862153226,-0.03819739075095463,-0.017272210030073953,747.9770000000001,-3.0143975015274718,719.3512,1,-0.044946482878470806,0.010145113123424289,0.008812853057312433,1.1511723907624236,0.5820930762405945,37.1923575129534,0.021407992500999562,1
2026-06-11,728.76,740.0,724.41,737.76,86330520,0.016996815681733723,-0.025531971099869266,-0.006129514623270493,746.2929999999999,-1.1433847027909818,721.0996,1,-0.028713614281764777,0.011776939881020774,0.009585512216384947,1.2286187336853966,1.935492607882219,46.584962820159724,0.012171980047712028,1
2026-06-12,740.71,744.44,735.03,741.75,57079530,0.0054082628497071905,0.005694529184462116,-0.008580937487469353,744.8199999999999,-0.4121801240568106,722.8298,1,-0.023460642205458404,0.011940794854693137,0.009489799570000587,1.2582768230891517,0.16992924602060774,47.360564527072896,0.0035591506572294485,1
2026-06-15,751.85,756.68,751.76,754.83,60176430,0.017633973710819095,0.02111685289900156,0.021185924753439833,744.449,1.3944541533402672,724.8098,1,-0.006240372842529318,0.013421410772144508,0.0098844113623111,1.3578361199453775,0.35516569209987325,52.591053532143725,-0.028152034232873602,0
2026-06-16,754.55,755.44,749.88,750.33,67093140,-0.005961607249314382,0.018017773556746608,0.01581263115142506,743.525,0.9152348609663513,726.6378000000001,1,-0.012164777439867325,0.013513630347482364,0.010003981299407726,1.3508252307791122,0.7029082837344292,49.92458521870287,-0.022776644942891888,0
2026-06-17,751.29,752.15,739.22,740.96,85945230,-0.012487838684312247,0.021407992500999562,0.009853760920229604,742.197,-0.16666734034224961,728.2726000000001,1,-0.02450070434587992,0.013883627000604228,0.010313755161743193,1.3461272623673246,1.5956060672179466,42.53992561802673,-0.008988339451522442,0
2026-06-18,747.76,748.23,743.86,746.74,80875660,0.00780069099546532,0.012171980047712028,0.007406408094435157,741.162,0.7526019952453006,729.6872,1,-0.016891135774188104,0.014115899847982453,0.010206438115889015,1.3830387925448084,1.1858008441803751,44.8908938313051,-0.02376998687628895,0
2026-06-22,747.7,750.18,743.13,744.39,46628070,-0.0031470123470016542,0.0035591506572294485,0.002248492029297555,741.8459999999999,0.3429283166587266,730.9767999999999,1,-0.019984991508353533,0.011274452643553656,0.01022949159575829,1.102151806667368,-0.6435597216093765,42.60014642819793,-0.0045540644017249,0
2026-06-23,733.81,739.63,732.3,733.58,66846780,-0.01452195757600172,-0.028152034232873602,-0.01617402499865883,741.282,-1.0390107948122305,732.0592,1,-0.03421672788551422,0.01226795701250906,0.01069333003620833,1.147253191566045,0.3761290311501153,37.66960812221277,0.01798031571198777,1
2026-06-24,735.17,739.95,730.84,733.24,57439510,-0.00046348046566158096,-0.022776644942891888,-0.023115149415792957,740.9010000000001,-1.0340112916570579,733.002,1,-0.03466434956620201,0.012242740130081768,0.010551675546918026,1.1602650285866376,-0.18557063675258592,39.541832669322744,0.01707490044187443,1
2026-06-25,738.91,739.37,729.6,734.3,54128070,0.001445638535813476,-0.008988339451522442,-0.021533459478186856,741.788,-1.009452835581063,733.7988,1,-0.033268823149940174,0.010996936464408217,0.010565484786169279,1.0408359566050134,-0.415589244055077,38.444376838048875,0.014272095873621105,1
2026-06-26,728.95,736.53,716.58,728.99,71033970,-0.007231376821462576,-0.02376998687628895,-0.033938510469122773,740.9110000000001,-1.608965179353532,734.3797999999999,1,-0.04025962057479893,0.009744802254609133,0.010533944466411965,0.9250857820335912,0.4868125244297738,44.92770798767484,0.03057655111867108,1
2026-06-29,736.53,741.56,732.09,741.0,58035230,0.016474848763357475,-0.0045540644017249,-0.020463197969543212,740.836,0.022137153162101634,735.1666,1,-0.02444804297168146,0.011105968231953705,0.011263619664647008,0.98600348401428,-0.2939795287086681,50.93961148648647,0.009055330634277992,1
2026-06-30,741.29,748.02,740.89,746.77,55626040,0.007786774628879778,0.01798031571198777,-0.015516650407361499,740.03,0.9107738875451008,735.8992,1,-0.016851639743539204,0.009713453606114001,0.011407066018108678,0.8515295335973271,-0.4881865537728697,54.943043124491474,-0.0018345675375283088,0
2026-07-01,745.0,749.44,742.38,745.76,47100880,-0.00135249139628002,0.01707490044187443,-0.018181339442052802,739.573,0.8365638010040946,736.6116000000001,1,-0.014965195683472321,0.009561638566398575,0.011397181137427879,0.8389476705778188,-1.1503585204277424,61.58932846881773,0.007978438103411367,1
2026-07-02,747.4,751.31,740.03,744.78,57505950,-0.0013140956876207532,0.014272095873621105,-0.012542426813746288,739.9549999999999,0.6520666797305303,737.4256,1,-0.016259625671980915,0.008620707966649745,0.01130587571789315,0.7624980303831089,-0.48377983711462663,54.596647459402824,0.013655039071940767,1
2026-07-06,748.74,752.41,747.41,751.28,50673310,0.008727409436343647,0.03057655111867108,-0.0076741206461583555,740.409,1.4682425524271019,738.227,1,-0.004703045718903676,0.008711838944541002,0.011459173605755756,0.7602501929253597,-0.9511575030572911,56.041587422340555,-0.0028085400915770498,0
2026-07-07,750.22,750.96,745.21,747.71,43721490,-0.004751890107549728,0.009055330634277992,0.013775337265270249,740.7410000000001,0.9408146707148566,739.0122,1,-0.009432587470026399,0.008803661231612813,0.009848358517115524,0.8939216841378058,-1.3441428591313755,44.86735870818914,0.00551015768145402,1
2026-07-08,743.16,746.15,739.51,745.4,43767390,-0.003089433068970693,-0.0018345675375283088,0.00836016341549195,741.923,0.4686470159302213,739.6414,1,-0.012492879191341233,0.007243029895481012,0.009877186122275543,0.7333090422530517,-1.2899715504111349,46.3302069376209,0.012624094445935041,1
2026-07-09,747.35,751.97,745.59,751.71,41441720,0.008465253555138164,0.007978438103411367,0.01989010243538436,743.77,1.0675343184048907,740.3722,1,-0.004133381026191318,0.0075028938322669585,0.009998982695458238,0.7503657182720139,-1.3562665214726013,58.38402745281548,-0.0013169972462785395,0
2026-07-10,752.05,755.42,748.1,754.95,42191310,0.0043101728060024325,0.013655039071940767,0.040693106157727366,745.8349999999999,1.2221201740331473,741.2374000000001,1,0.0,0.007512162020780701,0.009199612155893351,0.8165737743594272,-1.1837257770663638,56.6672080558714,-0.015444731439168247,0
2026-07-13,752.47,753.91,748.0,749.17,44013630,-0.0076561361679582385,-0.0028085400915770498,0.015465734114074925,747.853,0.1761041274154155,741.9892,1,-0.0076561361679582385,0.007576128907695825,0.008729167235518524,0.8679096989766623,-0.9909538749225894,53.67692307692306,-0.009450458507414772,0
2026-07-14,750.91,753.34,748.66,751.83,35143140,0.003550595992898975,0.00551015768145402,0.013589484327603651,748.9359999999999,0.3864148605488479,742.6525999999999,1,-0.004132724021458367,0.0058916604376709385,0.008687377597782736,0.6781862963081813,-1.5011997807796882,66.05101143359714,-0.004721812111780688,0
2026-07-15,754.24,755.58,750.2,754.81,43844770,0.003963661998057866,0.012624094445935041,-2.6496032219269772e-05,749.74,0.676234427935009,743.3358000000001,1,-0.00018544274455278842,0.005550193442445262,0.007775759498505507,0.7137815210863973,-0.7870512682326457,68.12909732728184,-0.00980379168267509,0
2026-07-16,752.76,754.57,747.88,750.72,46409810,-0.005418582159748664,-0.0013169972462785395,0.0005197713006277471,750.2360000000001,0.06451303323219941,743.99,1,-0.005603020067554199,0.00588733301813277,0.007754666047476908,0.7591987820092264,-0.5330638303014631,63.13179782469616,-0.016703964194373477,0
2026-07-17,742.08,747.29,740.8,743.29,62650960,-0.009897165387894424,-0.015444731439168247,0.0031445692075144915,750.0870000000001,-0.9061615519266616,744.3803999999999,1,-0.015444731439168247,0.006769678488943352,0.007553150875056798,0.8962721122517556,0.8917900801768539,61.06126237623757,-0.005865812805230797,0
2026-07-20,747.06,748.73,741.51,742.09,50422320,-0.0016144438913477943,-0.009450458507414772,-0.006227066984492602,749.1679999999999,-0.944781410845079,744.5455999999999,1,-0.017034240678190593,0.006004491416347349,0.007343959914539543,0.8176095030774447,-0.05487381684078212,51.012446591120224,-0.004042636337910466,0
2026-07-21,746.29,749.04,744.18,748.28,34324260,0.008341306310555296,-0.004721812111780688,0.005225755316433656,749.225,-0.12613033467917514,744.8796000000001,1,-0.00883502218689991,0.006550012403460163,0.007554722804135817,0.8670089655538881,-1.6060276691652065,51.39170506912442,-0.009916074196824609,0
2026-07-22,746.62,750.02,746.37,747.41,32836200,-0.0011626663815683669,-0.00980379168267509,0.018852749529703505,749.426,-0.2690058791661987,745.0754,1,-0.009987416385191183,0.006473808897278155,0.006720965447501751,0.9632260346888903,-1.59554993822285,51.5246719645167,,0
2026-07-23,739.37,742.56,735.21,738.18,55437330,-0.012349312960757808,-0.016703964194373477,0.0067372211008673855,748.073,-1.3224645188370692,745.053,1,-0.022213391615338862,0.006885651038099057,0.007349191441726339,0.936926339815364,0.7059374355328054,44.7081462475946,,0
2026-07-24,738.51,743.72,737.29,738.93,44781980,0.0010160123547102717,-0.005865812805230797,0.006305324799128487,746.471,-1.010220088925096,745.068,1,-0.021219948340949868,0.006635466170286542,0.007346482868537673,0.9032167213924697,-0.3351129243036552,39.092033209680245,,0
2026-07-27,744.91,745.53,735.87,739.09,41461190,0.00021652930588844654,-0.004042636337910466,0.013854785388002666,745.463,-0.8549049382732522,745.0035999999999,1,-0.021008013775746792,0.006367621819844077,0.0071280118047851995,0.89332369168768,-0.6233097578930372,41.89849624060153,,0
2026-07-28,739.19,742.79,735.98,740.86,47322250,0.002394836894018315,-0.009916074196824609,-0.00018893387314433685,744.366,-0.471004855138463,744.8573999999999,0,-0.018663487648188704,0.006278955913873633,0.006112212251616475,1.0272804109859013,0.16637639844264368,45.689327763008016,,0
