date,1d_return,5d_return,20d_return,percent_ma_gap,sma_crossover,20d_drawdown,10d_volatility,volatility_ratio,volume_zscore,rsi_14,target,predicted_prob,sample_split
10/6/2021,0.004156084,0.001035792,-0.035505977,-0.204684804,NaN,-0.031359971,0.01128453,1.1539538489486156,0.5074040686951853,39.23873004736008,1,0.6013068031057204,train_dev
10/7/2021,0.008645666,0.022183903,-0.022985434,0.7626223181880945,NaN,-0.020585871,0.010891451,1.086138002228994,-0.918154532,47.50909090909096,1,0.6322767312005259,train_dev
10/8/2021,-0.001823736,0.008336404,-0.017016882,0.7188287117439359,NaN,-0.022372064,0.010853985,1.096016936941434,-0.804702731,53.94302229562344,1,0.6375631245712288,train_dev
10/11/2021,-0.007239757,0.014114408,-0.026624569,0.1728349541411123,NaN,-0.029449853,0.011010345,1.1043726034535004,-1.065236138,51.03515625,1,0.6496034779443909,train_dev
10/12/2021,-0.002461524,0.001200647,-0.023752167,-0.071440094,NaN,-0.031838885,0.008955725,0.9020829851424798,-0.846752193,45.58701082431307,1,0.667091431,train_dev
10/13/2021,0.00359762,0.000643826,-0.02835581,0.2711962820533547,NaN,-0.026813069,0.009015656,0.9253092674302756,-0.772303409,40.96657633243001,1,0.6636199131705756,train_dev
10/14/2021,0.016820626,0.008753932,-0.010443456,1.6449249894909357,NaN,-0.00317632,0.009242759,0.8753217137125545,-0.841975643,48.61411440927853,1,0.6512883091407641,train_dev
10/15/2021,0.007615819,0.018293518,0.010126869,2.1461528240420287,NaN,0,0.008884071,0.8641262228054076,-0.880445505,53.04889560128376,1,0.6684555422798839,train_dev
10/18/2021,0.002960504,0.028756125,0.030296747,2.015024283859965,NaN,0,0.007012677,0.7418152781877899,-0.986607997,64.84461097641608,1,0.6727395077243767,train_dev
10/19/2021,0.007714842,0.039250957,0.039226991,2.392351020537987,NaN,0,0.006799436,0.7133432745186247,-1.39625775,66.83302141817421,1,0.6758440326180637,train_dev
10/20/2021,0.003927747,0.039592812,0.033229799,2.387170655091422,NaN,0,0.006799232,0.725720618,-1.173619459,76.11672278338942,1,0.6480336655970642,train_dev
10/21/2021,0.002608254,0.025062147,0.023489327,2.308533793461212,NaN,0,0.00660373,0.7301025630858214,-1.331674123,73.81245385183354,1,0.5918282639660963,train_dev
10/22/2021,-0.001036178,0.016260345,0.020747449,1.851955916301208,NaN,-0.001036178,0.006539262,0.7219439248028209,-0.743168861,84.47887323943664,1,0.5543434313235691,train_dev
10/25/2021,0.005362818,0.018694515,0.029165914,1.9202759935297296,NaN,0,0.005357684,0.5915615534000999,-1.136971248,83.53749626531223,1,0.5753798475730851,train_dev
10/26/2021,0.000900011,0.011805432,0.051277322,1.5046716280684944,NaN,0,0.004947403,0.6596231191156772,-0.71150552,82.82418952618457,1,0.589587018,train_dev
10/27/2021,-0.004430213,0.003381888,0.044861319,0.6347031659783268,NaN,-0.004430213,0.005788559,0.7557295398335223,-0.134869657,75.18127883981545,1,0.59121497,train_dev
10/28/2021,0.009648852,0.010427919,0.067996458,1.250610282795659,NaN,0,0.004313677,0.6141968440011405,-0.804141371,80.15919811320761,1,0.6036408175844713,train_dev
10/29/2021,0.00202915,0.013528425,0.057594878,1.1570561038949565,NaN,0,0.004080809,0.6063387436028226,0.055110333,88.76262626,1,0.5564980305884247,train_dev
11/1/2021,0.001720196,0.009856218,0.073254946,1.0450665741232992,NaN,0,0.004099886,0.7271565437762701,-0.978308581,92.07006369426765,1,0.5938195120689427,train_dev
11/2/2021,0.004043127,0.013027459,0.066497345,1.20330932,NaN,0,0.003766081,0.6966230996651427,-0.866742974,92.14511041009476,1,0.5802505248538282,train_dev
11/3/2021,0.006105218,0.023747632,0.068567487,1.5472894574107705,NaN,0,0.003919096,0.7202799504621481,-0.661010538,90.84558823529429,0,0.5657537592505412,train_dev
11/4/2021,0.004712515,0.018742363,0.064400675,1.729738915966373,NaN,0,0.003970073,0.7478700330497009,-0.557955062,90.43043812451975,0,0.5610355751255702,train_dev
11/5/2021,0.003469619,0.020206859,0.07004522,1.7411055520811558,NaN,0,0.003720873,0.7185331853066607,0.7687489836608384,90.53951367781168,0,0.5201739847651954,train_dev
11/8/2021,0.000853734,0.019324407,0.078768778,1.5329652484572878,NaN,0,0.003723888,0.8121568447554781,-0.70784254,89.29952728835427,0,0.585384447,train_dev
11/9/2021,-0.003305397,0.01186404,0.077856187,0.9477485572104868,NaN,-0.003305397,0.004184474,0.9000131647423719,-0.561239112,82.47288503253804,1,0.6021242292849402,train_dev
11/10/2021,-0.008044846,-0.002367017,0.065352268,-0.073282179,NaN,-0.011323652,0.004936677,0.923105164,1.336115433614022,69.56691377292246,1,0.567827485,train_dev
11/11/2021,0.000323541,-0.006725065,0.048067797,-0.158232958,NaN,-0.011003775,0.004179906,0.9711009310365512,-1.947640998,71.03911497431845,1,0.6535403596439491,train_dev
11/12/2021,0.007546844,-0.002689262,0.047996053,0.4218720113817378,NaN,-0.003539974,0.004641573,1.0794636145015164,-0.067476516,72.21379833206974,1,0.5676594091726981,train_dev
11/15/2021,0.000342414,-0.003198772,0.045260404,0.2969663938752858,NaN,-0.003198772,0.004662708,1.0792543918180053,-0.652198939,71.94795254496752,1,0.6009075008713005,train_dev
11/16/2021,0.003957812,0.004065215,0.041363394,0.5347226982930088,NaN,0,0.004657826,1.1231166380529392,-0.472781297,79.54545454545452,0,0.5624371771198629,train_dev
11/17/2021,-0.002429253,0.009749364,0.034769346,0.2170720533646068,NaN,-0.002429253,0.004519666,1.066637369122042,-0.56402922,71.61091549295776,1,0.5927085283313683,train_dev
11/18/2021,0.00339642,0.012851198,0.035582795,0.4967822544757476,NaN,0,0.004409031,1.037502887129623,-0.342566015,72.41231822,0,0.5742775167096069,train_dev
11/19/2021,-0.001788261,0.003466946,0.034803143,0.3093418676889695,NaN,-0.001788261,0.004343286,1.015044149381733,0.3790942934513469,68.88604353393079,0,0.5700011860373916,train_dev
11/22/2021,-0.002815159,0.00029951,0.026385688,0.056065807,NaN,-0.004598386,0.004425347,1.0283778101973284,1.7553092490560362,62.38532110091744,0,0.5310386744429191,train_dev
11/23/2021,0.001326005,-0.002322707,0.026822528,0.1713775891174134,NaN,-0.003278479,0.004314694,1.002918113399482,1.5900529313421947,58.385693571773736,0,0.5435380308412544,train_dev
11/24/2021,0.002669856,0.002776947,0.034145482,0.3139083404740879,NaN,-0.000617376,0.003241858,0.7927847979617053,0.6250938756432547,56.405063291139165,0,0.5996824712140683,train_dev
11/26/2021,-0.02230317,-0.022906776,0.001418223,-1.822708886,NaN,-0.022906776,0.008147394,1.2725135627608513,3.3202986599431106,33.28671328671339,0,0.5477961610774691,train_dev
11/29/2021,0.012266597,-0.009149267,0.011649428,-0.561614986,NaN,-0.010921167,0.008808063,1.2670828277153576,1.558616079700163,43.600354714750246,0,0.5297605764752327,train_dev
11/30/2021,-0.019457598,-0.025685994,-0.009738284,-2.248104764,NaN,-0.030166266,0.010626082,1.2861853961467236,3.218031417869116,35.69699903194579,1,0.5235115696925089,train_dev
12/1/2021,-0.011107209,-0.037783806,-0.024680667,-2.942741604,NaN,-0.040938411,0.010673827,1.2530892703396626,2.134075474,34.60816518066635,1,0.5408231014451247,train_dev
12/2/2021,0.015316315,-0.02564758,-0.01575142,-1.227636395,NaN,-0.026249122,0.012317087,1.3447421500245167,1.7052271953329916,43.54871379,1,0.4828535899121111,train_dev
12/3/2021,-0.008701355,-0.012092294,-0.028892078,-1.741018606,NaN,-0.034722074,0.012295018,1.3322184354750026,1.728817827798793,36.10832497,1,0.5235932208067903,train_dev
12/6/2021,0.011843324,-0.012505381,-0.020788423,-0.359218493,NaN,-0.023289975,0.013221639,1.3710672790977243,0.5880450388134166,42.15401380312387,1,0.5173884888897562,train_dev
12/7/2021,0.020684845,0.027921679,-0.001386134,1.686155717,NaN,-0.00308688,0.015042686,1.3934488549101105,0.4310818957867567,49.20255183413077,0,0.4887164725998796,train_dev
12/8/2021,0.002647988,0.042219756,0.004578715,1.9259825289592083,NaN,-0.000447065,0.015058957,1.396698155,-0.2675377,51.098726114649686,1,0.5407460647895773,train_dev
12/9/2021,-0.006751576,0.019567118,0.005888443,1.3057768296842038,NaN,-0.007195623,0.015194302,1.4156603097223588,-0.57114758,47.374961168064615,1,0.5839868847227669,train_dev
12/10/2021,0.009413531,0.03819858,0.015029001,1.998630600022545,NaN,0,0.013348618,1.2220996735231562,-0.182212379,51.36169586,0,0.5475637926004672,train_dev
12/13/2021,-0.008858393,0.016957649,-0.001498063,1.0519521867480386,NaN,-0.008858393,0.01332312,1.210613012617833,0.089023876,49.29358575868889,0,0.5690055734863032,train_dev
12/14/2021,-0.006879997,-0.010506535,-0.008707186,0.1874622967266448,1,-0.015677444,0.011727525,1.0555038801923655,0.3193012998948339,46.70846394984326,0,0.5800217470136235,train_dev
12/15/2021,0.015625,0.002300222,0.00281282,1.3125857098877682,1,-0.000297404,0.011513209,0.9887693720092564,0.8638417201677263,50.730846774193566,0,0.5257779898529825,train_dev
12/16/2021,-0.00881853,0.000214431,-0.003610031,0.223889576,1,-0.009113311,0.011508161,0.9747255926682166,0.7713257226266322,55.12048192771082,1,0.556744727,train_dev
12/17/2021,-0.014106549,-0.023091303,-0.020990782,-1.326673147,1,-0.023091303,0.012175301,0.9999797601174308,1.3051340855177818,46.80362211109608,1,0.5587227011915714,train_dev
12/20/2021,-0.01063344,-0.02484086,-0.029665806,-2.296036695,1,-0.033479203,0.012124156,0.98050259,0.2303229988550796,49.58476518,1,0.5770111739828072,train_dev
12/21/2021,0.017759022,-0.000647445,-0.009645615,-0.449317424,1,-0.016314738,0.011571652,0.8847288764152959,-1.148556604,58.61926983255561,1,0.5704192958924806,train_dev
12/22/2021,0.009998704,-0.006183595,-0.001067943,0.5856329588981612,1,-0.00647916,0.012056695,0.9077557952603552,-1.474869933,57.28856778580538,1,0.6067143509271723,train_dev
12/23/2021,0.00622207,0.008896988,0.002471029,1.1190566232337529,1,-0.000297404,0.011986161,0.8983352843417746,-1.530232857,62.35615650172614,1,0.6020759112562843,train_dev
12/27/2021,0.014152146,0.037815035,0.039850099,2.4066397164216147,1,0,0.012441965,0.9895443027081976,-1.352599537,63.04194322835758,1,0.5828017945109762,train_dev
12/28/2021,-0.000817165,0.048112005,0.026409815,2.0973122032054983,1,-0.000817165,0.011952209,0.9676929496608788,-1.508399348,56.959974072273575,1,0.6179993319149157,train_dev
12/29/2021,0.001279175,0.031140673,0.048116604,1.9198012320538989,1,0,0.011530751,1.0168959655169858,-1.184489233,56.51604453176167,0,0.6271624864560121,train_dev
12/30/2021,-0.002764514,0.018110287,0.056958935,1.5175613271306183,1,-0.002764514,0.010744894,0.9801222453311348,-1.055666327,58.28127638021274,0,0.6399753497451884,train_dev
12/31/2021,-0.002520161,0.009264768,0.038390905,1.0783305986681968,1,-0.005277708,0.010264475,0.9671088146640732,-0.643103751,53.76516773733045,0,0.6281814192854098,train_dev
1/3/2022,0.005789961,0.000942882,0.053570641,1.2790532504234802,1,0,0.008623508,0.8339880940466663,-0.296488043,60.19772976931526,0,0.6146060829371774,train_dev
1/4/2022,-0.000334931,0.001425965,0.040890168,0.7629754353981747,1,-0.000334931,0.007199477,0.7108891012718532,-0.304356714,63.75799883653287,0,0.619204037,train_dev
1/5/2022,-0.019202178,-0.01905839,0.000213547,-1.282705189,1,-0.019530678,0.009090272,0.8918424113311121,0.9980469387637672,47.92523364485979,1,0.6049265739209931,train_dev
1/6/2022,-0.000939408,-0.017263105,-0.003365139,-1.380637357,1,-0.020451739,0.008553507,0.8405320441896316,0.2720681934861969,51.49628439445673,0,0.5912589849325878,train_dev
1/7/2022,-0.003953498,-0.018675257,-0.000557521,-1.677073665,1,-0.024324381,0.008345221,0.8263197027089423,0.1584524154911505,56.90190856635594,0,0.5892391565632605,train_dev
1/10/2022,-0.001244395,-0.025538507,-0.011110167,-1.555412221,1,-0.025538507,0.006460773,0.6555298573404506,1.3684874728425025,62.92024539877297,0,0.5301676474597296,train_dev
1/11/2022,0.00910829,-0.016333368,0.006815698,-0.508945194,1,-0.016662829,0.007432376,0.7527343043898292,-0.313558813,59.06258466540232,0,0.5872706354855777,train_dev
1/12/2022,0.002703566,0.005636449,0.016531423,-0.103285847,1,-0.014004312,0.007504391,0.7709289986208188,-0.511524161,54.96274217585691,0,0.6126922505939741,train_dev
1/13/2022,-0.013778608,-0.007287259,-0.012898428,-1.236116544,1,-0.02758996,0.008481979,0.8828683643468731,0.4512146714572133,41.82601669808773,0,0.6089951215981186,train_dev
1/14/2022,0.000409016,-0.002939346,-0.003708865,-0.980141481,1,-0.02719223,0.00852924,0.9062405255194352,0.7136815620983297,29.54990215264199,0,0.6087059375904454,train_dev
1/18/2022,-0.017709589,-0.019376598,-0.007349903,-2.291961866,1,-0.044420255,0.009302557,0.9568204317652697,1.520453225711996,23.532467532467606,0,0.6179471900795109,train_dev
1/19/2022,-0.010383579,-0.038318254,-0.007099213,-2.769587059,0,-0.054342593,0.009345982,0.962652729,1.4793838333773393,19.821721792165192,0,0.6829372118228997,train_dev
1/20/2022,-0.011068069,-0.051526474,-0.035222217,-3.396006098,0,-0.064809194,0.008318307,0.9244089996617784,1.7879168633950668,18.24659900669407,0,0.6608712227230348,train_dev
1/21/2022,-0.019630666,-0.057154543,-0.063524984,-4.674845851,0,-0.083167612,0.009411174,1.0019991717011167,3.234334161164486,15.682999257609566,1,0.5986641499704287,train_dev
1/24/2022,0.004246769,-0.053537614,-0.065363366,-3.719950792,0,-0.079274037,0.010001742,1.0757297363971403,3.078725180550585,14.266842800528394,1,0.5555047450756959,train_dev
1/25/2022,-0.012208985,-0.048237639,-0.089657629,-4.244815198,0,-0.090515166,0.010055647,1.1795692385116163,1.2577865708965408,12.989690721649495,1,0.6181397254329286,train_dev
1/26/2022,-0.002508804,-0.040664084,-0.091198859,-3.713232599,0,-0.092796885,0.008571042,1.0091723109469573,1.4375033638171266,15.083798882681576,1,0.5915862530400956,train_dev
1/27/2022,-0.00493793,-0.034717403,-0.096841753,-3.334342042,0,-0.09727659,0.007819094,0.9336950334937086,0.6753827669853227,14.588961790814352,1,0.6151378175468447,train_dev
1/28/2022,0.024835359,0.009064341,-0.071845598,-0.42964288,0,-0.074857131,0.012928752,1.2064157502086168,0.8628517951060953,30.10876730388925,1,0.4959258374944096,train_dev
1/31/2022,0.018011087,0.022894689,-0.052741283,1.7030761162450023,0,-0.058194302,0.014794779,1.2575907449650268,0.5547920662100125,38.53952394945639,0,0.5007022110779014,train_dev
2/1/2022,0.006756907,0.042534582,-0.051830609,2.472275136,0,-0.051512931,0.014124688,1.1967261107534697,-0.07507864,37.43643434041278,0,0.5445477692087834,train_dev
2/2/2022,0.009714096,0.055309428,-0.042299236,3.336782788,0,-0.029022122,0.014021415,1.157484668062347,-0.249505751,40.23431918845553,1,0.5595400529942411,train_dev
2/3/2022,-0.023504974,0.035618217,-0.046500705,0.911274451,0,-0.051844932,0.015694205,1.258891389552296,-0.25119674,37.92592592592596,1,0.6139873665118128,train_dev
2/4/2022,0.004702194,0.015273221,-0.041116382,1.1407924010287596,0,-0.047386523,0.014104964,1.1227699667492894,-0.281713944,39.48266806722685,0,0.5882597,train_dev
2/7/2022,-0.003209271,-0.005890067,-0.040399923,0.6478674830832145,0,-0.050443718,0.014199738,1.130757002,-1.020333099,43.34726827158712,0,0.6266148790494713,train_dev
2/8/2022,0.008227876,-0.004437576,-0.031299005,1.1012761530666315,0,-0.042630886,0.013414024,1.0509220355588245,-1.024739835,49.40711462450592,0,0.6090592078805741,train_dev
2/9/2022,0.014636093,0.000415437,-0.025992549,2.028346906191199,0,-0.028618742,0.013611077,1.041998764205322,-0.815592507,57.717064797596926,0,0.5791358528509214,train_dev
2/10/2022,-0.017965642,0.006090461,-0.046070231,-0.206995194,0,-0.033138234,0.015248569,1.125915265437436,0.1394759658573283,58.17474048442905,0,0.5874802708188872,train_dev
2/11/2022,-0.019718686,-0.018364163,-0.051815814,-2.142398518,0,-0.052203477,0.015063806,1.086058674817992,0.3760159877321211,50.40597171293872,0,0.6049563092118877,train_dev
2/14/2022,-0.003269309,-0.018423288,-0.055302117,-2.225765789,0,-0.040477335,0.013635186,0.9842753739503076,-0.367820308,53.14096368907907,0,0.6144250221457355,train_dev
2/15/2022,0.016126828,-0.010733135,-0.02276063,-0.497179527,0,-0.025003278,0.014618054,1.044502036167227,-1.133781263,58.11017597551646,0,0.6154148174849982,train_dev
2/16/2022,0.001120825,-0.023910478,-0.011400111,-0.146225635,0,-0.023910478,0.014135009,1.0222640296301415,-1.161883957,60.00260484501172,0,0.6496967603603434,train_dev
2/17/2022,-0.021361397,-0.027285676,-0.021689983,-2.070356263,0,-0.044761114,0.01378949,0.9562259280885808,-0.735747063,46.76630075386855,1,0.6932830330687674,train_dev
2/18/2022,-0.006475084,-0.014144304,-0.008562035,-2.38797985,0,-0.050946365,0.013631564,0.9868432611522212,0.023396668,38.87627695800228,1,0.6640199043285889,train_dev
2/22/2022,-0.01073164,-0.021525215,-0.0233494,-3.049986007,0,-0.061131267,0.0138388,0.9915396359429148,-0.028303158,33.78640776699034,1,0.6710185753894493,train_dev
2/23/2022,-0.017738669,-0.054135844,-0.028816719,-4.142576417,0,-0.077785549,0.013737535,0.9646693733551784,0.3130749788080761,26.50026553,1,0.6886680368697018,train_dev
2/24/2022,0.015049176,-0.040976265,-0.011721815,-2.049348101,0,-0.063906981,0.013808715,0.939355695,2.731701344358429,37.09813874788495,1,0.5313617287464002,train_dev
2/25/2022,0.022063974,0.001578731,0.015096002,0.3774329059123546,0,-0.043253049,0.015776342,1.0185729449197858,-0.051684514,43.004982752012296,0,0.6032181345692246,train_dev
2/28/2022,-0.002558538,0.005527025,-0.012037561,0.2086197360237381,0,-0.045700922,0.01458265,1.0104069255147443,0.7433512835613486,43.18152661962799,0,0.595131,train_dev
3/1/2022,-0.015230287,0.000954443,-0.044297748,-1.112422007,0,-0.060235171,0.015283446,1.0840920403882683,0.5241748653018873,37.04893722194764,0,0.60730131,train_dev
3/2/2022,0.018396204,0.037776988,-0.033248703,0.8972432925649098,0,-0.042947065,0.015595731,1.0600266244868572,-0.124495911,38.05180591025173,0,0.5676375575075984,train_dev
3/3/2022,-0.004978419,0.017300957,-0.04731606,0.647483178,0,-0.047711675,0.015590398,1.0764122566281482,-0.502395978,41.06838167738549,0,0.6064475488440937,train_dev
3/4/2022,-0.00812467,-0.012747002,-0.032310793,-0.057351914,0,-0.055448704,0.014306596,1.0453419469045442,-0.216352906,44.15126287568791,0,0.6183164165167007,train_dev
3/7/2022,-0.02947914,-0.039392621,-0.065232895,-2.670453754,0,-0.083293264,0.01689433,1.130761649091869,0.5226119744401775,38.07959109163931,0,0.6119762770284847,train_dev
3/8/2022,-0.007581718,-0.031931718,-0.069333274,-3.108895127,0,-0.090243476,0.016769968,1.120101724962785,1.2555995975176868,30.93139133767725,1,0.5578346294545102,train_dev
3/9/2022,0.026810811,-0.023932951,-0.052179891,-0.637449088,0,-0.065852166,0.018274752,1.1240462023806757,-0.358539701,39.21061509052063,1,0.5484568553578552,train_dev
3/10/2022,-0.004515571,-0.023478919,-0.070070376,-1.021238979,0,-0.053057954,0.017693542,1.1235078438698782,-1.14792085,42.87998032464339,1,0.6235063136522984,train_dev
3/11/2022,-0.012715051,-0.027998241,-0.065098371,-1.876188385,0,-0.059404389,0.016108302,1.036761629926641,-0.992155223,41.561382598331335,1,0.6474715857525782,train_dev
3/14/2022,-0.007308306,-0.005793577,-0.053262498,-2.144605399,0,-0.066278549,0.016131164,1.0692894877391208,-0.894771986,42.36423277852023,1,0.6279709467227665,train_dev
3/15/2022,0.021990408,0.023831832,-0.029269737,0.096768587,0,-0.045745634,0.017600366,1.0962332744416377,-0.512249205,52.51609825900312,1,0.5453730356132019,train_dev
3/16/2022,0.02217425,0.019208722,-0.02349249,2.370920097478223,0,-0.024585759,0.018090749,1.0994735381593368,0.6942325869141301,54.20883164673413,1,0.5047341540793114,train_dev
3/17/2022,0.012510904,0.03664097,-0.012382445,3.521277170022552,0,0,0.01843808,1.102209989615317,-0.795784887,52.00096432015429,1,0.5982076196363936,train_dev
3/18/2022,0.007821888,0.058204585,0.017068595,4.029468619383939,0,0,0.018213294,1.1332433190851414,-0.678052128,54.62539570875835,1,0.6045140856427849,train_dev
3/21/2022,-0.00029245,0.065683453,0.023397739,3.395083271676472,0,-0.00029245,0.014368089,0.8991120145388669,-1.187669824,59.14688333121745,1,0.649663093,train_dev
3/22/2022,0.011701433,0.054954596,0.046604744,3.799765429476471,0,0,0.013634507,0.8585988777974514,-1.471183986,57.69129634499079,1,0.6644615477621888,train_dev
3/23/2022,-0.0128784,0.018777834,0.051783387,2.076725448569476,0,-0.0128784,0.013263046,0.850735647,-1.189736891,55.07719342286936,1,0.71534906,train_dev
3/24/2022,0.015074358,0.021357154,0.051809479,3.0228324704074256,0,0,0.013336854,0.8554120209646365,-1.775008145,61.06013040328423,1,0.682931118,train_dev
3/25/2022,0.004883571,0.018379376,0.034129069,2.759378390771201,1,0,0.011679176,0.78258346,-1.17074132,73.00774764803542,1,0.579669624,train_dev
3/28/2022,0.007113035,0.025923176,0.04415638,2.5842380604151463,1,0,0.0104655,0.7008579998145925,-1.350326107,77.41980088495578,1,0.5841066805524318,train_dev
3/29/2022,0.012370863,0.026602015,0.07342202,3.0330629985065705,1,0,0.009541076,0.6580412573492787,-0.600103762,75.55389221556888,0,0.5756129801688938,train_dev
3/30/2022,-0.006174846,0.033573682,0.047523351,1.8719837608906575,1,-0.006174846,0.009077795,0.6382842806544403,-0.788220284,74.52746603662138,0,0.5987068092647538,train_dev
3/31/2022,-0.015391323,0.002552776,0.036561015,0.069129325,1,-0.02147113,0.010724243,0.7300279961869405,0.782241253,72.75479313824421,0,0.5569005366154881,train_dev
4/1/2022,0.002834116,0.000508074,0.048013513,0.1663098671290338,1,-0.018697866,0.010559966,0.7282861296510769,-0.405297995,76.57591003255402,0,0.5711376879550079,train_dev
4/4/2022,0.008566634,0.00195214,0.089097108,0.7478898742636383,1,-0.010291409,0.010723696,0.8620250713702257,-1.380227358,74.58661101,0,0.6280691893099866,train_dev
4/5/2022,-0.012631349,-0.022792764,0.083555556,-0.55627457,1,-0.022792764,0.01123064,0.8813467416169578,-0.812943009,63.14622078143658,0,0.670582216,train_dev
4/6/2022,-0.009999335,-0.026553303,0.044711167,-1.609651297,1,-0.032564186,0.010884653,0.913054986,0.7855408620301652,54.72516039535287,0,0.6023903128122328,train_dev
4/7/2022,0.005038968,-0.006354619,0.054738178,-1.076373351,1,-0.027689308,0.009818937,0.8302467389407137,-0.576305704,53.76306003187534,0,0.6341882139608795,train_dev
4/8/2022,-0.002673976,-0.011812241,0.06546528,-1.229418658,1,-0.030289243,0.009661892,0.8520753852846863,-0.477781309,52.76329509906152,0,0.6531998939151218,train_dev
4/11/2022,-0.017092298,-0.036952715,0.054964029,-2.573846951,1,-0.046863828,0.010382329,0.8645193358494648,0.042435772,41.94032338723124,1,0.6775391393363982,train_dev
4/12/2022,-0.003705219,-0.028246458,0.028439355,-2.432237498,1,-0.050395407,0.008768365,0.7836730395372913,-0.169150898,45.06537703743509,1,0.6364911473274236,train_dev
4/13/2022,0.011453604,-0.007188928,0.017653,-0.975480089,1,-0.039519012,0.010190161,0.9825383118964928,-0.661133797,43.37149187592319,0,0.6033641456840063,train_dev
4/14/2022,-0.012451783,-0.024466876,-0.007436461,-1.905030787,1,-0.051478713,0.009840947,0.9457200980809088,0.9152585871387566,37.03897007654839,0,0.5886361099779523,train_dev
4/18/2022,0.000411156,-0.021449159,-0.014734995,-1.534857474,1,-0.051088723,0.009708473,0.9489266447079844,-1.089104643,33.523144746509914,0,0.6369516332843883,train_dev
4/19/2022,0.016142658,0.01163848,0.001462679,0.3198676347603111,1,-0.035770772,0.010953828,1.0046820949087594,-0.2494039,35.22462860211205,0,0.5723274311217399,train_dev
4/20/2022,-0.000741506,0.014647836,-0.010854334,0.3884972313082145,1,-0.036485755,0.01036766,0.9820425006792164,-1.050749058,36.88847235238988,0,0.6155334269839614,train_dev
4/21/2022,-0.014953565,-0.011842729,-0.012933754,-0.923456891,1,-0.050893728,0.010929421,1.021949221092228,0.2737961503381946,37.17415942576503,0,0.5931708989160499,train_dev
4/22/2022,-0.027439164,-0.026839352,-0.054274235,-3.14411076,1,-0.07693641,0.013234917,1.1406942618039888,2.601057500523507,28.89447236180904,0,0.5051988219271442,train_dev
4/25/2022,0.005797578,-0.021599653,-0.053414036,-2.15862491,0,-0.071584877,0.013671735,1.1749719930945874,1.6540448955786555,27.284406616348107,0,0.551828617,train_dev
4/26/2022,-0.028960818,-0.065027863,-0.087319866,-4.47263661,0,-0.098472538,0.015324905,1.1992896259661636,0.781602726,24.655347554781585,1,0.6259144474236465,train_dev
4/27/2022,0.002811824,-0.061703132,-0.095937602,-3.739503553,0,-0.090320471,0.015544101,1.2653858456635547,1.5029624667782513,27.69559249656849,1,0.5288171598022797,train_dev
4/28/2022,0.025259424,-0.023398621,-0.06734249,-0.953858264,0,-0.063463222,0.017621665,1.2577996978511967,0.6518384113092413,35.81099377200107,0,0.5093607385218065,train_dev
4/29/2022,-0.036955658,-0.032954652,-0.08776902,-4.041215695,0,-0.098073555,0.020488757,1.304250808782104,2.241439680220223,29.897140273539023,0,0.5440356429938018,train_dev
5/2/2022,0.006019417,-0.03274136,-0.0848715,-2.932538958,0,-0.092644483,0.020754603,1.3133354151049077,2.2433994849883483,34.729891956782694,0,0.4543206651912557,train_dev
5/3/2022,0.004584057,0.000672915,-0.088485114,-1.828658732,0,-0.076824158,0.01972388,1.2597760405708576,0.064956419,36.89122890989586,0,0.5276521021723518,train_dev
5/4/2022,0.030452952,0.028255087,-0.048710729,1.5355999346855265,0,-0.043920048,0.022933972,1.3217033504800664,1.5417994684251266,42.19006905623149,0,0.4326435692887043,train_dev
5/5/2022,-0.035542815,-0.032724808,-0.073255397,-1.508047203,0,-0.077901821,0.024929956,1.324494706793229,2.133080587170108,38.12400950871631,0,0.5267322543958394,train_dev
5/6/2022,-0.005968923,-0.001601942,-0.083405754,-1.752190238,0,-0.080948232,0.023715703,1.267126304873497,1.3120399569617298,37.104116222760254,0,0.49201464761255126,train_dev
5/9/2022,-0.032017309,-0.039350511,-0.110373796,-4.203617536,0,-0.105316376,0.025087827,1.2724930531802856,1.2802321637022784,28.56881572930953,1,0.5461453973002994,train_dev
5/10/2022,0.002310571,-0.041524569,-0.09281233,-3.58770936,0,-0.103249146,0.023974984,1.2232392787927338,0.5312474496927371,29.252319446971043,1,0.5287184933385567,train_dev
5/11/2022,-0.015886141,-0.084626859,-0.103903808,-4.553949194,0,-0.117495057,0.024121642,1.220946826596352,0.7456809860038021,29.335036030283646,0,0.5533182321953587,train_dev
5/12/2022,-0.001043921,-0.051883715,-0.114975976,-3.824563296,0,-0.118416322,0.021671212,1.1174433019011252,0.1547989002963971,32.80963068761473,0,0.52199867,train_dev
5/13/2022,0.023907835,-0.023386979,-0.082391101,-1.27643679,0,-0.097339565,0.021305421,1.0431200364897455,-0.522274674,37.234346707328704,0,0.5123156135417158,train_dev
5/16/2022,-0.004057553,0.004822061,-0.086489942,-1.328072014,0,-0.101002157,0.021104604,1.034676782048683,-1.405487443,41.49761019649494,0,0.5656150270286858,train_dev
5/17/2022,0.020570372,0.023127615,-0.082509437,0.9022188504679158,0,-0.081828607,0.022339686,1.0816454132362323,-1.284271253,45.57850014820671,0,0.5005587786038724,train_dev
5/18/2022,-0.04031152,-0.002266073,-0.118841492,-2.266871847,0,-0.105465005,0.022220959,1.0029251614403525,-0.237145703,33.22131989172036,1,0.5866466893401648,train_dev
5/19/2022,-0.006124636,-0.007340572,-0.110943706,-2.271940258,0,-0.092294784,0.020137328,0.9129430398097544,-1.007012758,37.97481860862143,1,0.5740608107387047,train_dev
5/20/2022,0.000436502,-0.030095589,-0.085461459,-1.693734972,0,-0.091898569,0.020235189,0.942043122,0.2612050975379352,36.40739525216059,1,0.5432597481815923,train_dev
5/23/2022,0.018710058,-0.007923217,-0.073720567,0.177175191,0,-0.074907938,0.019097852,0.8686502999260398,-1.637404521,39.94834710743804,1,0.5805763515479606,train_dev
5/24/2022,-0.00763378,-0.035339929,-0.053376592,-0.456914111,0,-0.081969888,0.01921411,0.9066124983005646,-1.059355435,29.82214572576021,1,0.6498546614114917,train_dev
5/25/2022,0.008834954,0.014061144,-0.047690944,0.3054321486268266,0,-0.073859134,0.018689682,0.8768096450866864,-0.978274864,39.09525072963654,1,0.5879373991223128,train_dev
5/26/2022,0.019981378,0.040697376,-0.052593441,1.975811219830072,0,-0.055353564,0.019555673,0.9317752228313656,-1.210817362,46.27087198515772,1,0.5457747283825369,train_dev
5/27/2022,0.024549111,0.065780356,0.007912621,4.124510106290953,0,-0.032163334,0.019631187,0.9737274711621232,-1.017613578,61.00734252222075,0,0.5348559685531509,train_dev
5/31/2022,-0.005610943,0.040335584,-0.003739626,3.2079881028255737,0,-0.03759381,0.019703606,0.9771819034818804,-0.579721045,58.755060728744944,1,0.5789033448124294,train_dev
6/1/2022,-0.008088538,0.039858844,-0.016307219,2.340700910994397,0,-0.045378269,0.018990319,0.9395863744451716,-0.860954149,61.07311941083635,1,0.5802708651914313,train_dev
6/2/2022,0.019043434,0.050381257,-0.027198993,3.628576748805167,0,0,0.013227595,0.6806410238038811,-0.990706374,65.01258540093488,0,0.5758977475848018,train_dev
6/3/2022,-0.01641151,0.012903703,-0.007902177,1.3971937572088824,0,-0.01641151,0.014635727,0.809585953,-1.200837561,55.45117428924598,0,0.6836046966923227,train_dev
6/6/2022,0.00304477,-0.008356211,0.001093986,1.1522995634968332,0,-0.013416709,0.014560867,0.8071420799726424,-1.593825115,57.265275707898674,0,0.6807077461848327,train_dev
6/7/2022,0.009592268,0.006805027,0.04412688,1.6526440103574531,0,-0.003953137,0.013923142,0.8459959407469612,-1.460736647,54.86621196222457,0,0.7001904059664162,train_dev
6/8/2022,-0.01087218,0.003979589,0.030394147,0.1232000857044005,0,-0.014782338,0.014275861,0.85388228,-1.149518161,65.05443234836702,0,0.6904963475532635,train_dev
6/9/2022,-0.02378289,-0.038213661,0.022126034,-2.354781196,0,-0.038213661,0.016676081,0.9673244713126172,-0.101496786,58.35658482142858,0,0.6876361766669841,train_dev
6/10/2022,-0.028995616,-0.050518829,-0.006473977,-4.827013697,0,-0.066101248,0.017690387,0.955230879,2.130791346748884,50.10222489476849,0,0.6156450624084043,train_dev
6/13/2022,-0.037968189,-0.089341655,-0.06651399,-7.53161186,0,-0.101559692,0.017623691,0.9069000137922332,2.840944258222539,37.91087579969116,1,0.5934242627874238,train_dev
6/14/2022,-0.003013333,-0.100711983,-0.065535255,-6.913688446,0,-0.104266993,0.017714561,0.9116167979899984,0.3923538094734007,38.72239747634071,1,0.6163916988454594,train_dev
6/15/2022,0.014256292,-0.077865863,-0.071316614,-4.866795953,0,-0.091497161,0.019286288,1.0111587096227772,1.073300798306746,39.97351286,0,0.5344015594342398,train_dev
6/16/2022,-0.033095992,-0.086663013,-0.064334201,-6.829299282,0,-0.121564963,0.018334187,0.9965789398597368,1.3123397990738708,29.69964293215709,1,0.6285460545109504,train_dev
6/17/2022,-0.002154643,-0.061416111,-0.060596724,-5.962365412,0,-0.123457677,0.018568455,1.0099874123186738,0.4858961074912687,21.29909365558912,1,0.61054415,train_dev
6/21/2022,0.025173564,0.000186667,-0.037368786,-2.676544235,0,-0.101391984,0.021547419,1.1091018184295676,-0.608487381,29.63202065848934,1,0.5624631060767052,train_dev
6/22/2022,-0.001812995,0.001390858,-0.056762068,-1.799344262,0,-0.103021155,0.020735452,1.1015175507996906,-0.168782268,30.50509525919361,1,0.568098986,train_dev
6/23/2022,0.009802612,-0.003006329,-0.040188885,0.033339154,0,-0.094228419,0.021673431,1.1413488921954489,-0.525415561,27.173534532791635,0,0.5743612424129316,train_dev
6/24/2022,0.031793895,0.063902905,-0.018345622,3.524965631452407,0,-0.065430413,0.024200325,1.1910564396775654,0.1237296185368913,38.79763469119577,0,0.46752141326755275,train_dev
6/27/2022,-0.003819729,0.06212759,-0.041252375,3.1626565996861906,0,-0.069000216,0.022391345,1.1348855418791106,-0.956240001,37.33071210135427,0,0.5611867487915604,train_dev
6/28/2022,-0.020432847,0.014877223,-0.083345374,0.9033988792340084,0,-0.088023192,0.01960856,1.0261891457559291,-0.246389714,31.63788592360018,1,0.5734570595862498,train_dev
6/29/2022,-0.000814396,0.015892518,-0.078923789,0.6486031612457533,0,-0.088765902,0.019562484,1.0231872497619026,-0.899060479,33.096124370483864,1,0.5643740259921542,train_dev
6/30/2022,-0.00812431,-0.002142517,-0.078957006,-0.117555481,0,-0.096169051,0.019268484,1.007788300197839,0.6315029066647113,35.71175428233903,1,0.5213419269224159,train_dev
7/1/2022,0.010576541,-0.022662018,-0.086609646,0.550437422,0,-0.082984558,0.015626538,0.836867766,-0.616342731,44.44155844155844,1,0.5382094803013823,train_dev
7/5/2022,0.001888574,-0.017061685,-0.069615628,0.3143687805800316,0,-0.081252706,0.01550086,0.8379654830617703,-0.416732494,55.53083280356008,0,0.5327083496840044,train_dev
7/6/2022,0.003377317,0.006830422,-0.069307171,0.4373907505876819,0,-0.078149805,0.013684923,0.7395460185292141,-0.827586738,57.43500317057705,0,0.5421580696173018,train_dev
7/7/2022,0.014977169,0.022742809,-0.064343099,1.5530974490981415,0,-0.054058655,0.014153897,0.7552182647411709,-1.050810175,57.70987557095608,0,0.5411642180474096,train_dev
7/8/2022,-0.000822643,0.030271703,-0.054836827,1.1892674341711422,0,-0.031810482,0.01406195,0.7536637624624254,-0.802162274,71.47873585641833,0,0.5548969374486435,train_dev
7/11/2022,-0.011423573,0.007842829,-0.042870666,0.1859109244179734,0,-0.014996924,0.010326436,0.5699482652368832,-1.199906581,66.72737206337645,0,0.6560823474100828,train_dev
7/12/2022,-0.008848867,-0.002958425,-0.023011801,-0.499293256,0,-0.023713084,0.010573538,0.6194265436088351,-0.97293291,55.86558044806515,1,0.681406054,train_dev
7/13/2022,-0.005251687,-0.011532942,0.010213333,-0.974751607,0,-0.028840238,0.008517188,0.5772934574824286,-0.07859444,54.40301467671559,1,0.6804648550917256,train_dev
7/14/2022,-0.00242853,-0.028484023,0.010805895,-1.152449806,0,-0.031198728,0.008540197,0.5791271663442584,0.2090188564867144,49.84266834487101,1,0.6823568483996424,train_dev
7/15/2022,0.019105078,-0.009107984,0.015638186,0.5288381222853352,0,-0.012689705,0.01007958,0.6710939474590834,-0.199426415,44.22673198040588,1,0.6697275641031274,train_dev
7/18/2022,-0.008256952,-0.005933946,0.04172917,-0.319697266,0,-0.020841879,0.010082376,0.7788120299932422,-1.048394021,42.54937163375224,1,0.7482395252865105,train_dev
7/19/2022,0.027019243,0.03003965,0.072186082,2.098874041529795,0,0,0.013193291,0.9399652383081044,0.05991652,62.37750319556883,0,0.6138314192914119,train_dev
7/20/2022,0.006373161,0.042076921,0.052523529,2.442404205959128,0,0,0.013243173,1.009916180460158,-0.415259995,64.68552819051499,1,0.6330887893616868,train_dev
7/21/2022,0.010183145,0.05525125,0.065172681,3.2230844493681694,0,0,0.012843959,0.9750384079627248,-0.840006289,71.51418298042351,1,0.6261190077678045,train_dev
7/22/2022,-0.009278066,0.025861397,0.04504576,2.0957155408548136,0,-0.009278066,0.013359705,0.9998033374640696,-0.270831373,63.91400442033349,1,0.6496528783349701,train_dev
7/25/2022,0.001214913,0.035659118,0.014074036,1.921085042,0,-0.008074425,0.012551591,1.0994268907837716,-1.508028343,63.73914799111648,1,0.6477407827350651,train_dev
7/26/2022,-0.011831029,-0.003517985,0.005918835,0.4548725328947322,0,-0.019809925,0.012894684,1.1000311390343929,-1.434850508,57.21844293272863,1,0.6876721405351893,train_dev
7/27/2022,0.025966384,0.015882666,0.053566268,2.4784011897552296,1,0,0.014445435,1.2058953330017688,0.6972623057194984,60.50933193790336,1,0.497061122,train_dev
7/28/2022,0.01254239,0.018255222,0.067649997,3.0223997036713826,1,0,0.014271853,1.1751106935331148,0.058852361,64.02321083172143,1,0.5427166311172389,train_dev
7/29/2022,0.014578767,0.042775064,0.092087475,3.816874683439056,1,0,0.013923515,1.152875247,1.4189934113533165,71.85138539042816,1,0.4740822588598672,train_dev
8/1/2022,-0.002961237,0.038425563,0.077457769,2.7631496653949488,1,-0.002961237,0.013374942,1.1056346096001417,-0.154912869,74.40495598304528,1,0.5552972696709242,train_dev
8/2/2022,-0.006597366,0.043925401,0.068331762,1.6835117516894995,1,-0.009539066,0.012049493,0.9784616008668752,-0.694446613,73.55358581788879,1,0.5853060369965041,train_dev
8/3/2022,0.015659462,0.033438061,0.081409002,2.771826459560792,1,0,0.012596495,0.99837296,-0.264959262,77.05864928909946,1,0.5355806322083726,train_dev
8/4/2022,-0.000675594,0.0199473,0.064731741,2.3121958449643074,1,-0.000675594,0.012563025,1.0145122605895955,-2.021549442,73.96830637173983,1,0.6283004454351444,train_dev
8/5/2022,-0.001690127,0.00359232,0.063807343,1.6776179890224476,1,-0.00236458,0.011892461,0.9590922834391684,-0.990113112,77.12564543889845,1,0.5989150861617296,train_dev
8/8/2022,-0.001160906,0.005404484,0.074851001,1.1263742990768684,1,-0.003522741,0.011991379,1.0018813066956465,-1.17840036,71.46705346042269,1,0.6268961537875858,train_dev
8/9/2022,-0.00397104,0.00806254,0.080140745,0.2226900174448742,1,-0.007479792,0.011029529,0.938866292,-1.699497174,67.48945147679325,1,0.668990274,train_dev
8/10/2022,0.021004011,0.013367113,0.108650318,1.8574882800468675,1,0,0.010058768,0.8293254262300918,0.1265559787732281,70.37677816224527,1,0.5794207125016329,train_dev
8/11/2022,0,0.014052201,0.1113492630520494,1.514781629254341,1,0,0.009745561,0.8080893018595527,-0.509848135,75.76572847682124,1,0.6298136342300419,train_dev
8/12/2022,0.016928974,0.032964907,0.1089761898579702,2.8576657980801152,1,0,0.010067617,0.8432766501207714,-0.259227244,78.68971792538674,0,0.5632322407662836,train_dev
8/15/2022,0.004120815,0.038427081,0.122817123,2.8335207640459155,1,0,0.009796023,0.85073177,-0.870446923,86.48856428983284,0,0.5963353097394576,train_dev
8/16/2022,0.001958681,0.044609214,0.095418972,2.503059347768524,1,0,0.009079949,0.8728890512847438,-0.352353311,83.54400749063673,0,0.5679678794441996,train_dev
8/17/2022,-0.007097975,0.01585752,0.080755883,1.4801618354672643,1,-0.007097975,0.009023748,0.8422365006250107,0.067369335,75.25773195876289,0,0.5915227532057414,train_dev
8/18/2022,0.002906364,0.018809972,0.072970736,1.444052736018817,1,-0.004212241,0.008934862,0.8417901477162602,-1.138407197,72.04658901830283,0,0.6214964556329263,train_dev
8/19/2022,-0.013438033,-0.011613205,0.068465413,-0.124448146,1,-0.01759367,0.010327643,0.9461150837774032,0.550301047,64.00591278640063,0,0.6083212703710068,train_dev
8/22/2022,-0.020822476,-0.036165648,0.044947797,-2.212433345,1,-0.038049802,0.012636267,1.0371408344482629,1.2624929494372807,55.66745232483397,0,0.5947854528945712,train_dev
8/23/2022,-0.002419257,-0.040377007,0.054900356,-2.472079129,1,-0.040377007,0.012589355,1.0681924531442624,-1.160266231,47.45639534883724,0,0.6743657440954804,train_dev
8/24/2022,0.003201164,-0.030423063,0.031493118,-2.013406921,1,-0.037305097,0.010408307,0.9962036034701628,-1.065133853,49.40926275992439,0,0.6442216706247706,train_dev
8/25/2022,0.014117533,-0.019584473,0.033097742,-0.618778457,1,-0.023714219,0.011526624,1.0935764961372012,-0.820908968,56.363253265908114,0,0.5934636833039932,train_dev
8/26/2022,-0.033849014,-0.03986829,-0.016213986,-3.484520518,1,-0.056760531,0.014108965,1.106398253870928,3.142271240043613,43.72343903,0,0.5175913114475311,train_dev
8/29/2022,-0.006612223,-0.025934438,-0.019816442,-3.520080514,1,-0.06299744,0.013730007,1.0716828950646282,0.3586358628371298,42.99260687881706,0,0.5624052696237424,train_dev
8/30/2022,-0.010977821,-0.034291257,-0.024138607,-3.853722255,1,-0.073283686,0.013482512,1.0410839096094724,1.6572599973632975,31.224137931034434,0,0.5467314415301915,train_dev
8/31/2022,-0.007609051,-0.044697464,-0.046495355,-3.854762739,1,-0.080335118,0.013481791,1.0876792929993455,0.9436048255392464,29.67393085,1,0.5475562263338949,train_dev
9/1/2022,0.003137811,-0.055040404,-0.042856798,-2.808935047,1,-0.077449383,0.01350192,1.0844407200911252,1.0213191383714644,22.18999274836834,1,0.546620232,train_dev
9/2/2022,-0.010544372,-0.032246922,-0.051345926,-3.123587569,1,-0.0871771,0.013391724,1.0635649642147984,2.0327541131282114,18.200764154220167,1,0.5218708004201863,train_dev
9/6/2022,-0.0037732,-0.029481161,-0.053826969,-2.947634044,1,-0.090621364,0.012527462,0.9950590415334416,0.581411519,16.55788388869803,1,0.564757554,train_dev
9/7/2022,0.017964991,-0.001079832,-0.032988939,-0.845275456,0,-0.074284384,0.014580572,1.0879989058437574,0.1672994332621973,26.78887280913328,0,0.5838749520618528,train_dev
9/8/2022,0.006536276,0.013158561,-0.046691588,0.1345531484936577,0,-0.068233651,0.014787417,1.1852681389994904,0.7455265419468504,28.355625491738778,0,0.554980217,train_dev
9/9/2022,0.015535242,0.025679835,-0.031881711,2.0195658773908427,0,-0.053758436,0.014977056,1.143648908234824,0.4350845268791412,37.863167760074994,0,0.5346267333897147,train_dev
9/12/2022,0.010747664,0.047751377,-0.037766331,2.969805846405943,0,-0.04358855,0.010847257,0.8538322363772546,-0.059204171,48.00335570469799,0,0.5479060963936101,train_dev
9/13/2022,-0.043482493,0.00598833,-0.083383855,-1.271837735,0,-0.085175704,0.017876914,1.142575199305604,2.570726249782975,37.41336471819015,0,0.5164506262854855,train_dev
9/14/2022,0.003815823,-0.007994369,-0.081684896,-0.805172409,0,-0.077800369,0.017685169,1.127144226754845,0.5308789392730399,37.56033920417483,0,0.5204436182604961,train_dev
9/15/2022,-0.011353269,-0.025625656,-0.085620532,-1.806457134,0,-0.08827035,0.017884629,1.1347210259516385,0.604618533,30.48213574,0,0.5625757279429903,train_dev
9/16/2022,-0.011688711,-0.051746188,-0.098927294,-2.688214108,0,-0.086653717,0.018103672,1.149755524874433,1.2886812575324973,34.95811119573497,0,0.5339974042789366,train_dev
9/19/2022,0.007754954,-0.05455386,-0.079570759,-1.84214914,0,-0.073800386,0.018138963,1.1432640118840345,-0.310715544,39.32686476652519,0,0.5704426699249445,train_dev
9/20/2022,-0.011478574,-0.022920376,-0.070787468,-2.805086354,0,-0.084431837,0.018440718,1.1914276701610076,-0.095888904,39.30303030303032,0,0.5842424792849565,train_dev
9/21/2022,-0.017443828,-0.043613786,-0.084782345,-4.005229742,0,-0.100402851,0.017656892,1.118816857816921,1.3564897311130726,37.23266829338311,0,0.5428963934323675,train_dev
9/22/2022,-0.008399799,-0.04075669,-0.095365871,-4.17392195,0,-0.107959286,0.017188173,1.094471274954796,0.3313180366303311,34.49720670391065,0,0.5580439890672705,train_dev
9/23/2022,-0.01675485,-0.045673825,-0.122905294,-4.837645963,0,-0.104679174,0.015519994,1.0177300410863803,2.069165151719235,33.51879495182523,0,0.5074701885191003,train_dev
9/26/2022,-0.009892648,-0.062385793,-0.101157139,-4.628143742,0,-0.113536268,0.013751215,0.9921830919877748,0.3381949874143119,32.56427158866185,1,0.5786559600832762,train_dev
9/27/2022,-0.002552771,-0.053919654,-0.097484042,-4.125672463,0,-0.115799207,0.008324187,0.600248302,1.174046550854918,25.34403669724776,1,0.5782722208295262,train_dev
9/28/2022,0.019676372,-0.018177482,-0.069511062,-1.614402167,0,-0.098401343,0.011635562,0.7843129277596737,1.201267212781377,29.915220024222847,1,0.5166464612146494,train_dev
9/29/2022,-0.020888997,-0.030543531,-0.08196265,-2.965413759,0,-0.117234835,0.012464796,0.8136967339024602,1.1940345132004218,21.113015956745343,1,0.5928955671173559,train_dev
9/30/2022,-0.015463491,-0.029270281,-0.098985924,-3.735186867,0,-0.130885466,0.012672376,0.821971059,2.648525567305709,15.103152977812371,1,0.5236783561375405,train_dev
10/3/2022,0.026401254,0.006313305,-0.065342647,-0.605945587,0,-0.107939752,0.016085775,0.9533404513527032,-0.263988563,30.700859682354647,0,0.5150910435467363,train_dev
10/4/2022,0.030986607,0.040150806,-0.032731088,2.644249700597183,0,-0.080297832,0.019605085,1.0583427523263471,0.3147462660584024,39.40629379538795,0,0.46566200089118376,train_dev
10/5/2022,-0.002328227,0.017704369,-0.052013676,2.413614229107297,0,-0.082439107,0.018799667,1.0473982230593923,-0.467356277,41.30057417545733,0,0.5428643289234373,train_dev
10/6/2022,-0.01031584,0.028694286,-0.067885509,1.3852176440705104,0,-0.091904519,0.018905145,1.056318737459098,-0.750830142,41.67340339531123,0,0.5473946759563282,train_dev
10/7/2022,-0.027893891,0.015706367,-0.107747172,-1.304460193,0,-0.117234835,0.020273282,1.1189753134498357,0.4203657042853987,34.223419892209705,0,0.5176852668598894,train_dev
10/10/2022,-0.007635271,-0.017975505,-0.123974986,-1.943588012,0,-0.087633046,0.020178419,1.139360571834117,-1.206445077,34.94684177611006,1,0.5750713481272274,train_dev
10/11/2022,-0.006332982,-0.053522766,-0.089951666,-2.414673534,0,-0.093411049,0.020246007,1.3128164297586151,-0.301133419,36.99192374,1,0.563420455,train_dev
10/12/2022,-0.003298485,-0.054443236,-0.096401419,-2.364490204,0,-0.086024813,0.018846331,1.2318430551728854,-1.079449449,37.99292901822137,1,0.5929786754745313,train_dev
10/13/2022,0.02639107,-0.01937299,-0.06190403,0.1250297527037324,0,-0.058113499,0.019947005,1.1924021038534285,2.1132539254955347,48.708920187793446,0,0.4197396031528553,train_dev
10/14/2022,-0.022788753,-0.014223104,-0.072440087,-2.168739297,0,-0.079577918,0.020739623,1.2052928769133793,0.9716693299101762,45.89579749324157,1,0.5385149906104522,train_dev
10/17/2022,0.025696949,0.01888784,-0.055925878,0.3394615117389088,0,-0.04496342,0.020642173,1.1300807907399133,-0.442470077,51.91878625613565,1,0.5101681179827954,train_dev
10/18/2022,0.011749632,0.037429418,-0.033742092,1.7087107250030713,0,-0.018096674,0.018212687,0.9888821995452792,-0.315687681,50.34562211981567,1,0.5725328633812257,train_dev
10/19/2022,-0.007086466,0.03348665,-0.023556533,1.2262523486688126,0,-0.025054899,0.018293609,1.0112636701329614,-1.050838893,53.494919818827256,1,0.6271580401168367,train_dev
10/20/2022,-0.008385346,-0.00153018,-0.023542301,0.5926933273137256,0,-0.033230151,0.018207863,1.006540882240872,-0.651176734,55.197675887331066,1,0.6215221491448606,train_dev
10/21/2022,0.02430147,0.046584459,0.017230602,2.7120774299066808,0,-0.009736222,0.017410812,0.939302576,1.277341693558322,54.884253370643606,1,0.5221451842423299,train_dev
10/24/2022,0.012236501,0.032849899,0.039965963,3.433872429646286,0,0,0.017161204,0.9270890061876182,-0.760600024,50.62639198218261,1,0.653033718,train_dev
10/25/2022,0.015968538,0.037156791,0.05927679,4.311536272729743,0,0,0.016936552,0.9044101458572088,-0.965593685,55.08375535644724,0,0.6508861373019664,train_dev
10/26/2022,-0.007534033,0.036689281,0.031009635,2.8162645738462038,0,-0.007534033,0.017285383,0.9373165099464862,0.151883157,55.80110497237568,0,0.6304520828063944,train_dev
10/27/2022,-0.005340035,0.039873019,0.047382783,1.883058904913978,0,-0.012833836,0.016221126,0.9136411410886351,-0.744639461,62.70509977827051,0,0.6567600634455657,train_dev
10/28/2022,0.023790726,0.039354511,0.089142729,3.4363566748915115,0,0,0.014283643,0.8007660305310084,0.2045250525295475,69.61580086580088,0,0.6006870644638818,train_dev
10/31/2022,-0.007223279,0.0193734,0.053462808,2.162498181385325,0,-0.007223279,0.013670465,0.7933244287369796,-0.006188136,69.12021490933512,0,0.6450375777546877,train_dev
11/1/2022,-0.004375858,-0.001039177,0.017329418,1.3564450911238028,0,-0.011567529,0.013769013,0.8633534589184718,-0.546736959,68.64994663820704,0,0.639057994,train_dev
11/2/2022,-0.025096224,-0.018716298,-0.005887189,-1.352855575,0,-0.036373451,0.016276696,0.9587885740165994,1.4459947661916923,55.91755319148936,0,0.6117627372990019,train_dev
11/3/2022,-0.010296903,-0.023606506,-0.005868167,-2.512277604,1,-0.04629582,0.016420641,0.967301639,-0.545278433,59.45984162895929,1,0.5795037595531679,train_dev
11/4/2022,0.014393143,-0.03256902,0.037376995,-1.162622742,1,-0.03256902,0.015151388,0.950452179,0.2855688788729419,57.12576641244208,1,0.5563130022175562,train_dev
11/7/2022,0.009565564,-0.016208798,0.055358036,-0.245480919,1,-0.023314997,0.014946646,0.9423934174279702,-1.423991324,56.66565900846433,1,0.6364430909764885,train_dev
11/8/2022,0.005395447,-0.006553625,0.067814614,0.369686253,1,-0.018045345,0.014070072,0.8950198934940943,-0.600393034,60.292772186642274,1,0.6161004586086697,train_dev
11/9/2022,-0.020602094,-0.001974018,0.049276419,-1.493928447,1,-0.038275667,0.015328776,0.9255244873113212,-0.905133876,56.196702671972695,1,0.6542848262439958,train_dev
11/10/2022,0.05495416,0.063825773,0.078476378,3.518457806045511,1,0,0.023526075,1.1961780617865432,2.249647886696802,62.43295953193563,0,0.36439328464429616,train_dev
11/11/2022,0.009678482,0.05888136,0.1143080837737327,4.260852275105682,1,0,0.022616039,1.212195557048679,-0.078690957,62.08169291338582,0,0.5517109449611115,train_dev
11/14/2022,-0.008506687,0.039926306,0.077149556,3.133523876642782,1,-0.008506687,0.022681771,1.240744167885858,-1.145413007,56.48689900788602,0,0.6121700856298485,train_dev
11/15/2022,0.008529054,0.043167539,0.073720799,3.635257157123837,1,-5.02E-05,0.022613422,1.2410028132633797,-0.044239821,60.41218864584653,1,0.534252733,train_dev
11/16/2022,-0.007628799,0.05698554,0.073134328,2.297126005639325,1,-0.007678603,0.020729387,1.1365285080258287,-1.243164162,59.65788487951054,1,0.6132376443905977,train_dev
11/17/2022,-0.003059805,-0.001140135,0.078897677,1.3749283221863178,1,-0.010714913,0.020235177,1.1184656254130845,-0.892309318,53.611956822585135,1,0.639705594,train_dev
11/18/2022,0.004540381,-0.006223181,0.058083304,1.322465019533794,1,-0.006223181,0.020034682,1.148078200924102,0.1095969087032218,56.89219539584504,0,0.573498739,train_dev
11/21/2022,-0.003636088,-0.001341365,0.041491805,0.577327471,1,-0.009836641,0.02015598,1.1605424618914952,-1.855102725,57.09254824623186,1,0.6426399987134058,train_dev
11/22/2022,0.013457006,0.003538357,0.038917178,1.467845679560541,1,0,0.020379462,1.179943343896164,-1.304552894,68.77719429857463,1,0.5634360851073833,train_dev
11/23/2022,0.006301575,0.01762549,0.053400346,1.379539683179491,1,0,0.018330261,1.0691885915230213,-0.849395842,74.04685346807535,1,0.5621762247811161,train_dev
11/25/2022,-0.000223647,0.020520495,0.058818885,1.162159172055884,1,-0.000223647,0.007624475,0.4470500212231505,-2.148947192,71.62837163,1,0.6784399945111839,train_dev
11/28/2022,-0.01595705,-0.000303007,0.017711172,-0.386968861,1,-0.016177128,0.008932834,0.5311210132553206,-0.576425911,62.69083969465652,1,0.6400250602850165,train_dev
11/29/2022,-0.001717562,0.001621937,0.023355169,-0.560812562,1,-0.017866905,0.008514913,0.5092118821477525,-1.093903374,60.75434888635995,0,0.6442476805694644,train_dev
11/30/2022,0.031500645,0.019454864,0.060230937,2.3349682964420637,1,0,0.012980885,0.7227320146753947,2.107388657298948,75.38205477379333,0,0.43202609836213696,train_dev
12/1/2022,-0.000735871,0.012325431,0.086723397,1.9543460361237348,1,-0.000735871,0.012568124,0.751070224,-0.150347845,63.84464324678159,0,0.6237800401204276,train_dev
12/2/2022,-0.001153714,0.01138369,0.09676289,1.5148264386111103,1,-0.001888736,0.012479358,0.7592619840880496,0.1803900099050207,59.88700564971756,0,0.63240469,train_dev
12/5/2022,-0.017989236,0.009295042,0.06175103,-0.399806577,1,-0.019843995,0.014141078,0.8307877218023031,-0.067915685,54.81577246283125,0,0.6461583991800888,train_dev
12/6/2022,-0.014414775,-0.003542241,0.036531123,-1.816921704,1,-0.033972724,0.014921658,0.8582950416827095,-0.060780719,45.22540983606555,1,0.6437069759809245,train_dev
12/7/2022,-0.001701242,-0.03561617,0.02921466,-1.818980931,1,-0.03561617,0.014141749,0.813523005,-0.475255766,47.533922033168245,1,0.6400403636905382,train_dev
12/8/2022,0.007833961,-0.027345476,0.059097105,-0.896890147,1,-0.028061224,0.014244918,0.857119053,-0.62889148,52.07039337,0,0.635824258,train_dev
12/9/2022,-0.00747022,-0.033496351,-0.003572424,-1.414064439,1,-0.035321821,0.014359133,1.2609216587104224,0.2955060069108566,47.22053769961593,0,0.570638199,train_dev
12/12/2022,0.014417209,-0.001601642,0.001104113,-0.068883462,1,-0.021413854,0.014333697,1.2305012611277113,0.070404379,54.05959031657357,0,0.5198120572632792,train_dev
12/13/2022,0.007569871,0.020668816,0.017336505,0.5178807648931422,1,-0.014006083,0.014448775,1.2481060075218853,1.9090485461189124,52.01322699863845,0,0.47510600027344063,train_dev
12/14/2022,-0.006393512,0.015871401,0.002283621,0.08244147,1,-0.020310047,0.010106246,0.8756530926990337,1.2107380117242927,47.06568208317136,0,0.553289628,train_dev
12/15/2022,-0.024461693,-0.016681809,-0.014717411,-1.929543716,1,-0.044274922,0.012318396,0.9702181207840074,1.4101132790191675,39.61400065,0,0.5780568924542632,train_dev
12/16/2022,-0.016323178,-0.025452604,-0.02782569,-2.952913413,1,-0.059875392,0.012801981,0.972357455,1.3358619920460948,39.65291421087097,0,0.5512516723971498,train_dev
12/19/2022,-0.008479662,-0.047449555,-0.04042623,-3.296647369,1,-0.067847331,0.012139698,0.9209039325132536,-0.048915291,38.05184603299292,1,0.5891754363282825,train_dev
12/20/2022,0.001368349,-0.053312436,-0.035606579,-2.835724098,1,-0.066571821,0.011792357,0.8935804948259587,-0.291153461,23.76256767208052,0,0.6219714424378008,train_dev
12/21/2022,0.014952436,-0.032974462,-0.034183546,-1.208073605,1,-0.052614796,0.013150961,0.9894476166077276,-0.190459457,31.48310278410092,0,0.5631949506273852,train_dev
12/22/2022,-0.014266111,-0.022867849,-0.053923761,-2.229321445,1,-0.066130298,0.013227746,0.9843418987094876,0.5637959244931721,28.930008045052347,1,0.567890407,train_dev
12/23/2022,0.005752259,-0.000939286,-0.048268834,-1.404352618,1,-0.060758438,0.013490426,0.9947535847059272,-1.078631594,35.37355313924945,0,0.5704715240656484,train_dev
12/27/2022,-0.003943485,0.003631388,-0.036649744,-1.347356114,0,-0.064462323,0.012096518,0.917119917,-1.330977936,38.222474891036605,1,0.6657921879748129,train_dev
12/28/2022,-0.012427897,-0.010196037,-0.0469853,-1.931378522,0,-0.076089089,0.01153358,0.8605479263696582,-0.634791057,35.48557353976078,1,0.6571206120146018,train_dev
12/29/2022,0.018000319,-0.007223675,-0.059458399,0.2504693031305969,0,-0.058765772,0.013881107,1.170316520908388,-0.755457012,39.42847703997359,1,0.5706170213773935,train_dev
12/30/2022,-0.00263405,0.00449149,-0.061245029,0.1749781277340349,0,-0.060160724,0.011874149,1.0020750504006637,0.050566027,40.74074074074079,1,0.5795029323696599,train_dev
1/3/2023,-0.004209921,-0.005458202,-0.064117372,-0.182691728,0,-0.052615867,0.01079698,0.9116757672077856,-0.367227523,33.37612323491659,1,0.6333645803241466,train_dev
1/4/2023,0.007720183,0.006187729,-0.039615606,0.4894066631578195,0,-0.045301888,0.010696325,0.9261214797060768,0.1473622118645089,33.27823691460054,1,0.6115168931633219,train_dev
1/5/2023,-0.011413383,0.007221367,-0.036690958,-0.627332853,0,-0.056198224,0.011392586,0.9995528712142856,-0.283436092,32.207607536437976,1,0.6548131264053495,train_dev
1/6/2023,0.022932152,0.012100981,-0.012920948,1.6022620169651285,0,-0.034554818,0.012771502,1.0080464073480797,0.9338043240622448,48.59576010146765,1,0.5308530410194136,train_dev
1/9/2023,-0.000566893,0.014198677,-0.021148799,1.3552005100947486,0,-0.035102122,0.011694905,0.9345122721512896,-0.565548099,54.67889908256885,1,0.6099132068906831,train_dev
1/10/2023,0.00701284,0.025628906,-0.006865338,1.8618248961378696,0,-0.028335448,0.011747467,0.9368760474898216,-0.93003783,60.882110469909335,1,0.6039013299942678,train_dev
1/11/2023,0.012647857,0.030644153,-0.008597569,2.771707639020606,0,-0.016045974,0.011976793,0.9630963230591872,-0.73682586,64.14809217982622,0,0.5793562922385421,train_dev
1/12/2023,0.003640777,0.046338763,-0.012463617,2.604663425376664,0,-0.006109164,0.01056656,0.8566667776389514,0.4019880224723283,61.01868967,0,0.5722419894433594,train_dev
1/13/2023,0.003879484,0.026850134,-0.00225338,2.6033178076619032,0,0,0.009580167,0.7793578906342361,-0.904031219,69.87924865831843,1,0.6232146291272123,train_dev
1/17/2023,-0.00183187,0.025550456,0.020891615,2.0124486116489613,0,-0.00183187,0.009522553,0.8746381361287024,-0.914240538,67.17521960240404,1,0.6546165861314754,train_dev
1/18/2023,-0.015788018,0.002329868,0.021447022,0.1278805084529161,0,-0.017590966,0.011187452,1.0317731693705547,1.6335711441831222,60.50385175931716,1,0.6029836269953729,train_dev
1/19/2023,-0.007279879,-0.017394822,0.022683017,-0.724944952,0,-0.024742785,0.011460205,1.0620900813240126,0.699895034,62.98222800173382,1,0.6213448717292123,train_dev
1/20/2023,0.018629065,-0.002720677,0.040311137,0.7000264544881081,1,-0.006574655,0.011685879,1.018387158131791,0.9547553556636276,63.34763948497855,1,0.5130570454637292,train_dev
1/23/2023,0.011998585,0.005345044,0.037283484,1.5839932248601016,1,0,0.010164192,0.8980645704440163,0.4104925882967014,68.07707588398887,0,0.5358392330777938,train_dev
1/24/2023,-0.00107331,0.006109058,0.051166211,1.1584436462538332,1,-0.00107331,0.010186471,0.9525594366845892,-1.161270649,69.71114727420668,1,0.6202116908802894,train_dev
1/25/2023,0.000374813,0.022631485,0.045545951,0.9470642521066956,1,-0.000698899,0.01012531,0.9483568646783674,0.5355535034587354,67.88872115591981,1,0.5535314230302284,train_dev
1/26/2023,0.010990383,0.041452244,0.061221814,1.819544824498073,1,0,0.009953198,0.926714712,-0.48623266,77.34425522741972,1,0.5484991437283984,train_dev
1/27/2023,0.002297715,0.024754976,0.077045611,1.8301208115685916,1,0,0.009942962,0.9833654008294652,-0.783746089,72.78612118073539,1,0.6010452941922221,train_dev
1/30/2023,-0.012546835,-9.98E-05,0.044726685,0.4997516294612521,1,-0.012546835,0.010944687,1.0777702152044266,-0.356612118,64.63554840193142,1,0.6069300463209808,train_dev
1/31/2023,0.014703313,0.015692154,0.062887326,1.7550798685254738,1,0,0.011759073,1.1249807083766574,0.6429197539179703,67.03814830690098,1,0.5246910234715061,train_dev
2/1/2023,0.010627829,0.026102161,0.078724857,2.3418036870951755,1,0,0.010113502,0.9694079063739892,1.5883881551774894,66.59426585577756,0,0.5133819520040362,train_dev
2/2/2023,0.014556962,0.029722051,0.08604336,3.1087493258521413,1,0,0.009539302,0.8935774252195328,1.4582445359308591,69.59272439699481,0,0.5069015976460771,train_dev
2/3/2023,-0.010629109,0.01644153,0.08690495,1.598823242440154,1,-0.010629109,0.010067544,0.9483053725345406,0.8916746417828054,62.95118758,0,0.5912750068136639,train_dev
2/6/2023,-0.006111313,0.023065978,0.056045145,0.7495433660864146,1,-0.016675464,0.010123533,1.024184145688657,-1.350325753,60.91205211726383,1,0.6380304403869526,train_dev
2/7/2023,0.013078594,0.021427869,0.070463569,1.6924659547369374,1,-0.003814962,0.010575682,1.0460697187430616,0.7312454473476296,71.80714022819282,0,0.5188562026137149,train_dev
2/8/2023,-0.010934753,-0.000365141,0.05138512,0.3273802252571339,1,-0.014707999,0.011535974,1.0919884900268986,-0.338271945,69.64126360878097,1,0.5938160053097747,train_dev
2/9/2023,-0.008669183,-0.023249676,0.029252629,-0.599203016,1,-0.023249676,0.011622695,1.0997635311709386,-0.201439189,60.70678127984715,1,0.5972647840847393,train_dev
2/10/2023,0.002333636,-0.010452286,0.027912132,-0.424618088,1,-0.020970296,0.011623271,1.1008520416719052,-0.704853481,57.63130792996911,0,0.5992556164528821,train_dev
2/13/2023,0.011739045,0.007320108,0.035959849,0.4442779145701659,1,-0.009477422,0.011086404,1.026715347154893,-1.137944677,61.93536193536191,0,0.5970568693668233,train_dev
2/14/2023,-0.000460238,-0.006141766,0.037383413,0.2478013701958072,1,-0.009933298,0.010329544,0.9584063678024408,0.4977245662213814,61.60528800755426,0,0.5723087672909777,train_dev
2/15/2023,0.003247383,0.008109095,0.057447189,0.4957056644446568,1,-0.006718173,0.009862211,0.9919243397008262,-1.382174872,59.25035077169774,0,0.6478767437039883,train_dev
2/16/2023,-0.013768781,0.002923187,0.0505352,-0.683065426,1,-0.020394453,0.009539305,0.9184582903533356,-0.227049443,52.37833882,0,0.6493527021410077,train_dev
2/17/2023,-0.002498285,-0.001911577,0.028746085,-0.808370618,1,-0.022841787,0.009058114,0.9324673028550312,0.7670166891660964,56.5922119,0,0.5694931243853651,train_dev
2/21/2023,-0.020060895,-0.033282465,-0.003843946,-2.543314489,1,-0.042444455,0.010803681,1.0291549206478412,0.2657493443071477,43.01115944770188,0,0.6234075100977494,train_dev
2/22/2023,-0.001378135,-0.034170221,-0.004147926,-2.280306002,1,-0.043764096,0.009340887,0.8896700563340596,0.2736500350012621,37.515274949083526,0,0.6122352830973357,train_dev
2/23/2023,0.005319416,-0.032175467,0.000774322,-1.519266741,1,-0.03867748,0.009422632,0.8914177954058928,1.2079712723906582,32.18390804597709,0,0.5828414980632382,train_dev
2/24/2023,-0.010682374,-0.029146664,-0.020679432,-2.314118836,1,-0.048946687,0.009590996,0.9129926616456984,1.838520343501387,32.29097361,1,0.5638807786062382,train_dev
2/27/2023,0.003405823,-0.023400285,-0.019596726,-1.73173329,1,-0.045707568,0.009658294,0.9175504842533716,-0.219563101,36.22495446265947,1,0.6007846150509872,train_dev
2/28/2023,-0.003695975,-0.007091132,-0.010809057,-1.692459599,1,-0.049234608,0.008259518,0.8103016874281411,0.8820178928058374,26.355233574818968,1,0.6030324920731098,train_dev
3/1/2023,-0.003835865,-0.009534802,-0.02888211,-1.632726294,1,-0.052881616,0.008164613,0.8538782998345815,1.0437412017162404,28.505809240745847,1,0.5727933052867459,train_dev
3/2/2023,0.007777271,-0.007113263,-0.031621227,-0.466629136,1,-0.04551562,0.008741041,0.9306408975197392,0.07909112,37.29463307776568,0,0.555274984,train_dev
3/3/2023,0.016037807,0.019703315,-0.030207783,1.2332630376741265,1,-0.026493894,0.010007902,1.0500283776186934,0.4937331130175599,45.411203814064336,0,0.49222505089487933,train_dev
3/6/2023,0.000692744,0.01694617,-0.019109979,1.3742302380779476,1,-0.025819504,0.010004316,1.0765543079128497,-0.770349943,38.83547008547018,0,0.5896296267492499,train_dev
3/7/2023,-0.015328702,0.005072427,-0.028206817,-0.159185771,1,-0.040752427,0.009050129,0.925412462,1.8011564687593835,33.46375143843504,0,0.5422147055823239,train_dev
3/8/2023,0.001632059,0.010589249,-0.039186878,-0.005765235,1,-0.036378569,0.009055496,0.9835672188292092,-0.730502815,32.390084190832624,0,0.5967448144651543,train_dev
3/9/2023,-0.018449814,-0.015711018,-0.046487276,-1.62624707,0,-0.054157206,0.010540427,1.0831870250846962,1.817236860917284,31.179648806843844,1,0.6043552174266215,train_dev
3/10/2023,-0.014429462,-0.045226255,-0.052027807,-2.790022822,0,-0.067805208,0.010933005,1.0922489378044928,3.618381269,28.23649337410815,1,0.5413108252797546,train_dev
3/13/2023,-0.001425203,-0.047247015,-0.055582786,-2.625148769,0,-0.069133775,0.010742254,1.0799697654612643,2.0431937897907653,33.42988172821636,1,0.5593688440453597,train_dev
3/14/2023,0.016529998,-0.016421021,-0.051110627,-0.902108799,0,-0.053746558,0.012395064,1.1959146482838734,1.568244586765715,42.79365079365081,1,0.5054485668592471,train_dev
3/15/2023,-0.006254308,-0.024165246,-0.05661109,-1.385687144,0,-0.059664718,0.012478126,1.201734241,1.938138226914596,38.041193778898695,1,0.5398378840782956,train_dev
3/16/2023,0.017545212,0.011620186,-0.043166337,0.3877540676161926,0,-0.029807975,0.013601314,1.2058477164858317,1.009079512076249,49.73070017953323,0,0.5132000192092812,train_dev
3/17/2023,-0.015450254,0.010572413,-0.044797688,-0.806287517,0,-0.042405343,0.013019585,1.1444255317297058,0.8294062277518389,42.95081967213117,1,0.5942484092847812,train_dev
3/20/2023,0.009615631,0.0217459,-0.033197466,0.4215901062774239,0,-0.026528544,0.013629845,1.166960621381615,-0.543504907,47.79643231899268,1,0.5972879548571663,train_dev
3/21/2023,0.013130492,0.018328951,-0.000451026,1.723570767382976,0,-0.013746384,0.013648258,1.2107178622521235,-0.606405426,53.427585073154695,0,0.6059527169198368,train_dev
3/22/2023,-0.017046452,0.007269831,-0.016133889,0.1634863463356033,0,-0.030558509,0.014676645,1.2329937066814924,-0.059184706,45.58550185873608,1,0.6407052219619876,train_dev
3/23/2023,0.002703323,-0.007422181,-0.018694155,0.3929719557440517,0,-0.027937795,0.013455617,1.1357493724792371,0.1333461078025193,40.69885212694131,1,0.6249860208112324,train_dev
3/24/2023,0.006562047,0.014769609,-0.001589384,0.7984921615322875,0,-0.021559077,0.012470489,1.0637642795646651,-0.21247729,42.91517712057199,1,0.6382702642020222,train_dev
3/27/2023,0.001869867,0.006984304,-0.003117693,0.7014995123537062,0,-0.019729523,0.012395887,1.0590778876744504,-1.199194237,48.41298145506422,1,0.6702329152604375,train_dev
3/28/2023,-0.002244697,-0.008297611,-0.001665573,0.3767935754792417,0,-0.021929933,0.011494617,0.9836758086579296,-1.406822165,47.05255681818184,1,0.697624801,train_dev
3/29/2023,0.014534884,0.023564816,0.016745199,1.5248329210112312,0,-0.007713798,0.011900951,0.9847945010627212,-0.943576704,58.947176019009326,1,0.6351227038451666,train_dev
3/30/2023,0.005855239,0.026782308,0.014806063,1.923596436082511,0,-0.001903726,0.010854952,0.9019729324289172,-1.109992175,67.30208130713862,1,0.640824191,train_dev
3/31/2023,0.014094625,0.034466203,0.012865237,2.8563819496961145,0,0,0.009531965,0.8001689841397894,-0.000512692,71.24668435013257,1,0.576375983,train_dev
4/3/2023,0.003810547,0.036470024,0.016020966,2.803808456454405,0,0,0.009389072,0.7868402077214511,-1.198501508,68.57363741785846,0,0.6449326767662801,train_dev
4/4/2023,-0.00554812,0.033038423,0.026112938,1.984437933908633,0,-0.00554812,0.009300651,0.8141539541024737,-1.12247098,68.79968974209817,0,0.6648246780588865,train_dev
4/5/2023,-0.002618249,0.015572443,0.021758749,1.3257363890152627,1,-0.008151843,0.006691735,0.5840384614438157,-1.131403782,62.54092992796336,1,0.6305732467922559,train_dev
4/6/2023,0.003900883,0.013599207,0.045025028,1.3175064191606607,1,-0.004282759,0.006678604,0.6362908562336138,-1.071294005,73.25581395348841,1,0.6110172460028978,train_dev
4/10/2023,0.001026418,0.000537385,0.061413283,1.0746320218134306,1,-0.003260737,0.006674061,0.6848671171327597,-1.01610598,70.90909090909095,1,0.6368602128145504,train_dev
4/11/2023,0.000268548,-0.002993065,0.063213618,0.7727914446920383,1,-0.002993065,0.006735596,0.6935622117657797,-1.045070103,66.43356643356648,1,0.6541770983753977,train_dev
4/12/2023,-0.004075954,-0.001517116,0.041661348,0.055661402,1,-0.00705682,0.006925551,0.7448722368677305,-0.186762565,78.71037463976953,1,0.5836473016903169,train_dev
4/13/2023,0.013282686,0.014401374,0.062140362,1.0842592932145316,1,0,0.006704106,0.7131106538238025,-0.087371999,81.60024906600256,0,0.5538180537388173,train_dev
4/14/2023,-0.002442741,0.007991398,0.041276413,0.6218423023534463,1,-0.002442741,0.006823856,0.7732263182045852,-0.292234101,77.34860883797049,0,0.5829027199924595,train_dev
4/17/2023,0.003588227,0.010571031,0.061411831,0.870929853,1,0,0.005455462,0.699001435,-0.773458481,77.88430808565033,0,0.6097568678159416,train_dev
4/18/2023,0.000652268,0.010958704,0.051988622,0.8566030017628715,1,0,0.005373142,0.701306781,-0.839786734,80.33909357678505,0,0.6037825955824525,train_dev
4/19/2023,-0.000168996,0.014924642,0.038179038,0.7054292029695792,1,-0.000168996,0.004916482,0.6769080165544621,-1.148354871,75.59023609,0,0.6187850600057992,train_dev
4/20/2023,-0.005457092,-0.003845503,0.050419525,0.051740849,1,-0.005625166,0.005241718,0.8693401140245107,-0.011038101,66.42570281124497,1,0.6154193829073327,train_dev
4/21/2023,0.000776925,-0.000630364,0.048401455,0.056315054,1,-0.004852611,0.005145634,0.8517638249064602,-0.019345378,57.19406041986687,1,0.6269651670818681,train_dev
4/24/2023,0.001043183,-0.00316471,0.04265319,0.087321416,1,-0.00381449,0.005145739,0.8625384064946462,-0.574774537,54.56521739130436,1,0.6486215802720403,train_dev
4/25/2023,-0.015873785,-0.019627725,0.024187243,-1.414400373,1,-0.019627725,0.007365552,1.023621241,1.8000381027322758,44.28760476400524,1,0.5953467047122328,train_dev
4/26/2023,-0.004235619,-0.023615203,0.022143579,-1.743950119,1,-0.023780208,0.007373449,1.0156924494569506,0.4937218357532669,43.05317324185248,1,0.6237284478246617,train_dev
4/27/2023,0.019908003,0.001286783,0.027556995,0.2379499843230332,1,-0.004345622,0.008922667,1.1356440389386069,1.2853979328718756,55.40631296,0,0.5119598141720124,train_dev
4/28/2023,0.008535196,0.009049005,0.030294773,1.0083103031245098,1,0,0.009286839,1.1667935626830226,0.9506283773942744,59.61070559610703,0,0.5282134468988049,train_dev
5/1/2023,-0.001009785,0.006979619,0.014949071,0.8678553655309809,1,-0.001009785,0.009251438,1.2500826505655978,-0.879343344,58.72250677915027,0,0.5976157311469298,train_dev
5/2/2023,-0.0112392,0.011721828,-0.000267672,-0.184160273,1,-0.012237636,0.009955309,1.2717855334357635,2.0915435523309758,53.85465598231549,1,0.5003511478769943,train_dev
5/3/2023,-0.006863986,0.00905134,-0.001590525,-0.721679084,1,-0.019017623,0.010133763,1.2856213935053418,1.0850440428703647,41.88746651,1,0.556777476,train_dev
5/4/2023,-0.007082986,-0.017652336,-0.006059863,-1.262700732,1,-0.025965908,0.01021804,1.273919048828523,1.1867655050929182,39.66732449957713,1,0.5636688133920713,train_dev
5/5/2023,0.018512576,-0.007934027,0.008406853,0.5546430642810867,1,-0.007934027,0.012051901,1.3355512558836244,0.6361804746344758,48.42130633887684,0,0.5216460913882071,train_dev
5/8/2023,0.000266583,-0.006666506,0.007641415,0.5787530612991013,1,-0.00766956,0.012048146,1.3352717607677096,-1.798888242,48.221630776675575,1,0.6391378625315403,train_dev
5/9/2023,-0.004385327,0.000219063,0.002953236,0.019471827,1,-0.012021254,0.010844195,1.1933923214986244,-1.73243541,46.27350824239612,0,0.6523670412566046,train_dev
5/10/2023,0.004672329,0.011837655,0.011763264,0.2795731833208406,1,-0.007405092,0.010709407,1.179263121204097,1.0864401502496024,51.13503393400424,1,0.5310830345868267,train_dev
5/11/2023,-0.001743975,0.017278404,-0.003240864,0.1114968020579548,1,-0.009136153,0.008720029,1.015471493092435,-0.420381808,49.918849988407146,1,0.5980064530856767,train_dev
5/12/2023,-0.001310266,-0.002520418,-0.002109295,0.08583858,1,-0.010434448,0.008184385,0.9544664899665964,-0.376534407,48.797409805735406,1,0.6098309778646553,train_dev
5/15/2023,0.003450035,0.000654165,-0.002246702,0.4922296812307992,1,-0.007020412,0.008305522,0.9689380366681226,-1.260181798,59.09210181054841,1,0.6055805485126184,train_dev
5/16/2023,-0.006682647,-0.001654783,-0.009560368,-0.164992407,1,-0.013656144,0.007762543,0.8927665199439773,-1.030700213,57.52234993614301,1,0.6171266866862128,train_dev
5/17/2023,0.01213894,0.005764806,0.00263196,0.8699158749322887,1,-0.001682976,0.008238662,0.9014212116754888,0.5715205328728811,53.90798226164079,0,0.545825492,train_dev
5/18/2023,0.009633215,0.017227574,0.017845003,1.493975436923053,1,0,0.007929827,0.8552000061067117,1.053181294858451,54.51312910284464,0,0.5382638182789056,train_dev
5/19/2023,-0.001455049,0.017080104,0.015574964,1.1995416503488363,1,-0.001455049,0.005994929,0.6454639799804742,1.2821850052942607,54.23129251700681,1,0.5639616676201192,train_dev
5/22/2023,0.000406096,0.013994819,0.014928629,1.0927840526428831,1,-0.001049543,0.005992009,0.6451311958910132,-1.026347105,62.32558139534886,1,0.6246971701810394,train_dev
5/23/2023,-0.011222809,0.009360146,0.019725177,-0.117950982,1,-0.012260573,0.007034178,0.7904313187478718,0.3858545783490747,58.89246996777024,1,0.5972771851746588,train_dev
5/24/2023,-0.007244802,-0.009970378,0.016643585,-0.799463324,1,-0.019416549,0.00730728,0.8103662098758135,0.5130843472730439,58.70327102803731,1,0.5881585344352781,train_dev
5/25/2023,0.008659904,-0.010924791,0.005431488,-0.001205822,1,-0.010924791,0.007817954,0.9690366798783514,0.6159082152098406,53.333333333333286,1,0.5550219499285262,train_dev
5/26/2023,0.012950681,0.003344322,0.009833385,1.0883325551506984,1,0,0.008676748,1.037882716571853,0.7542953492957187,60.236220472440856,1,0.5196973419411499,train_dev
5/30/2023,0.000380934,0.003319086,0.0112392,0.9526326537967232,1,0,0.008676528,1.038805221847072,-0.452126675,63.63904453,1,0.5789502268977452,train_dev
5/31/2023,-0.005545243,0.009080152,0.017062603,0.2098447149109659,1,-0.005545243,0.008560285,1.0675976982750113,1.6148373926223494,57.28438228438225,1,0.531448795,train_dev
6/1/2023,0.009501017,0.02610134,0.033821871,1.0023130300693857,1,0,0.008243467,1.027635864968501,0.4452116521549171,62.89592760180991,1,0.5424471963415782,train_dev
6/2/2023,0.014461145,0.032002894,0.056253548,2.250163081268242,1,0,0.008882421,1.0799365736102788,0.5966667705135854,68.93113841873406,1,0.5138917972104584,train_dev
6/5/2023,-0.001916246,0.01685634,0.035067736,1.8478553765222985,1,-0.001916246,0.008904039,1.204256446491563,-0.743488253,66.56477780390313,1,0.5808004850997834,train_dev
6/6/2023,0.002177476,0.018682469,0.037045113,1.8452203914103853,1,0,0.008885455,1.2030195144406857,-0.902559858,71.84275184,1,0.5691428260552773,train_dev
6/7/2023,-0.003457702,0.020820869,0.03801134,1.1930603694715085,1,-0.003457702,0.007860281,1.0697778950156218,0.2197244755206394,65.21505376344086,1,0.5657347912462215,train_dev
6/8/2023,0.006048529,0.017329667,0.039433208,1.371286836355048,1,0,0.007014348,0.9502798213519952,-1.107264578,63.83454443823363,1,0.6128113107150728,train_dev
6/9/2023,0.001794328,0.004627033,0.043117463,1.1886548193479944,1,0,0.006877689,0.9382817129437576,0.2929390483122664,65.69282136894823,1,0.5754930461068573,train_dev
6/12/2023,0.009071877,0.015687193,0.053961467,1.7765139784340649,1,0,0.006386022,0.8583581284065953,-0.304795557,68.91857827073356,1,0.581145415,train_dev
6/13/2023,0.0065929,0.020162138,0.057262536,2.052931223064624,1,0,0.006377879,0.8514679102088115,0.8362288595111189,79.83082209886346,0,0.5149521753966203,train_dev
6/14/2023,0.001190858,0.024920877,0.065642901,1.7149478023959437,1,0,0.005578248,0.7785565452329981,1.0615259427207453,86.90240452616705,0,0.5109460452803987,train_dev
6/15/2023,0.012397639,0.03138909,0.065915276,2.480509948204049,1,0,0.005928334,0.825438256,1.544669353607509,87.55710830421944,0,0.46005696260636386,train_dev
6/16/2023,-0.007094442,0.02223773,0.048255134,1.4823076798732644,1,-0.007094442,0.005958537,0.8087434569699928,1.6292355221780377,77.78730703259008,0,0.5074172413174823,train_dev
6/20/2023,-0.005188186,0.007791609,0.044336152,0.7213471290107866,1,-0.01224582,0.006317992,0.8406225160523543,-0.61066147,72.91105121293806,0,0.5990368101106762,train_dev
6/21/2023,-0.005123748,-0.003938991,0.038563481,0.046004508,1,-0.017306823,0.006747824,0.8780446958711127,-0.64854478,73.08835449878413,1,0.597405921,train_dev
6/22/2023,0.003609693,-0.00153255,0.054142819,0.1776304918574552,1,-0.013759602,0.006522898,0.9267732452218592,-0.986934041,71.22219011846289,1,0.6105747610987428,train_dev
6/23/2023,-0.007559964,-0.021215545,0.053808169,-0.672713599,1,-0.021215545,0.007058463,0.9995057983180092,0.3764563043931161,58.31499528450169,1,0.6145772083810767,train_dev
6/26/2023,-0.004085778,-0.01824967,0.040491981,-1.113459149,1,-0.025214641,0.007225036,1.022517459083906,-0.784031194,56.62393162,1,0.6400835636196721,train_dev
6/27/2023,0.010963286,-0.002310261,0.03845055,-0.083612998,1,-0.01452779,0.007497449,1.0840156523495723,-0.714031146,61.132385120350165,1,0.593119097,train_dev
6/28/2023,0.00050439,0.003333793,0.038578704,-0.027032723,1,-0.014030728,0.007195141,1.0405144618660418,-0.552193323,63.93767705382432,1,0.5988835374016837,train_dev
6/29/2023,0.003941429,0.003665437,0.048486299,0.3456244946759202,1,-0.0101446,0.007299186,1.089734471464568,-0.95898677,63.03716608594658,1,0.6151917437657991,train_dev
6/30/2023,0.011800689,0.023245077,0.050874781,1.513961375778906,1,0,0.007190306,1.0504867546843195,1.3894930946807489,67.22451081359421,0,0.5035941123559762,train_dev
7/3/2023,0.001150514,0.02862507,0.037086371,1.5300776477801623,1,0,0.006721316,1.0768371401674877,-2.464390509,64.09026798307474,0,0.6535446764072578,train_dev
7/5/2023,-0.00148719,0.015957081,0.037532194,1.2412696454396517,1,-0.00148719,0.006438585,1.0336713616495998,-1.092209146,59.729323308270615,1,0.6298952205276787,train_dev
7/6/2023,-0.007830659,0.007493297,0.027170993,0.3402796637826923,1,-0.009306203,0.00678934,1.029696295153876,0.002894554,53.42541436,1,0.6119550003822387,train_dev
7/7/2023,-0.002524678,0.001004314,0.028132693,0.040376574,1,-0.011807386,0.006814533,1.0386644666940104,0.2860266810489559,43.650047036688605,1,0.6196463778339889,train_dev
7/10/2023,0.002531068,-0.008166396,0.024538019,0.1462354618717218,1,-0.009306203,0.006210908,0.9589857818755244,-0.949990173,50.33489618218359,1,0.645188831,train_dev
7/11/2023,0.006368558,-0.002996913,0.029216097,0.5316731800418011,1,-0.002996913,0.00604454,0.9189867697325892,-0.777565093,58.68992758393676,1,0.6200589293756839,train_dev
7/12/2023,0.008045925,0.006521788,0.028169663,1.114247174708961,1,0,0.005650474,0.8668157810462015,0.5871227284797591,67.47634069,1,0.5437454864387179,train_dev
7/13/2023,0.007936864,0.0225174,0.029542436,1.6133917391088357,1,0,0.005879529,0.8933391429682297,-0.350561581,69.37926937926939,1,0.5622537913314343,train_dev
7/14/2023,-0.000622831,0.024466994,0.027677387,1.294361938859926,1,-0.000622831,0.005974143,0.9054272963017952,-0.418190312,76.21533442088088,1,0.5610103712551234,train_dev
7/17/2023,0.003472222,0.02542874,0.018617262,1.4731203367132235,1,0,0.005047915,0.827931206,-1.233557941,81.86596583,1,0.5668269681633971,train_dev
7/18/2023,0.007430574,0.026510871,0.033518409,1.9883907620106125,1,0,0.005352846,0.8991913027874527,0.4932116402738612,81.00481762,1,0.5014776133610374,train_dev
7/19/2023,0.002223739,0.020582037,0.04121872,1.9388993644494712,1,0,0.005184648,0.904777097,-0.433032491,81.50753768844213,1,0.5521060376017575,train_dev
7/20/2023,-0.006634446,0.005827921,0.039637651,0.9794682376271284,1,-0.006634446,0.004921741,0.842966118,-0.109720937,72.58426966292132,1,0.5874223810955012,train_dev
7/21/2023,0,0.006454772,0.035898376,0.6730386034282054,1,-0.006634446,0.004675558,0.8005044153897126,-0.067628461,67.12856043110085,1,0.5903637936749044,train_dev
7/24/2023,0.004467248,0.007452755,0.048452252,0.7964741206939021,1,-0.002196837,0.004690588,0.8632982805955994,-1.074148786,68.93415787559107,1,0.6231105242419733,train_dev
7/25/2023,0.002730075,0.002752152,0.055627665,0.781351998,1,0,0.0045628,0.8748261783565385,-0.918301221,71.92732454577842,1,0.6222620115835846,train_dev
7/26/2023,0.000153698,0.000681019,0.044340509,0.585614034,1,0,0.004246347,0.8728089899259063,0.1026543919360327,82.12403729225771,0,0.5591802354321955,train_dev
7/27/2023,-0.006629931,0.000685568,0.036893604,-0.145867492,1,-0.006629931,0.00451743,0.8618300894087115,1.3383781601672766,76.22272385,0,0.5342678492249815,train_dev
7/28/2023,0.009790272,0.010482551,0.042934423,0.6620182192701141,1,0,0.005318287,0.9631816200056704,0.5529534217861776,78.86287625,0,0.5218731435372304,train_dev
7/31/2023,0.001904053,0.007904007,0.032733261,0.699500671,1,0,0.00528324,1.0503915340041874,-0.461588787,77.40436181623173,0,0.5643011286751829,train_dev
8/1/2023,-0.002861574,0.002283506,0.028594606,0.360787004,1,-0.002861574,0.005004091,0.9757066413011692,-1.171746327,70.33437013996894,0,0.6185167635659868,train_dev
8/2/2023,-0.013910796,-0.011810937,0.015796719,-0.924874321,1,-0.016732563,0.006704043,1.0900278169340707,1.7056526820566138,50.998948475289154,0,0.565614174,train_dev
8/3/2023,-0.002865839,-0.008066477,0.020879771,-1.136128353,1,-0.019550449,0.006459782,1.0990277229213994,-0.494497268,49.25524712,0,0.6306164753348878,train_dev
8/4/2023,-0.00452277,-0.022126412,0.018834796,-1.466719299,1,-0.023984797,0.006561128,1.1012083306887666,2.017707180122793,43.28557147617465,0,0.5607069063991019,train_dev
8/7/2023,0.008728542,-0.015465607,0.025133057,-0.53011176,1,-0.015465607,0.007085675,1.1426899526490166,-0.905092929,44.30628272251305,0,0.6394970182427769,train_dev
8/8/2023,-0.004348694,-0.016933929,0.014215974,-0.816235415,1,-0.019747046,0.00705307,1.1377270022861108,-0.022252467,39.76515391939066,0,0.6322255011256088,train_dev
8/9/2023,-0.006685237,-0.009730522,-0.000605354,-1.266316253,1,-0.026300269,0.007209444,1.170635931773938,0.5733465661239728,39.79040965385834,0,0.5964890579763656,train_dev
8/10/2023,0.000358946,-0.006527939,-0.00811905,-1.086712998,1,-0.025950763,0.007063114,1.2032297023064331,1.453726603,40.09478672985784,0,0.542134214,train_dev
8/11/2023,-0.000583077,-0.002596182,-0.008079594,-0.896633621,1,-0.026518709,0.005895533,1.004340507,-0.228991775,35.697557711609235,0,0.6241505556629823,train_dev
8/14/2023,0.005520027,-0.005768676,-0.006055363,-0.134606899,1,-0.021145067,0.006291784,1.0559961891562597,-1.613891617,38.21922212,0,0.654079107,train_dev
8/15/2023,-0.011648925,-0.013058496,-0.024879456,-0.998088766,1,-0.032547675,0.006982992,1.1297967872615755,0.2864564790940082,32.597904026475504,0,0.6096879341205391,train_dev
8/16/2023,-0.007338165,-0.013707235,-0.034182777,-1.493594081,1,-0.039647,0.006094245,0.972300046,0.5355950841848313,32.392436283913426,1,0.5941209975370215,train_dev
8/17/2023,-0.007619871,-0.02157386,-0.035140873,-1.968538437,1,-0.046964766,0.006321154,1.0014097516053797,1.4224095671733954,20.869810787913096,1,0.5884309180142878,train_dev
8/18/2023,0.000481331,-0.020531807,-0.034676456,-1.693617405,0,-0.04650604,0.006368737,1.0076695311245167,1.4444228600736695,19.36690647482017,1,0.6442639607148903,train_dev
8/21/2023,0.0065063,-0.019571087,-0.032716865,-0.799985549,0,-0.040302322,0.005966719,0.9263618274844918,-0.429988004,26.37816979051816,1,0.6852404302811186,train_dev
8/22/2023,-0.002708608,-0.010702432,-0.037963288,-0.831328383,0,-0.042901767,0.005933799,0.932835847,-0.71318407,30.751928020565515,1,0.6894629843629315,train_dev
8/23/2023,0.011137738,0.007710854,-0.027397862,0.3349556449877653,0,-0.032241858,0.007063389,1.0102323837919545,-0.484216021,41.63065399020455,1,0.6317983083409182,train_dev
8/24/2023,-0.013859107,0.001375232,-0.0344759,-0.853059918,0,-0.045654121,0.008192088,1.0995791194728697,0.832883178,37.22308088614113,1,0.6245514745887546,train_dev
8/25/2023,0.007049829,0.007949599,-0.037096209,-0.025222629,0,-0.038926145,0.008680949,1.197413507283756,1.5503339624942312,35.86842105263166,1,0.5566123518351977,train_dev
8/28/2023,0.006341341,0.007784404,-0.032831648,0.7312090202163138,0,-0.030056081,0.00875566,1.1773740672687354,-0.928407864,42.28689157867628,1,0.6367924886879216,train_dev
8/29/2023,0.014454784,0.025128381,-0.016035752,2.041697241766324,0,-0.003439018,0.009164675,1.1107938534577375,0.3089917991892041,54.03741416,0,0.5759255821550309,train_dev
8/30/2023,0.0041188,0.018012324,0.001954991,2.1980014049080987,0,0,0.008646197,1.121875882021871,-0.516557662,55.80601092896171,0,0.6365929726982125,train_dev
8/31/2023,-0.001463382,0.03080867,0.003364228,1.7243560205639767,0,-0.001463382,0.008036069,1.045736041322488,-0.718404591,55.30234657039717,0,0.6570261341215292,train_dev
9/1/2023,0.001865216,0.025501739,0.009802824,1.5770456003692015,0,0,0.00799575,1.0506138514685734,-1.086352329,53.60655737704917,0,0.6764484202660781,train_dev
9/5/2023,-0.004321904,0.014635468,-0.003261521,0.9131240523389672,0,-0.004321904,0.008249145,1.110765165415995,-1.312775078,58.05224448389557,0,0.6753680225676212,train_dev
9/6/2023,-0.006722465,-0.006545552,-0.005637883,0.053365382,0,-0.011015315,0.008607708,1.1452779972599607,-0.27094245,58.39285714285723,1,0.6474900034263774,train_dev
9/7/2023,-0.003070234,-0.013658234,-0.002019069,-0.294510539,0,-0.01405173,0.008061433,1.0900353061703163,-0.269679408,61.49919398,1,0.6429104931711386,train_dev
9/8/2023,0.001506126,-0.010724992,-0.000874616,-0.337116103,1,-0.012566768,0.006306657,0.8518413948240428,-0.740045104,61.96921443736733,0,0.5993856465511067,train_dev
9/11/2023,0.006576585,-0.00607283,0.006282957,0.1283840357242509,1,-0.00607283,0.006265997,0.8303184854029829,-0.826224428,62.05983584855712,0,0.6014074950890855,train_dev
9/12/2023,-0.005485561,-0.00723444,-0.004730981,-0.492639414,1,-0.011525078,0.006453868,0.8547972866305491,-0.426286082,60.040983606557454,0,0.60238162,train_dev
9/13/2023,0.001165945,0.000649904,0.008173587,-0.317681439,1,-0.01037257,0.004339131,0.6149643555239764,-0.887289653,55.01730103806233,0,0.6422237762179439,train_dev
9/14/2023,0.008622427,0.012386198,0.024383587,0.5564139433940272,1,-0.00183958,0.005055888,0.7188260557778362,0.7518077041850807,70.79345476999086,0,0.5348715122840464,train_dev
9/15/2023,-0.015520917,-0.004825822,0.016227738,-0.849788671,0,-0.017331944,0.007034221,0.908483194,2.410254128,54.68319559228649,0,0.6098471414549596,train_dev
9/18/2023,0.000586418,-0.010748132,0.016334479,-0.623636355,0,-0.016755691,0.006976858,0.9010997701025498,-1.035485757,51.28812555522654,0,0.7076836350580722,train_dev
9/19/2023,-0.0020738,-0.007354425,0.007670597,-0.684447495,0,-0.018794743,0.006917752,0.9043759114876242,-0.318021017,38.60021208907728,0,0.7085050729726475,train_dev
9/20/2023,-0.009193377,-0.017625585,0.001118338,-1.429878001,0,-0.027815333,0.007166975,0.9048113655310716,0.6750233522694601,29.727958046542028,0,0.7033803402392513,train_dev
9/21/2023,-0.01652836,-0.042121858,-0.026273616,-2.764973842,0,-0.043883951,0.008579603,1.0341648404953463,1.785475977058596,24.447439353099625,0,0.6670915728265995,train_dev
9/22/2023,-0.002248545,-0.029208111,-0.01480922,-2.652285326,0,-0.046033822,0.008439835,1.0876367260094773,1.4875794148343864,22.10582863282293,0,0.6583953072367853,train_dev
9/25/2023,0.004205195,-0.02569709,-0.017592109,-1.882980535,0,-0.042022208,0.008156624,1.0683195195355333,-0.132735362,27.06929091399296,0,0.6861405952511354,train_dev
9/26/2023,-0.014691252,-0.038015857,-0.038124492,-2.881093876,0,-0.056096101,0.008875023,1.1053274615990667,1.2643878728012168,24.83918852053432,0,0.6561715227347228,train_dev
9/27/2023,0.000399173,-0.028702353,-0.051451599,-2.386887469,0,-0.05571932,0.008823144,1.2461091968483573,1.5915876350680334,26.032636409994865,0,0.5932717349836841,train_dev
9/28/2023,0.005797442,-0.006652913,-0.049865857,-1.327242081,0,-0.050244908,0.008385547,1.1688974436446542,0.827942954,29.278400780107265,0,0.5981052019837196,train_dev
9/29/2023,-0.002426958,-0.006830538,-0.050782725,-1.205236945,0,-0.052549924,0.0075257,1.0496694056002804,1.7763665342231894,23.20470227446971,1,0.597297432,train_dev
10/2/2023,-0.000397679,-0.011382829,-0.052926705,-0.870638399,0,-0.051181277,0.007470855,1.050248399848807,0.1583745297862149,24.64712269272528,1,0.6454483453205233,train_dev
10/3/2023,-0.013386066,-0.01007326,-0.061548393,-1.716046821,0,-0.063882228,0.008030109,1.0705417553213092,1.0760400394263738,20.36156041864889,1,0.630886996,train_dev
10/4/2023,0.007281956,-0.003262528,-0.048316974,-0.676641259,0,-0.057065459,0.008701355,1.1159611201910749,0.1833840041407243,18.856034900630192,1,0.6339492708881894,train_dev
10/5/2023,-0.000376772,-0.009381126,-0.045745757,-0.553806365,0,-0.05742073,0.00734578,0.9406750308011016,-0.728910374,22.59657275631721,1,0.681293238,train_dev
10/6/2023,0.011872792,0.004818939,-0.035868199,0.6476465405739803,0,-0.046229683,0.008474515,1.0091691833200602,1.3854343750745657,32.032644733486435,1,0.5639580669587867,train_dev
10/9/2023,0.006402198,0.011654302,-0.036035232,1.290588637758865,0,-0.040123457,0.008627702,1.0285207609461673,-0.390061145,37.30506822612093,1,0.620240776,train_dev
10/10/2023,0.005204839,0.030717047,-0.025673221,1.6116058066447294,0,-0.035127454,0.006989816,0.8241422825869921,-0.530006212,44.77307496175426,1,0.62553278,train_dev
10/11/2023,0.004096286,0.02745726,-0.022821437,1.7834023444334244,0,-0.03117506,0.006991331,0.8176459022727768,-1.45396213,57.3037037,0,0.6351215981943048,train_dev
10/12/2023,-0.006096443,0.021578327,-0.037081446,1.0417321972371154,0,-0.022473683,0.007352783,0.8861230878557558,-0.390593373,54.57110609480812,0,0.6232354720584795,train_dev
10/13/2023,-0.004980861,0.004563021,-0.026772222,0.4443761624428798,0,-0.027342605,0.007535513,0.9790175072834436,0.4688723920189209,48.98016205644032,0,0.6137943273277988,train_dev
10/16/2023,0.010521437,0.008674732,-0.017108852,1.2953464168897004,0,-0.015066296,0.008087484,0.9941378378700456,-0.824266486,64.94997057092408,0,0.6036611775245329,train_dev
10/17/2023,-4.59E-05,0.0034059,-0.015111473,0.95228834,0,-0.005973007,0.006118151,0.75240085,-0.890120909,64.73544191545957,0,0.654313999,train_dev
10/18/2023,-0.013325077,-0.014003484,-0.019218494,-0.520739394,0,-0.014003484,0.007878121,0.9372344898589235,0.2893349843355161,52.273338714016674,0,0.6595232336360247,train_dev
10/19/2023,-0.008786407,-0.016672047,-0.011497717,-1.438790722,0,-0.02266685,0.008504204,1.089333301942063,1.9155391234792885,48.68454021548483,0,0.6014085855175446,train_dev
10/20/2023,-0.012288066,-0.023893395,-0.021444171,-2.461673846,0,-0.034676384,0.008340333,1.0130412515392668,1.830571164768929,43.19697643397067,0,0.619358022,train_dev
10/23/2023,-0.001733185,-0.035730667,-0.027230872,-2.363243288,0,-0.036349468,0.007817704,0.9604079824694696,-0.015571007,48.58714678669668,0,0.6536748301965065,train_dev
10/24/2023,0.007539362,-0.028416128,-0.005283178,-1.377268092,0,-0.029084158,0.008110788,1.0493296710637523,-0.73752898,48.71539037166372,0,0.6703223555950679,train_dev
10/25/2023,-0.014352147,-0.029427489,-0.01995071,-2.36608218,0,-0.043018885,0.008528561,1.0220021451891657,0.1936395734057022,42.44729407,1,0.6732460757850358,train_dev
10/26/2023,-0.011974614,-0.032549305,-0.037267805,-3.056692625,0,-0.054478365,0.008858148,1.0384547970175646,1.2835027063149085,31.52055688492496,1,0.6404363566933116,train_dev
10/27/2023,-0.004532784,-0.024953109,-0.039300084,-3.021658843,0,-0.05876421,0.008859066,1.0360960068125398,0.8945396645064622,26.036815258372144,1,0.64622524,train_dev
10/30/2023,0.011955781,-0.011582552,-0.027427395,-1.385992013,0,-0.047511001,0.009143497,1.0049495306725444,-0.298795839,30.157068062827165,1,0.6536525504190652,train_dev
10/31/2023,0.006280228,-0.012817789,-0.008040988,-0.345288563,0,-0.041529153,0.009706935,1.1047434968621954,-0.625269111,31.35034994,1,0.6766460347502965,train_dev
11/1/2023,0.010664754,0.012238055,-0.00470965,0.8990341231910882,0,-0.031307297,0.010134686,1.1295674896355612,0.3962751427013409,39.08296943231444,1,0.608571954,train_dev
11/2/2023,0.01916434,0.044140104,0.014746761,2.726511767665792,0,-0.012742941,0.011703063,1.1748705967691468,0.1531847028368771,49.34303977272727,1,0.5791232696317636,train_dev
11/3/2023,0.00912341,0.058464011,0.01198957,3.331059221207714,0,-0.00373579,0.010919545,1.1122033386593106,0.5217275207166067,48.78836833602583,1,0.5857579714065286,train_dev
11/6/2023,0.00230049,0.048364975,0.007865091,3.195168167,0,-0.001443894,0.010790248,1.1085385877901008,-1.374716847,49.708943376256855,1,0.6643896305920689,train_dev
11/7/2023,0.00284606,0.044787183,0.005500069,3.1638844946048628,0,0,0.010702391,1.104805773129705,-1.47062244,56.44666155026864,1,0.6525568508096026,train_dev
11/8/2023,0.000732383,0.034519472,0.002131463,2.7614571092831963,0,0,0.008867606,0.91918893,-1.604710271,61.11796136457048,1,0.6659137575981927,train_dev
11/9/2023,-0.007798742,0.007150153,0.000415072,1.4524272207918445,0,-0.007798742,0.008058876,0.8297416181192444,-0.408301342,63.50629938,1,0.6507056363778121,train_dev
11/10/2023,0.015604831,0.013618901,0.021112399,2.319435607098569,0,0,0.007906267,0.7730969776897715,-0.033047675,69.05617552487234,1,0.6032370511667668,train_dev
11/13/2023,-0.000953224,0.010328445,0.009517475,1.641259622888969,1,-0.000953224,0.00807511,0.808385706,-1.892586929,66.52035115722265,1,0.6278725705158391,train_dev
11/14/2023,0.019400713,0.027006614,0.029150039,2.887867288798186,1,0,0.009156016,0.8445573862703559,0.3693961018734249,79.65005705591474,1,0.4737453230758637,train_dev
11/15/2023,0.002117086,0.028427673,0.045256968,2.4708490851956464,1,0,0.009186069,0.8949044484495821,-0.61506074,88.25468782196572,1,0.5308812054951563,train_dev
11/16/2023,0.001223092,0.037778905,0.055812208,2.1429997459072982,1,0,0.008068385,0.8120022012597687,-1.074847934,91.88731201016726,1,0.5539482064499425,train_dev
11/17/2023,0.001243809,0.023104333,0.070277072,1.897855757537389,1,0,0.007946146,0.8546482564983812,-0.080086435,91.06392907139517,1,0.5365813492901987,train_dev
11/20/2023,0.007697598,0.03196347,0.080388146,2.253005620696398,1,0,0.008025559,0.8666607308528552,-0.810450028,91.23970722781328,1,0.5525072760298164,train_dev
11/21/2023,-0.002179369,0.010117443,0.069966716,1.656256658106896,1,-0.002179369,0.008274044,0.8882579536370507,-1.802386324,88.02484472049679,1,0.6140725441436503,train_dev
11/22/2023,0.003860833,0.011875111,0.089737756,1.6436507901050357,1,0,0.008207879,0.9862166350701086,-1.117952774,85.78171091445417,1,0.5969206511155162,train_dev
11/24/2023,0.000615358,0.011260911,0.1036238031753726,1.2209653896773776,1,0,0.007235136,0.9705573977969476,-2.324380564,84.06611570247924,1,0.6638914038395674,train_dev
11/27/2023,-0.00180101,0.00818563,0.1066523814161877,0.7280665787519864,1,-0.00180101,0.006410521,0.878793777,-1.176282591,81.24376455,1,0.6472237220611473,train_dev
11/28/2023,0.000990143,0.001474926,0.094660603,0.4994819614331938,1,-0.000812651,0.006301771,0.8796959598300936,-0.510959481,80.73770491803269,1,0.6174922967779305,train_dev
11/29/2023,-0.000703405,0.002956295,0.087063606,0.2985061455201057,1,-0.001515484,0.002876419,0.3970275007364017,-0.413513823,79.64480874316934,1,0.6449389584207477,train_dev
11/30/2023,0.003937441,0.003032834,0.079827758,0.5443582586704097,1,0,0.002988828,0.4219313827892389,0.5321200737660781,90.78091106,1,0.5692152064564462,train_dev
12/1/2023,0.005915863,0.008346145,0.065790696,0.94191937,1,0,0.003295235,0.5372004631541779,1.091121247991249,89.19033488766424,1,0.526169465,train_dev
12/4/2023,-0.005249401,0.0048627,0.05061078,0.2819462194173847,1,-0.005249401,0.00401309,0.6425480805526518,0.2453843552683587,82.25175918686469,1,0.5763623788500357,train_dev
12/5/2023,-0.00019707,0.003670894,0.047992839,0.2106926520937662,1,-0.005445437,0.003335934,0.5316671855330773,0.077210779,72.97139521307649,1,0.6029269597231895,train_dev
12/6/2023,-0.004029785,0.000329953,0.040807452,-0.225762359,1,-0.009453278,0.003546888,0.5513491242790557,0.021180799,64.09544950055488,1,0.6268167516894678,train_dev
12/7/2023,0.007630398,0.004009641,0.047981704,0.4648001578566584,1,-0.001895012,0.004117745,0.6292094451453057,-0.126714948,69.10219675,1,0.6014181156162074,train_dev
12/8/2023,0.004299151,0.002395992,0.060759727,0.7884362680683236,1,0,0.004270209,0.7001163706856459,0.8755521129620008,71.05145413870237,1,0.572017856,train_dev
12/11/2023,0.003889613,0.011605246,0.048523638,1.0143194176901351,1,0,0.004222641,0.7911955875248164,-0.182295448,68.69859700048377,1,0.5969211796682738,train_dev
12/12/2023,0.004567198,0.016425756,0.054317454,1.2726177695147802,1,0,0.004311272,0.8137710231812181,-0.019565168,74.85084901330886,1,0.573746993,train_dev
12/13/2023,0.013790131,0.034611663,0.048514697,2.3144151334001477,1,0,0.0055558,1.2499760908657698,1.699186263007871,79.27382753403931,0,0.4368682666823982,train_dev
12/14/2023,0.003209352,0.030072234,0.049657534,2.295532467,1,0,0.00555355,1.2485437881018315,2.631396584893691,80.19515720997464,1,0.4218176855272365,train_dev
12/15/2023,-0.005677846,0.0198392,0.042422762,1.489703551371961,1,-0.005677846,0.006144635,1.2799446672626913,2.770578977950087,75.14392143582789,1,0.44108333896870644,train_dev
12/18/2023,0.00562504,0.021602199,0.046984183,1.7244686606217423,1,-8.47E-05,0.005614632,1.1553606594397896,-0.133788474,76.86002522068091,1,0.5383846249530978,train_dev
12/19/2023,0.006080895,0.023141564,0.045304451,1.9422790810510184,1,0,0.005529176,1.1572023760669004,-0.698638118,79.51561132185576,1,0.5479105061313715,train_dev
12/20/2023,-0.013857299,-0.004760893,0.033070797,0.2391130767238215,1,-0.013857299,0.00759154,1.2819757550192972,1.1049154841071709,65.18177163338453,1,0.5434594883406346,train_dev
12/21/2023,0.009481912,0.001461833,0.038855435,0.8770993832561422,1,-0.004506781,0.00773936,1.2561815753009271,0.3959582708979661,66.66666666666661,1,0.5328071861898729,train_dev
12/22/2023,0.002009731,0.009204611,0.040303097,0.790534861,1,-0.002506107,0.007735149,1.2570742657508651,-0.528142874,71.55566853075749,0,0.5678610449295365,train_dev
12/26/2023,0.004222527,0.007797106,0.046580708,0.9227648572780308,1,0,0.007740539,1.2679197773922402,-1.087712533,73.09090909090904,0,0.586650087,train_dev
12/27/2023,0.001808052,0.003516974,0.047435869,0.8397137185689473,1,0,0.007725457,1.2667934140076176,-0.526574335,77.00521480009934,0,0.5637337403758742,train_dev
12/28/2023,0.000377747,0.018002819,0.048569103,0.7458349272235145,1,0,0.006672764,1.098432394924867,-0.136422717,74.95943753380206,0,0.5643837306830761,train_dev
12/29/2023,-0.002894963,0.005521472,0.041432954,0.3841678088918304,1,-0.002894963,0.006760176,1.0948367934880356,1.7258662215391722,70.76119813135479,0,0.5118013638965315,train_dev
1/2/2024,-0.005596348,-0.002111264,0.029514267,-0.247560798,1,-0.00847511,0.006751653,1.0666294728445662,1.5691372478920105,64.30488459473963,1,0.5334326909210003,train_dev
1/3/2024,-0.00816672,-0.014422369,0.026494997,-0.99576562,1,-0.016572615,0.007042052,1.079466260885957,0.7215978087154048,56.01127915918996,1,0.5886535691683473,train_dev
1/4/2024,-0.003221058,-0.019370003,0.023390276,-1.156850676,1,-0.019740292,0.00665752,1.0094015253414583,-0.07712538,45.281359906213325,1,0.6366310476800089,train_dev
1/5/2024,0.001369628,-0.018397701,0.028938341,-1.014353257,1,-0.018397701,0.0050968,0.7864634641280375,-0.035934908,43.849624060150425,1,0.6491135230236413,train_dev
1/8/2024,0.014275945,-0.001493762,0.035724418,0.3584229390680988,1,-0.004384401,0.006200165,0.8899953686933246,-0.515230896,57.07382550335575,1,0.6073405452504159,train_dev
1/9/2024,-0.001517067,0.002602348,0.029726206,0.2012991406725635,1,-0.005894816,0.006199898,0.888595131,-0.832269282,52.70308519671661,0,0.6484457395675655,train_dev
1/10/2024,0.00565544,0.016574586,0.031537479,0.7485957223705716,1,-0.000272714,0.006321999,0.9005427056192676,-0.784398954,52.44735344336941,0,0.6325686034791974,train_dev
1/11/2024,-0.000440658,0.019410204,0.026395173,0.7076065056669788,1,-0.000713252,0.006298755,0.900179616,-0.37704696,64.05978449774071,1,0.5950722958738749,train_dev
1/12/2024,0.000692768,0.018721149,0.013134963,0.7775865641160196,1,-2.10E-05,0.006301729,0.9919960029045584,-1.086528124,58.06974858069749,1,0.6183453425982538,train_dev
1/16/2024,-0.003671226,0.000695322,0.00618631,0.4156764574047815,1,-0.003692127,0.006346191,0.9925076635553972,0.056481723,52.51374705420271,1,0.5996475306022843,train_dev
1/17/2024,-0.005558714,-0.00335528,0.006306863,-0.134904256,1,-0.009230317,0.006342554,0.9928451765807172,-0.565164163,43.56321839,1,0.6463853720920747,train_dev
1/18/2024,0.008892841,-0.000146886,0.00957688,0.5894050639859215,1,-0.00041956,0.006212183,0.9455488614118566,0.5423517414151824,49.96603260869568,1,0.5749415210759984,train_dev
1/19/2024,0.012466159,0.012763724,0.015984332,1.5186874096457763,1,0,0.006799049,0.9717342345097324,1.3526356148368317,58.15340909090909,1,0.5085560694747422,train_dev
1/22/2024,0.002114296,0.0142024,0.032439243,1.401945608537527,1,0,0.006780626,1.114121686234085,-0.341579948,61.68197474167621,1,0.5848432770175359,train_dev
1/23/2024,0.002916537,0.020908344,0.025724561,1.479304802089609,1,0,0.005581309,0.9606008159986502,-1.479167451,68.17505209883898,1,0.6097780210132421,train_dev
1/24/2024,0.001093099,0.027737195,0.024786235,1.3460892005937963,1,0,0.005449986,0.9383845634041024,0.017866581,77.42894910773288,0,0.5347917492979611,train_dev
1/25/2024,0.005438925,0.024218766,0.026027541,1.6538565685600612,1,0,0.0054361,0.9297335907017764,-0.493300068,83.05192737,1,0.5318903805250973,train_dev
1/26/2024,-0.001270414,0.010322741,0.022874651,1.291365680512722,1,-0.001270414,0.005490245,0.9347684323465132,-0.310204418,81.06471150781013,1,0.5461144352417411,train_dev
1/29/2024,0.007919411,0.016175406,0.030585915,1.7849188343640805,1,0,0.00572414,0.944507755,-1.026602523,79.19439579684773,1,0.5612530925935747,train_dev
1/30/2024,-0.000773505,0.01243658,0.032778608,1.3709832297713278,1,-0.000773505,0.005411807,0.9023807691724336,-1.100166896,80.14888337469002,1,0.5849073830616811,train_dev
1/31/2024,-0.016317301,-0.0051711,0.021643923,-0.500710886,1,-0.017078185,0.00788028,1.1158894897345193,2.5272780470894625,59.42158616577226,1,0.5128108780815833,train_dev
2/1/2024,0.013088138,0.002397394,0.043537618,0.5382454308737848,1,-0.004213569,0.008369813,1.1636298133451248,0.7558075985874784,66.20428751576296,1,0.5249269644135292,train_dev
2/2/2024,0.010527392,0.014238526,0.057931005,1.348373116183154,1,0,0.008136832,1.1134447484710268,1.0874252699444202,69.86732628738484,1,0.5154405264745625,train_dev
2/5/2024,-0.003641145,0.002605492,0.052637203,0.7913105223631718,1,-0.003641145,0.008365415,1.1235318553890277,-0.148672373,69.78885894,1,0.5853680378511397,train_dev
2/6/2024,0.002903259,0.006294689,0.040834387,0.8956382315995973,1,-0.000748458,0.008365236,1.2084205390728593,-1.128295479,75.04040637266226,1,0.5831814868050859,train_dev
2/7/2024,0.008340419,0.031519218,0.051109986,1.4737219526306644,1,0,0.008598558,1.2270816442607035,-0.37961612,74.99421697894988,1,0.5397433024703541,train_dev
2/8/2024,0.000441678,0.018642682,0.045660567,1.306173065389974,1,0,0.008561759,1.2263626334848332,-1.249061108,71.1810184,1,0.596498472,train_dev
2/9/2024,0.005779419,0.013856579,0.052167524,1.6068148736807513,1,0,0.008541627,1.221382522806844,-0.618734423,72.54254508509024,0,0.5661063423740184,train_dev
2/12/2024,-0.000438947,0.017115014,0.050977595,1.3626844985786428,1,-0.000438947,0.008395623,1.1969913047471827,-0.985252507,71.11052907281308,0,0.5944000487644642,train_dev
2/13/2024,-0.013773005,0.000202437,0.040321732,-0.097863977,1,-0.014205906,0.009765811,1.2516867689915556,1.6378007119966205,59.75308642,1,0.5417014949483987,train_dev
2/14/2024,0.009087597,0.000943586,0.055643778,0.491198933,1,-0.005247406,0.007993189,1.0324846873968605,-0.428086726,61.357758620689694,1,0.604061304,train_dev
2/15/2024,0.006899733,0.00740488,0.053558312,0.9239788184490074,1,0,0.007359743,0.9594453283317244,-0.667922613,64.83136936204792,1,0.6103486526007748,train_dev
2/16/2024,-0.00497998,-0.003371907,0.0354041,0.317313679,1,-0.00497998,0.007137142,0.9536121734715683,0.057611327,58.60844128708735,1,0.6107165746751597,train_dev
2/20/2024,-0.005505395,-0.00842349,0.027531286,-0.319252896,1,-0.010457959,0.007296211,0.9527959253649309,-0.121432171,55.84312164045392,1,0.6199148280793175,train_dev
2/21/2024,0.00090587,0.006335006,0.02547127,-0.29357857,1,-0.009561563,0.00726179,0.9492859450967928,-0.769779767,66.79165690180452,1,0.5990340003020826,train_dev
2/22/2024,0.020695481,0.017911226,0.045551,1.578418539112188,1,0,0.009436221,1.073042107962366,0.1034245900051945,69.61835334476844,1,0.5213404139503985,train_dev
2/23/2024,0.000689655,0.011633234,0.040612257,1.4549500866017966,1,0,0.009432255,1.075783232375188,-0.634676946,66.13288718929253,1,0.5909149531321033,train_dev
2/26/2024,-0.003662499,0.012972713,0.038119858,0.9867357488134856,1,-0.003662499,0.009477248,1.073147336,-1.086324329,66.03818615751788,1,0.6121541851974008,train_dev
2/27/2024,0.001857744,0.020472663,0.031876565,1.0543396572449082,1,-0.001811559,0.009466544,1.0859331372011696,-1.101518031,65.63631972953391,1,0.5975498793057389,train_dev
2/28/2024,-0.001321681,0.018201565,0.031310477,0.6763327294530013,1,-0.003130846,0.007976825,0.9141276128775696,-0.727935014,60.74815595363535,1,0.6154957979195302,train_dev
2/29/2024,0.003594991,0.001142857,0.052186879,0.8475417320021513,1,0,0.007652792,1.0008992259638736,0.8380656957451845,62.335692618806846,1,0.5675753785283044,train_dev
3/1/2024,0.009388285,0.009845427,0.048344235,1.5757763015603423,1,0,0.007870185,1.060734993,0.4862835126639176,64.05307599517492,0,0.5500568718459031,train_dev
3/4/2024,-0.001072438,0.012470602,0.036310306,1.2104557137579235,1,-0.001072438,0.007567121,1.0509796622830727,-1.099529617,63.54715174724735,0,0.6184338622387289,train_dev
3/5/2024,-0.009994144,0.000493165,0.029702568,-0.006900427,1,-0.011055864,0.008204782,1.0819772507227716,0.4342154790839616,66.37499999999997,1,0.5682868918697781,train_dev
3/6/2024,0.005067235,0.006893691,0.031924369,0.2519327628626451,1,-0.006044652,0.008242473,1.0817338673831085,0.097294472,64.67962184873946,1,0.5611515935544358,train_dev
3/7/2024,0.009926435,0.013245946,0.03354748,1.1017282010997558,1,0,0.006004137,0.7796220084544488,-0.513920677,66.12090680100748,1,0.589683635,train_dev
3/8/2024,-0.006002214,-0.002203373,0.026890352,0.4185742571925968,1,-0.006002214,0.006454033,0.8181707395988128,1.2138540392720836,65.15264334,0,0.5542515975850214,train_dev
3/11/2024,-0.000859845,-0.001991021,0.020111732,0.2281833935810653,1,-0.006856899,0.006298756,0.8042365555766314,-0.355483202,69.11532385466032,1,0.5884906860958841,train_dev
3/12/2024,0.010757315,0.018928191,0.031538185,1.111130676715567,1,0,0.007012513,0.8639530479211115,0.2862100780228178,72.73994887287937,0,0.5321859687142938,train_dev
3/13/2024,-0.001567398,0.01220206,0.044304566,0.7612210782858708,1,-0.001567398,0.007025663,0.9596416160470076,-0.969986679,62.62295081967219,1,0.6317319972747157,train_dev
3/14/2024,-0.001976859,0.000271945,0.032853962,0.4272962541856956,1,-0.003541159,0.007098962,0.9873708597975952,2.828687484213396,60.37405026300415,1,0.4958569638997327,train_dev
3/15/2024,-0.009942713,-0.003693426,0.015577379,-0.512628377,1,-0.013448663,0.007301014,0.9708422418188454,2.1659415723348907,55.12273212379934,1,0.5335989311063161,train_dev
3/18/2024,0.005943158,0.003090283,0.026726192,0.0677056,1,-0.007585433,0.007578775,1.0138907691897443,1.0123446967325869,57.49305029062423,1,0.5467998320692364,train_dev
3/19/2024,0.005557072,-0.002070514,0.038147194,0.4565943206211429,1,-0.002070514,0.006827662,0.9289949515143692,-0.541051105,61.31736526946114,1,0.6127556413015116,train_dev
3/20/2024,0.009249384,0.008740818,0.04680115,1.174288885562708,1,0,0.007176663,0.9537256265825862,-0.074708116,63.870246085011225,1,0.5806477542714189,train_dev
3/21/2024,0.003304642,0.014079037,0.028965517,1.363024042175701,1,0,0.00666221,1.0793247308406884,-0.5540953,61.2244898,1,0.5913301389272267,train_dev
3/22/2024,-0.001895825,0.022321166,0.02630698,0.9848351277883096,1,-0.001895825,0.006266924,1.0081623971568112,0.45468684,60.58446186742706,1,0.5660012837583808,train_dev
3/25/2024,-0.002762802,0.013473463,0.02723374,0.5404506205317041,1,-0.00465339,0.006386338,1.0331527707156178,-1.252200345,66.38896121,0,0.617105363,train_dev
3/26/2024,-0.001846971,0.00601113,0.023435188,0.3153646996494169,1,-0.006491766,0.005586541,0.8979893448965321,-0.364982172,62.30978260869556,1,0.6028138941005127,train_dev
3/27/2024,0.008403847,0.005168306,0.033401809,1.017766012291964,1,0,0.006064563,0.9485852277958324,0.5863413746024208,61.57894736842102,0,0.5583968675014674,train_dev
3/28/2024,-0.000191142,0.001666028,0.029503228,0.8403523349225364,1,-0.000191142,0.005979671,0.935914104,1.286008262196248,67.13983690727873,0,0.5338721315334006,train_dev
4/1/2024,-0.001739729,0.001822682,0.018153456,0.4261997445878583,1,-0.001930539,0.004634369,0.7543564130531072,-0.590521087,66.20011911852285,0,0.611436691,train_dev
4/2/2024,-0.006358204,-0.001789253,0.012765957,-0.326966892,1,-0.008276468,0.005189407,0.8179992689467418,0.003082972,53.28025477707015,1,0.6225244895195814,train_dev
4/3/2024,0.001098605,0.001156493,0.024113727,-0.288340449,1,-0.007186956,0.004957132,0.8505639167861672,-0.832663473,55.51989730423608,0,0.6405058689923866,train_dev
4/4/2024,-0.012206157,-0.019305388,0.006512997,-1.365128006,1,-0.019305388,0.005474433,0.8460537647882239,1.2232733468297663,47.42324561403509,1,0.6009190434370195,train_dev
4/5/2024,0.010446918,-0.008870706,0.00703172,-0.262411648,1,-0.009060153,0.006524451,1.0019073548565487,-0.066491721,61.71023965141613,0,0.5604603212542603,train_dev
4/8/2024,0.000559381,-0.006588019,0.013679356,-0.15879279,1,-0.008505839,0.006520861,1.0290131094364316,-1.385055932,58.62271925,0,0.6339180038694952,train_dev
4/9/2024,0.001156693,0.000925141,0.015725239,-0.034648701,1,-0.007358985,0.006484736,1.024940841212626,-0.327371325,55.68862275449106,0,0.6024406059725397,train_dev
4/10/2024,-0.010013094,-0.010184633,-0.005147258,-0.946186259,1,-0.017298392,0.007207582,1.142059882142928,0.4421761901383192,40.11194029850744,0,0.6105168603279827,train_dev
4/11/2024,0.007546876,0.009608825,0.003934337,-0.099129435,1,-0.009882065,0.007088996,1.0847475574270873,-0.293404306,43.88111888,0,0.6012596002614318,train_dev
4/12/2024,-0.013803089,-0.014621067,-0.007961938,-1.245331457,1,-0.023548751,0.008150243,1.125570737869095,1.1109870797787422,37.203557312252926,0,0.5953545381547668,train_dev
4/15/2024,-0.012528139,-0.027510025,-0.010552537,-2.147536182,1,-0.035781868,0.008754855,1.176552856026936,1.2324700967884834,33.14260563380279,0,0.5930411034053656,train_dev
4/16/2024,-0.001823768,-0.030405145,-0.018192099,-2.035059048,1,-0.037540379,0.008702463,1.1940762326401724,0.041422702,33.17180616740086,1,0.6089444520024939,train_dev
4/17/2024,-0.005918217,-0.026394616,-0.029396366,-2.256182338,1,-0.043236424,0.008621671,1.1966564154462105,0.1592193158424252,24.307133121308453,1,0.6194872006237855,train_dev
4/18/2024,-0.002057736,-0.035675676,-0.04027052,-2.198535876,1,-0.045205191,0.008084244,1.1978569495124125,0.046428746,23.80422691879855,1,0.611975333,train_dev
4/19/2024,-0.008728379,-0.030713517,-0.051780927,-2.608463048,0,-0.053539003,0.00680764,1.003417374816307,1.728266345,22.107438016528874,1,0.6337973605578664,train_dev
4/22/2024,0.009209145,-0.009376549,-0.041230982,-1.342883429,0,-0.044822907,0.00797922,1.0954451237761902,-0.48943925,30.741337630942738,1,0.6518133648650336,train_dev
4/23/2024,0.011866645,0.004210275,-0.027165862,0.097989726,0,-0.033488159,0.009310614,1.175803932098081,-0.820041327,37.49090909090906,0,0.64176107,train_dev
4/24/2024,-0.000474637,0.00970932,-0.025828338,0.2232868780290537,0,-0.033946901,0.008951284,1.1302284987498454,-1.350783857,42.16768916155415,0,0.6685742970552988,train_dev
4/25/2024,-0.003798896,0.00794763,-0.037616836,0.1306596822404335,0,-0.037432848,0.008352062,1.0992026388262357,-0.405687055,33.567971843378885,1,0.6545877603123649,train_dev
4/26/2024,0.009473872,0.026456095,-0.02831361,1.1313756780096136,0,-0.026620193,0.008188586,1.0225285892278866,-0.657174289,39.52743291950336,1,0.6347748573457793,train_dev
4/29/2024,0.003541495,0.020691587,-0.023172974,1.3763701591024189,0,-0.018001194,0.007060091,0.8734212204411503,-1.74693188,40.94642158779814,1,0.6973360382276123,train_dev
4/30/2024,-0.015841274,-0.007257985,-0.032495567,-0.198815062,0,-0.033557305,0.008870832,1.024015815801698,0.3093102712895825,38.76342095520177,1,0.6557286970003989,train_dev
5/1/2024,-0.003247141,-0.010011674,-0.036695481,-0.518927947,0,-0.036528537,0.008720903,1.0087060952290376,0.4302789648576972,32.95344794282401,1,0.6438322013214738,train_dev
5/2/2024,0.009353453,0.003058651,-0.015670376,0.3016815918619465,0,-0.027516753,0.009158169,1.0614337517134935,-0.689242526,44.09736308316423,1,0.6447511661774895,train_dev
5/3/2024,0.012395303,0.005961516,-0.013772351,1.2206903651380758,0,-0.015462528,0.009065917,1.0336179472796454,0.048924815,56.95687550854358,1,0.5893022929130858,train_dev
5/6/2024,0.01032682,0.012763204,-0.004144818,1.9259721117817608,0,-0.005295386,0.009154037,1.0050787232013751,-1.762799948,62.182361733931344,1,0.6532942837453857,train_dev
5/7/2024,0.001103432,0.030200406,-0.004197797,1.807629764665586,0,-0.001660232,0.008662195,0.9511180794999824,-1.271891087,66.22970064566624,1,0.6435890250590318,train_dev
5/8/2024,9.668561704767598e-05,0.03365644,0.005971369,1.5818956035322531,0,-0.001563707,0.008643849,0.981363781,-1.720217987,67.62417713943759,1,0.6633004884654422,train_dev
5/9/2024,0.005761906,0.029978417,0.004189189,1.8335800032889296,0,0,0.008415069,0.9628389734723491,-1.444057548,75.65128205128207,1,0.6268809238410599,train_dev
5/10/2024,0.00128804,0.018678245,0.019555643,1.7142455405790742,0,0,0.008141068,1.0062551955220524,-0.84832992,73.53990191707541,1,0.6333862328674821,train_dev
5/13/2024,0.000134398,0.008401572,0.032629597,1.512821861961589,1,0,0.008162874,1.0962953697144486,-1.639900319,69.56410256410261,1,0.6146444439214089,train_dev
5/14/2024,0.004588125,0.011911668,0.039262805,1.5566324263166087,1,0,0.005171929,0.6963486703647219,-0.29906988,71.73754556500603,1,0.5842040417918899,train_dev
5/15/2024,0.012382954,0.024343085,0.058395765,2.2303182805824515,1,0,0.005037995,0.6687937437686122,-0.126631648,78.75738350470357,1,0.5532955059727022,train_dev
5/16/2024,-0.002057458,0.016379261,0.05839606,1.5563170876009609,1,-0.002057458,0.00540808,0.7179234578016459,-0.646712383,74.30406852,0,0.6107008392260169,train_dev
5/17/2024,0.001437515,0.016530988,0.069250343,1.348764557698649,1,-0.0006229,0.004719905,0.6708405344644995,0.08958757,73.65211027,0,0.5954165151529743,train_dev
5/20/2024,0.001152139,0.017565414,0.060714,1.2041935797980925,1,0,0.004097445,0.5926383290988109,-1.503279511,91.88544153,0,0.6072768080148467,train_dev
5/21/2024,0.002452553,0.015402255,0.050845446,1.1777026705384033,1,0,0.004065189,0.6169207564955146,-1.613345174,96.71587827658956,0,0.5892561243719189,train_dev
5/22/2024,-0.002879404,9.437879874685252e-05,0.048317208,0.6441392070116532,1,-0.002879404,0.004375939,0.6562444332362887,-0.466099261,91.27829560585916,0,0.5733459940077353,train_dev
5/23/2024,-0.00730423,-0.005163707,0.044628493,-0.200752156,1,-0.010162602,0.005151249,0.7485276977447425,0.2401702996082726,76.52802893309244,1,0.584799691,train_dev
5/24/2024,0.006616473,-1.89E-05,0.041671585,0.2959017045605256,1,-0.003613369,0.005438217,0.8054844943232615,-0.88640971,74.89361702127681,0,0.6003297213340705,train_dev
5/28/2024,0.000698852,-0.000471645,0.038720935,0.1970618494311146,1,-0.002917043,0.005423621,0.8036554622884139,-1.189319298,74.69785575048749,0,0.6207940704501725,train_dev
5/29/2024,-0.00700251,-0.009899127,0.048049723,-0.557227322,1,-0.009899127,0.005952609,1.037423793031646,-0.45628426,65.19959058341878,1,0.6274210833224114,train_dev
5/30/2024,-0.00663372,-0.013627012,0.044488858,-1.082843899,1,-0.016467179,0.004646549,0.7798896360960083,-0.259814787,54.09121395036901,1,0.6582497168502167,train_dev
5/31/2024,0.00910813,0.002680812,0.044234996,-0.156948423,1,-0.007509033,0.005683924,0.9564583118462756,2.972650665022899,59.62842819227373,1,0.48619311076683636,train_dev
6/3/2024,0.000815367,-0.003097613,0.032290872,-0.044315328,1,-0.006699789,0.005666957,1.0420944140209731,-0.191404578,60.05252407353379,1,0.6027760012069058,train_dev
6/4/2024,0.001117848,-0.002680206,0.0228817,0.099077987,1,-0.005589431,0.005665993,1.1251866127781065,-1.080774991,57.83800431167244,1,0.6271054971676855,train_dev
6/5/2024,0.011885161,0.016289679,0.033897977,1.225298088974207,1,0,0.006839067,1.2258892247228068,-0.057386176,57.57669662224984,1,0.563830275,train_dev
6/6/2024,-1.87E-05,0.023057347,0.033778689,1.1309277239015452,1,-1.87E-05,0.006734425,1.206745957390135,-1.265972273,59.57037512023079,1,0.6212540451025687,train_dev
6/7/2024,-0.001215726,0.012590781,0.026606686,0.8544135255700814,1,-0.001234406,0.006157994,1.113617457383141,-0.33850851,57.33590733590732,1,0.6015391073544638,train_dev
6/10/2024,0.00308983,0.014892005,0.028454036,1.0473337508583198,1,0,0.005931604,1.0699739086471098,-0.82228417,58.71731009,1,0.6109444714869579,train_dev
6/11/2024,0.002408244,0.016200155,0.030792267,1.1544359502808932,1,0,0.005940679,1.072462785696514,-0.772334851,58.704453441295655,1,0.6106504017651903,train_dev
6/12/2024,0.008213055,0.012512391,0.034511752,1.692877591,1,0,0.005493903,0.9635933226145044,1.1506724253432614,66.47613604,1,0.5181649043292622,train_dev
6/13/2024,0.002013448,0.014570007,0.023915588,1.519280147923024,1,0,0.004402804,0.8595531202759557,-0.12555787,75.59764048,1,0.5523345342529756,train_dev
6/14/2024,0.000608351,0.016422913,0.026650778,1.2889248012122136,1,0,0.004058684,0.8009230201193025,-0.429439391,72.95251204404688,0,0.5795702771392085,train_dev
6/17/2024,0.007959026,0.021356831,0.033336481,1.7286999142808843,1,0,0.00427551,0.8097145376565191,0.7419590802649344,76.18903362617411,0,0.5147122644468125,train_dev
6/18/2024,0.002540669,0.021491759,0.034769649,1.6074084914591047,1,0,0.004206626,0.796340307,-0.342381029,86.47768002606716,0,0.5405354072943483,train_dev
6/20/2024,-0.002716549,0.010418206,0.029433905,1.1004609589572911,1,-0.002716549,0.003551637,0.6613078968140399,1.5909949535764465,92.50609968630192,0,0.4730987527184448,train_dev
6/21/2024,-0.004552102,0.003797585,0.027707,0.4573539151819807,1,-0.007256285,0.004122291,0.7557989577467139,1.0857024546858671,82.43754731264195,0,0.5164285629991785,train_dev
6/24/2024,-0.003250629,-7.37E-05,0.031903567,-0.030207919,1,-0.010483327,0.004334378,0.8362618979263885,-0.173581283,76.9092219,1,0.5749922498514954,train_dev
6/25/2024,0.003850831,-0.00414915,0.02906845,0.1855389916902621,1,-0.006672866,0.00436937,0.8605300581583398,-0.65940822,78.09295967190714,1,0.5774767632635356,train_dev
6/26/2024,0.001248096,-0.005433098,0.029633265,0.152934675,1,-0.005433098,0.004364093,0.8599598196738317,-0.652108914,72.90786136939994,1,0.5970530331695821,train_dev
6/27/2024,0.001576506,-0.001151737,0.038528797,0.2186441859355831,1,-0.003865157,0.003699213,0.7926662987250401,-0.842867863,73.88820889432893,1,0.6117410166440862,train_dev
6/28/2024,-0.003935062,-0.000532589,0.041350146,-0.208121315,1,-0.00778501,0.003973348,0.8947917301159141,1.686460984621322,69.62706651287974,1,0.536194299,train_dev
7/1/2024,0.002057991,0.004790507,0.034074748,-0.049669087,1,-0.00574304,0.004010782,0.9740158024682316,-0.480320395,68.99529042386197,1,0.5946706488916574,train_dev
7/2/2024,0.006729747,0.007672118,0.040185676,0.587758931,1,0,0.003767471,0.883987586,-0.442297021,71.64393395549172,1,0.5883467987920661,train_dev
7/3/2024,0.004462578,0.010907224,0.043660932,0.9816901331077312,1,0,0.003936586,0.9172361759055142,-1.020384209,69.49806949806955,1,0.6141534303247674,train_dev
7/5/2024,0.005766511,0.015136263,0.037350141,1.4221112051830247,1,0,0.004066999,1.086183393604905,-0.32657098,71.77563415505536,1,0.562184311,train_dev
7/8/2024,0.001153902,0.020322664,0.038566566,1.3395627258458804,1,0,0.00350069,0.9403493522335464,-0.775738002,72.08480565371029,1,0.5939698790198424,train_dev
7/9/2024,0.000972482,0.019217369,0.040841932,1.196545094383615,1,0,0.003023674,0.8266051748470553,-1.333672007,67.78140293637853,1,0.63432646,train_dev
7/10/2024,0.00989529,0.022422178,0.047903521,1.8920052205766444,1,0,0.003841948,0.9466856063682204,-0.49976004,72.40656653859595,0,0.5694318926880778,train_dev
7/11/2024,-0.008622533,0.009103108,0.036372102,0.8126899930071685,1,-0.008622533,0.005322637,1.1224514661688578,0.5174809584847359,64.82176360225142,0,0.5674485393282759,train_dev
7/12/2024,0.006307504,0.009645896,0.034413329,1.1988665524544804,1,-0.002369415,0.005487935,1.186840858,0.580128986,73.45454545454548,0,0.5148242393935044,train_dev
7/15/2024,0.002750049,0.011255583,0.035173749,1.1607189503627122,1,0,0.00500581,1.081281483502458,-0.382181701,78.66951480012202,0,0.5523948265379849,train_dev
7/16/2024,0.005930226,0.016264258,0.040679465,1.404030956539852,1,0,0.005061637,1.0739214553187664,-0.683399625,79.44722140546895,0,0.5566171997897815,train_dev
7/17/2024,-0.014021173,-0.007803036,0.017985743,-0.159904774,1,-0.014021173,0.007344814,1.286428433119578,0.9068628638373568,63.85454545454553,0,0.5469594649285808,train_dev
7/18/2024,-0.007684849,-0.006864577,0.007602691,-0.948468685,1,-0.021598272,0.007784321,1.296166573,0.7729237214088391,57.040519364226505,0,0.5471161099002476,train_dev
7/19/2024,-0.006640611,-0.019643208,0.003638026,-1.506493693,1,-0.028095457,0.007795193,1.262499572286884,1.544219480529506,55.16345529335351,0,0.523366243,train_dev
7/22/2024,0.010309842,-0.012252239,0.018622248,-0.479792724,1,-0.018075275,0.008574521,1.327296754448236,-0.122159882,59.17602996254675,0,0.5506380904105008,train_dev
7/23/2024,-0.001568557,-0.01961548,0.020341232,-0.599511775,1,-0.01961548,0.008577504,1.337423950162613,-0.806561127,54.97600667640306,0,0.6089469423532293,train_dev
7/24/2024,-0.022662429,-0.028207706,-0.006607566,-2.500580965,1,-0.041833375,0.010274297,1.2423031649498293,2.059458474573155,41.18559366,1,0.5540670756609714,train_dev
7/25/2024,-0.005210354,-0.025784388,-0.013015343,-2.691829446,1,-0.046825762,0.010144442,1.2174343089694082,0.9910656538770536,35.92855904,1,0.5683081167997249,train_dev
7/26/2024,0.011199643,-0.008287947,-0.003532405,-1.324696556,1,-0.036150551,0.010756036,1.2314565693601671,0.4064612839059975,41.40501110053926,0,0.5459626840335104,train_dev
7/29/2024,0.00058776,-0.017831065,0.000992246,-0.965691764,1,-0.035584039,0.010654216,1.226113603948891,-0.551649283,41.19987269255247,0,0.6043817617916412,train_dev
7/30/2024,-0.005066451,-0.021271985,-0.00612462,-1.056251894,1,-0.040470205,0.010190225,1.164579943791943,0.018601481,33.92678868552409,0,0.6074583339280474,train_dev
7/31/2024,0.016254613,0.017700423,0.003278629,0.6646892299144774,1,-0.02487342,0.011339774,1.2080035692769355,1.385634028638692,45.575152177306016,0,0.48114656232709535,train_dev
8/1/2024,-0.014160963,0.008543675,-0.015322961,-0.585491241,1,-0.038682151,0.011930448,1.2106282597843248,1.910102324623396,37.58045640725567,0,0.5191635188007684,train_dev
8/2/2024,-0.018618442,-0.021196091,-0.039196596,-2.148186097,1,-0.056580392,0.013032436,1.2415582543498516,1.9852964347343864,31.3921747,1,0.5234309519622345,train_dev
8/5/2024,-0.029123663,-0.050260665,-0.068253854,-4.343356654,0,-0.084056226,0.014479065,1.1977038090102263,3.451463108032481,23.361759425493677,1,0.5583967499355028,train_dev
8/6/2024,0.009219529,-0.036623616,-0.060577165,-2.893572546,0,-0.075611656,0.01529417,1.2348803274531277,0.9600291480580284,29.76619751075951,1,0.5607670131035569,train_dev
8/7/2024,-0.006683903,-0.058368584,-0.07599943,-3.136042073,0,-0.081790178,0.014121588,1.174558444,0.3449186852947316,30.042263442122533,1,0.6064744584045964,train_dev
8/8/2024,0.023117264,-0.022762012,-0.046416763,-0.752979374,0,-0.060563679,0.016524347,1.234881483319599,0.026117812,40.19251336898392,1,0.5457495738568284,train_dev
8/9/2024,0.004409686,0.000168887,-0.048215147,-0.101399919,0,-0.05642106,0.016086097,1.2073237261014789,-0.665685889,37.99068529607453,1,0.5992880489970432,train_dev
8/12/2024,0.000525338,0.030712436,-0.050326786,0.1667975250853773,0,-0.055925362,0.01608499,1.2104997846184309,-0.795471184,38.55340997879227,1,0.5941441002074006,train_dev
8/13/2024,0.016445703,0.038092502,-0.040399391,1.8133459557539071,0,-0.026753331,0.017041297,1.231705155903046,-0.445317224,50.47197296352404,1,0.5424104237427766,train_dev
8/14/2024,0.003154749,0.048374658,-0.023682982,2.2701625037616706,0,-0.019652033,0.016144695,1.1889703645463692,-0.808578167,53.15230224321136,1,0.5881523821391977,train_dev
8/15/2024,0.01714023,0.042250071,0.000741867,3.826644589870981,0,-0.002848643,0.016379105,1.1639706316732827,-0.072815303,54.90396635981362,1,0.5599961002628119,train_dev
8/16/2024,0.002242031,0.04000075,0.009690523,3.642860214611444,0,-0.000612999,0.014710628,1.0517597428582812,-0.687015994,55.37059948262287,1,0.6260725179844517,train_dev
8/19/2024,0.009561437,0.049393365,0.008942576,3.814117428809954,0,0,0.008995455,0.6443623540638334,-0.884773556,59.628212137780224,1,0.6366849633921825,train_dev
8/20/2024,-0.001626132,0.030735739,0.008884395,2.947273380565869,0,-0.001626132,0.009462168,0.6777714235952088,-1.095876859,54.72172351885104,1,0.6815849314724212,train_dev
8/21/2024,0.003436549,0.031025287,0.035825804,2.5084978817006984,1,0,0.008329791,0.6480237943397748,-0.716594643,61.33642332947085,0,0.6065513900019941,train_dev
8/22/2024,-0.007848453,0.005695482,0.03307888,1.2306673121512577,1,-0.007848453,0.007755689,0.5991944051485998,-0.130763382,66.20344635908843,1,0.6060178392711114,train_dev
8/23/2024,0.010625292,0.014107629,0.032492102,1.7665631132642357,1,0,0.007971961,0.6169303069460442,-0.3400256,85.88612670408986,1,0.5308635361245982,train_dev
8/26/2024,-0.00238379,0.002108611,0.029425802,1.020672858676609,1,-0.00238379,0.008217519,0.6344475396676159,-0.91093741,82.79022403258656,0,0.5863411793447555,train_dev
8/27/2024,0.001373063,0.005119026,0.036088561,0.8049171028728439,1,-0.001014,0.007222144,0.5616275912855063,-0.983209492,88.16725978647689,0,0.5818720704158324,train_dev
8/28/2024,-0.005805257,-0.004138275,0.013598155,-0.041358492,1,-0.006813371,0.007810849,0.6248640584743088,-0.61071196,79.12365704655575,0,0.586014722,train_dev
8/29/2024,8.955758552753323e-05,0.00382942,0.02824994,-0.126820246,1,-0.006724423,0.005937956,0.4947635124573341,-0.630813339,78.06551571491815,0,0.5986772896110728,train_dev
8/30/2024,0.009545984,0.002757369,0.05775943,0.6578618418702936,1,0,0.006531809,0.5861799630765646,0.3304360190021239,80.27075452916586,0,0.5602280726165629,train_dev
9/3/2024,-0.020579052,-0.015531661,0.067068692,-1.280838562,1,-0.020579052,0.008990726,0.9034179040578884,0.7734143505268553,59.46098756125152,0,0.6343198884712871,train_dev
9/4/2024,-0.002046805,-0.018893796,0.055156564,-1.346182771,1,-0.022583735,0.008993316,0.9067781047295506,-0.080014663,56.85975609756104,1,0.6305198720020765,train_dev
9/5/2024,-0.002432163,-0.015565108,0.059673004,-1.391722151,1,-0.024960971,0.008835688,0.9062701380493712,-0.26097274,46.112359550561735,1,0.6630201322491864,train_dev
9/6/2024,-0.016830116,-0.032219934,0.018298313,-2.774654045,1,-0.041370991,0.009895298,1.0428941079333152,2.1069502540252647,36.71681584460107,1,0.5887964853261743,train_dev
9/9/2024,0.01119624,-0.030637951,0.025178709,-1.407230846,1,-0.030637951,0.009982911,1.025291925057788,-0.616550382,37.60796094630107,1,0.6405465515869959,train_dev
9/10/2024,0.004355704,-0.005959281,0.029103456,-0.762917059,1,-0.026415697,0.010237422,1.0490792749792663,-0.959804413,40.94646446190379,1,0.6467608663403412,train_dev
9/11/2024,0.010258933,0.006298212,0.022839643,0.3847581455562698,1,-0.01642776,0.010935491,1.1697483051620703,2.249782708827231,44.695414099931504,1,0.49592160373422245,train_dev
9/12/2024,0.008423217,0.017248594,0.028211494,1.2158428890570532,1,-0.008142918,0.011195835,1.1809072707445485,0.3098593939482384,52.444217339465176,1,0.5511664360096402,train_dev
9/13/2024,0.005222773,0.040065882,0.016164319,1.6770995404711042,1,-0.002962674,0.011307424,1.2862379565512694,-0.641647695,49.89231873653984,1,0.5750653220690206,train_dev
9/16/2024,0.001476842,0.030068996,0.015388501,1.8427376161662892,1,-0.001490207,0.010887029,1.2390888091269974,-0.815814549,51.85654772686113,1,0.589387569,train_dev
9/17/2024,0.000408642,0.026020882,0.006182877,1.6821518541593403,1,-0.001082174,0.008187891,0.95866489,0.1800030021855254,51.381013352844434,1,0.5726379665251496,train_dev
9/18/2024,-0.002965883,0.012589733,0.004832647,1.1896178803172357,1,-0.004044848,0.008243375,0.9627393813536697,0.8897530988738316,52.92012057272045,1,0.5535353396555132,train_dev
9/19/2024,0.017064482,0.021266701,0.018479541,2.521470112418461,1,0,0.009335213,1.0000655713623674,1.9033346231397497,60.08624820316243,1,0.4595520391883191,train_dev
9/20/2024,-0.004781253,0.011103005,0.021628133,1.5228879844781198,1,-0.004781253,0.006801655,0.7387778077056255,1.808960031836927,53.80769871688055,1,0.5460428109403418,train_dev
9/23/2024,0.0024989,0.012134887,0.013413267,1.355390604428049,1,-0.002294301,0.006479093,0.7247235305514778,-0.459074644,67.65001003411587,1,0.5791527413860075,train_dev
9/24/2024,0.002861306,0.0146163,0.018741418,1.2399367006731918,1,0,0.006492227,0.7276943771354403,-0.321745635,70.21657063381666,0,0.5733843268616168,train_dev
9/25/2024,-0.002205496,0.015390096,0.015100791,0.737808488,1,-0.002205496,0.006362262,0.7109542264791049,-0.952603375,70.32835820895512,0,0.6040562252971654,train_dev
9/26/2024,0.003964634,0.002311815,0.025076124,0.9016442577919824,1,0,0.006074139,0.6874301333774188,-0.270241336,86.91631993,0,0.5425510154784174,train_dev
9/27/2024,-0.001450288,0.00566652,0.023497806,0.5875395154647299,1,-0.001450288,0.006090547,0.6879186886873786,-0.745713382,82.93901156677182,1,0.5777575726314704,train_dev
9/30/2024,0.004007209,0.007179595,0.017882487,0.7968743412083923,1,0,0.00613325,0.7079541101105178,0.838231206,82.89855072463767,0,0.5040386441975018,train_dev
10/1/2024,-0.00895845,-0.004691055,0.029959426,-0.2034122,1,-0.00895845,0.007041243,0.9451168802215042,1.3910266931244883,68.95355045381744,1,0.5405870965416484,train_dev
10/2/2024,0.000422074,-0.00207003,0.032507487,-0.291836466,1,-0.008540156,0.006909302,0.9326123564537404,-0.981837654,64.78958522555251,1,0.6230896681036604,train_dev
10/3/2024,-0.001828218,-0.007828062,0.033132585,-0.418969185,1,-0.010352761,0.004174237,0.5646702561477976,-0.775097289,59.32584269662932,1,0.6577790493050752,train_dev
10/4/2024,0.009087387,0.002642308,0.060367163,0.4026760963198422,1,-0.001359453,0.004858849,0.7903268456655668,-0.555959809,64.28974069898537,1,0.6268747280319649,train_dev
10/7/2024,-0.009040455,-0.010387619,0.039146429,-0.472396778,1,-0.010387619,0.005715761,0.8957911654516019,-0.104352103,55.849616621320685,1,0.6412335059113152,train_dev
10/8/2024,0.009457555,0.008001829,0.044425008,0.4359695942749101,1,-0.001028305,0.006455655,0.9809337433047716,-1.00324203,63.33559937,1,0.6176102764494874,train_dev
10/9/2024,0.006926392,0.014555427,0.040979763,1.0059643817204185,1,0,0.006696094,1.0452667792658128,-0.888826926,57.99584631360331,1,0.6185692306694949,train_dev
10/10/2024,-0.001750009,0.01463492,0.030478098,0.761663242,1,-0.001750009,0.00668335,1.0652028462254273,-0.385424276,60.70652173913047,1,0.5998494678266054,train_dev
10/11/2024,0.005988232,0.011518727,0.031262789,1.2214759005634137,1,0,0.006831314,1.0842836570266243,-0.542260672,62.760752,1,0.5858371325362317,train_dev
10/14/2024,0.008178336,0.029094752,0.038163599,1.8614397132706453,1,0,0.007127023,1.1012818876625126,-1.000248632,65.52217454,0,0.5837156017402086,train_dev
10/15/2024,-0.007769715,0.011532355,0.029676594,0.8737590429363199,1,-0.007769715,0.006934048,1.0168097239854597,0.3491482340110492,60.76957098628926,1,0.5794396210807977,train_dev
10/16/2024,0.004346476,0.008940638,0.037228358,1.075851151,1,-0.00345701,0.006947925,1.027191104314082,-1.28127288,60.99384345,0,0.6250222222827392,train_dev
10/17/2024,8.586639189434031e-05,0.010796174,0.019913132,0.8302239613543425,1,-0.00337144,0.006845345,1.1920647205316972,-0.950939103,62.17002237,0,0.5973355123499062,train_dev
10/18/2024,0.003846484,0.008644191,0.028754949,1.0150056331603108,1,0,0.006480192,1.155610459017146,-0.669932623,62.12765957446807,0,0.5931779890907156,train_dev
10/21/2024,-0.001642177,-0.00118086,0.024505415,0.5740144304918702,1,-0.001642177,0.005410258,0.9588367700131106,-0.718648003,68.54460093896701,0,0.6028956708061975,train_dev
10/22/2024,-0.000531158,0.006105764,0.021039734,0.3450802836332811,1,-0.002172463,0.004939296,0.8754857,-0.862147048,67.83423778983716,0,0.6090188520767815,train_dev
10/23/2024,-0.009137352,-0.007401683,0.01394639,-0.586344318,1,-0.011289964,0.005637957,0.9317659325007884,0.5437368723756626,61.34285076957384,1,0.5834224159418318,train_dev
10/24/2024,0.002162667,-0.005340431,0.012126507,-0.424610201,1,-0.009151713,0.005626317,0.9356738427361506,-0.763198111,57.64907135874872,0,0.6183462716802439,train_dev
10/25/2024,-0.00034528,-0.009493833,0.01324654,-0.449750368,1,-0.009493833,0.005293075,0.8824511089867852,0.380612457,65.63717306622138,0,0.567720304,train_dev
10/28/2024,0.003091324,-0.00479756,0.012322225,-0.082056469,1,-0.006431858,0.004611739,0.7718618337264824,-1.168199136,61.83559950556242,0,0.6308970990120613,train_dev
10/29/2024,0.001618374,-0.002657204,0.023126165,0.04539936,1,-0.004823894,0.003886084,0.7023103750033173,0.432009287,57.89294237981581,0,0.5998934582199127,train_dev
10/30/2024,-0.003025251,0.00349487,0.019600605,-0.21796837,1,-0.007834551,0.003740084,0.666612523,0.181367432,56.44946808510632,1,0.6162792593808797,train_dev
10/31/2024,-0.01960311,-0.018299841,0.00144412,-1.942728649,1,-0.027284079,0.00711913,0.9821458340882044,2.408009999070565,35.605263157894754,1,0.5828136115362051,train_dev
11/1/2024,0.004220597,-0.013815971,-0.003385808,-1.29824337,1,-0.023178638,0.007156236,1.0210686437741934,0.5435546328365863,31.37969713965225,1,0.6108580363883247,train_dev
11/4/2024,-0.002153965,-0.018972849,0.003539979,-1.275016503,1,-0.025282677,0.007152686,1.065740288386151,-0.332376597,34.59041731066462,1,0.6461904985538062,train_dev
11/5/2024,0.01209175,-0.008714784,0.006158731,0.033477477,1,-0.013496639,0.008500217,1.2274344530080032,-0.182616697,42.374727668845495,1,0.587237649,train_dev
11/6/2024,0.024865615,0.019016914,0.024084278,2.2893259399250887,1,0,0.011278411,1.289441993327965,2.647228253445214,58.51793765928242,1,0.4110561706434135,train_dev
11/7/2024,0.007732133,0.047428953,0.033811813,2.7890288877882368,1,0,0.011408069,1.2914638363854385,0.4786350887752003,60.32995875515556,0,0.5075676761415457,train_dev
11/8/2024,0.004331694,0.04754483,0.032109459,2.894228056776825,1,0,0.011358315,1.2908901289266637,0.3753862287243262,63.24599708879186,0,0.5076533526031686,train_dev
11/11/2024,0.000952875,0.050806409,0.024712486,2.675608798,1,0,0.011383137,1.3140596750228566,-0.534580504,63.98044186888799,0,0.5384837911726407,train_dev
11/12/2024,-0.00310642,0.035026877,0.029528442,2.0917782680828534,1,-0.00310642,0.011548465,1.3638766897844108,0.079048757,68.27053140096612,0,0.5204705308494326,train_dev
11/13/2024,0.000485844,0.010405387,0.025571012,1.8421250093794588,1,-0.002622086,0.011409947,1.3514400386125218,0.4730837237329107,67.67080133884622,0,0.5111697185300135,train_dev
11/14/2024,-0.006430114,-0.003794429,0.018888984,0.7626613501704118,1,-0.00903534,0.009023659,1.0473201572224586,-0.495997011,63.14532426970422,1,0.5932857111338642,train_dev
11/15/2024,-0.012808629,-0.020796068,0.001984297,-0.775837244,1,-0.021728238,0.01052248,1.1545510763380773,2.699280173930401,54.08366533864537,1,0.49512172395867715,train_dev
11/18/2024,0.004097311,-0.017719955,0.007744633,-0.677852757,1,-0.017719955,0.010393835,1.1365340776413964,-0.721381593,55.17017828200971,1,0.5957418359616539,train_dev
11/19/2024,0.00365553,-0.011057128,0.011965988,-0.543196231,1,-0.0141292,0.009925675,1.0824030152999022,0.3039259622337185,58.286358511837605,1,0.5587860519678016,train_dev
11/20/2024,0.000338811,-0.011202465,0.021643973,-0.500446526,1,-0.013795177,0.006008882,0.6767726514186452,0.3562617192898187,71.46504320502743,1,0.5658943441165748,train_dev
11/21/2024,0.005368332,0.000539311,0.024911954,0.066410912,1,-0.008500902,0.005706519,0.639202473,0.00773419,71.89011414200031,1,0.5702310020506197,train_dev
11/22/2024,0.003099365,0.016662399,0.028443631,0.4219167363677982,1,-0.005427884,0.005607556,0.6280858753282861,-0.729584472,74.56978967495216,1,0.59147679,train_dev
11/25/2024,0.003392051,0.015948313,0.028751958,0.7834571628562002,1,-0.002054245,0.00572641,0.6411700737772604,-0.424680255,71.95867594349556,1,0.5866904734848756,train_dev
11/26/2024,0.005221495,0.017533458,0.032452687,1.2456595759026374,1,0,0.005859299,0.6531462470320111,-0.130468846,63.26981496824078,1,0.5945014906691503,train_dev
11/27/2024,-0.003030051,0.014106689,0.032447716,0.9109843889023804,1,-0.003030051,0.005974073,0.6659304978372862,-1.184400522,54.81171548117158,1,0.664467209,train_dev
11/29/2024,0.006212114,0.014957805,0.059633512,1.3806818946603343,1,0,0.005726395,0.7646398679493287,-1.390050615,56.30057803468196,1,0.6672225833457011,train_dev
12/2/2024,0.001792382,0.013635371,0.057071308,1.257775123630345,1,0,0.002739804,0.365960318,-1.136133037,56.93534605525492,1,0.6879673663403884,train_dev
12/3/2024,0.00046386,0.010677288,0.05984451,1.0376304148513986,1,0,0.002820037,0.3801658907399736,-1.442091837,60.45332538025649,0,0.6954616757318715,train_dev
12/4/2024,0.006209535,0.01167069,0.053684758,1.3706034258412811,1,0,0.003028995,0.423784622,-0.103336543,64.15247364152467,0,0.6239861178036783,train_dev
12/5/2024,-0.001645657,0.013075497,0.026427991,0.9316873523441768,1,-0.001645657,0.003271251,0.6648264495174855,-1.241661353,69.48755490483163,0,0.6313062653385908,train_dev
12/6/2024,0.001895625,0.008729566,0.020483202,0.8856813738020253,1,0,0.003139157,0.6696866889430939,-0.91864547,89.81949458483771,0,0.5626089424902122,train_dev
12/9/2024,-0.005149636,0.001739476,0.010849396,0.2136259904440052,1,-0.005149636,0.003912229,0.8128097518129465,-0.541696966,79.07140344706309,1,0.5744438491605593,train_dev
12/10/2024,-0.003109082,-0.001838022,0.006747278,-0.185124471,1,-0.008242707,0.004104976,0.8410833486778031,-0.311051288,72.19460227,1,0.5763635881783157,train_dev
12/11/2024,0.007730591,-0.000329131,0.017691406,0.4732062077509397,1,-0.000575838,0.004460686,0.8790157289711147,-1.003023187,75.99632127529136,0,0.5808940898636835,train_dev
12/12/2024,-0.005152603,-0.003840702,0.011955994,-0.13533857,1,-0.005725473,0.004723742,0.8994565900165507,-0.676035145,66.35972989564166,0,0.6099845294713869,train_dev
12/13/2024,-0.000198567,-0.005922904,0.018302857,-0.182549582,1,-0.005922904,0.004346379,0.8709085777490908,-0.272645111,64.09591704,0,0.6010093011833189,train_dev
12/16/2024,0.004270039,0.003489449,0.035919761,0.1913706530874397,1,-0.001678156,0.004509499,1.1717438912854037,0.8783430389731188,64.73583704646728,0,0.5449899795147509,train_dev
12/17/2024,-0.004120042,0.002471798,0.027441979,-0.227682117,1,-0.005791283,0.004744008,1.1794940396181892,2.103387725238433,55.909090909090914,0,0.529310681,train_dev
12/18/2024,-0.029803571,-0.034866493,-0.006810097,-2.858345305,1,-0.035422254,0.010153325,1.2684175960358886,3.799625638032989,36.64609491381135,1,0.5250362696902632,train_dev
12/19/2024,-0.000307021,-0.030165638,-0.007451312,-2.556215969,1,-0.035718399,0.010189663,1.2731887586586748,2.1217336199817827,31.070195627157705,1,0.5441932223208001,train_dev
12/20/2024,0.008616277,-0.021615001,-0.004244782,-1.443626221,1,-0.027409881,0.010781768,1.3218241404347628,2.8724190421492923,36.84099536060727,0,0.48099225259763534,train_dev
12/23/2024,0.005988328,-0.019941001,-0.001376971,-0.688031262,1,-0.021585693,0.011074484,1.3435013876132953,0.3534770792972063,40.90370955011847,0,0.5673092782917346,train_dev
12/24/2024,0.011115035,-0.004947955,0.006309307,0.4409848662011613,1,-0.010710584,0.011753031,1.3688888512053503,-0.518479994,44.06051550242807,0,0.581615186,train_dev
12/26/2024,6.652253450867285e-05,0.025687385,0.001148756,0.5504574883621433,1,-0.010644774,0.011424724,1.3426779552160215,-0.214241468,44.94104222,0,0.572803209,train_dev
12/27/2024,-0.010526491,0.015202184,-0.006379106,-0.352695289,1,-0.021059213,0.011765537,1.3349677775097455,0.5828524621473623,38.91966759002773,1,0.5720547007748019,train_dev
12/30/2024,-0.011411573,-0.004956441,-0.023782259,-1.225321863,1,-0.032230467,0.01215661,1.349433149025356,0.2352219295714771,36.600455877564364,1,0.5803722493969531,train_dev
12/31/2024,-0.003638095,-0.014478131,-0.029074102,-1.241224981,1,-0.035751304,0.01191403,1.3242637927085887,0.2087234037424949,36.44617380025946,1,0.5662962476326737,train_dev
1/2/2025,-0.002457002,-0.027706636,-0.031908728,-1.156588293,0,-0.038120465,0.011914501,1.3256053053224106,-0.088903134,30.48238111529244,0,0.6575821742252306,train_dev
1/3/2025,0.012503421,-0.015615126,-0.025853273,-0.016552712,0,-0.026093681,0.008435922,0.89965145,-0.542092323,40.11813537675607,0,0.6564860042419198,train_dev
1/6/2025,0.005760622,0.000588225,-0.018626578,0.4023785191256222,0,-0.020483375,0.008549321,0.8993157383353014,-0.214146357,43.28833611406035,0,0.6502348608022743,train_dev
1/7/2025,-0.011304085,0.000697018,-0.031555914,-0.69037424,0,-0.030997926,0.00903998,0.9264815786563456,0.2219000077236547,37.04337899543382,1,0.6639983610162034,train_dev
1/8/2025,0.00146102,0.005818318,-0.025120725,-0.457951848,0,-0.029582195,0.008795085,0.9028797077582842,-0.318964924,39.187609585038025,1,0.660897575,train_dev
1/10/2025,-0.015267435,-0.007098385,-0.037010617,-1.632038175,0,-0.044397985,0.008766379,0.8567705623710362,0.6353145652989701,45.12872286723881,1,0.6346913553976403,train_dev
1/13/2025,0.001550414,-0.017839345,-0.042916406,-1.145332803,0,-0.041859622,0.00884531,0.882858634,-0.41870892,46.08478802992516,1,0.6379598519933813,train_dev
1/14/2025,0.001376013,-0.02212107,-0.036635613,-0.793055735,0,-0.040541209,0.008566182,0.8547316913439855,-0.444950306,41.98568872987487,1,0.6553457108082029,train_dev
1/15/2025,0.018189938,0.007050269,-0.018917264,0.9330836029286598,0,-0.023088713,0.010001626,0.9111983199112944,-0.134345798,48.48292295472591,1,0.6023804612321979,train_dev
1/16/2025,-0.001923142,0.00364722,-0.024967452,0.6436950545711861,0,-0.020933658,0.009931193,0.9102781694765152,-0.722663164,41.59707724425892,1,0.672415419,train_dev
1/17/2025,0.010039889,0.029440645,-0.01110394,1.4308749893915071,0,-0.006252702,0.010231131,0.9161560055472262,-0.087711113,47.03376459450932,1,0.6273540557646693,train_dev
1/21/2025,0.009153586,0.037255543,0.02860408,2.166841730762709,0,0,0.009907423,1.1047708681208437,-0.702050275,56.42994241842609,1,0.6449479428853547,train_dev
1/22/2025,0.005621424,0.041653069,0.034703975,2.548666819983496,0,0,0.009901498,1.0995985901297327,-0.350063245,65.40933694181325,0,0.617310116,train_dev
1/23/2025,0.005458083,0.028627821,0.031464095,2.741457168,0,0,0.008774427,0.9853414635908933,-0.972656938,69.63012108143965,0,0.6375582870311339,train_dev
1/24/2025,-0.002919229,0.027601244,0.022330962,2.123535261234152,0,-0.002919229,0.008997676,1.0114251743322384,-1.451549291,69.23965033811649,0,0.6618493173908071,train_dev
1/27/2025,-0.014145435,0.002995415,-0.003209712,0.3606735251567265,1,-0.01702337,0.008746284,0.9513184772013852,1.8005084730935694,55.99160206718343,0,0.5222374155395848,train_dev
1/28/2025,0.008592355,0.002437609,0.00528819,0.8324868354991978,1,-0.008577286,0.00887762,0.944591425,-0.684809634,57.19447062519633,0,0.5823117689214792,train_dev
1/29/2025,-0.004482896,-0.007634721,0.011428379,0.053034875,1,-0.01302173,0.009251418,1.0138607948933505,-1.252634341,61.04963112005361,1,0.6206396712787038,train_dev
1/30/2025,0.005367142,-0.007724477,0.028594743,0.3854213503186559,1,-0.007724477,0.007731022,0.8861549213132234,-0.951872512,62.53830027,1,0.6150722373148496,train_dev
1/31/2025,-0.005321962,-0.010115631,0.026856402,-0.317192146,1,-0.01300533,0.007996534,0.91037199,1.521517356917021,68.96674373110446,0,0.526063689,train_dev
2/3/2025,-0.006729587,-0.00266947,0.022458265,-0.99113215,1,-0.019647396,0.007818077,0.8752594777691745,1.310543212689994,63.79252273492758,1,0.5441261345030377,train_dev
2/4/2025,0.006708266,-0.004532522,0.016606132,-0.305983662,1,-0.013070931,0.007535147,0.8727718317007941,-1.411453793,65.64946477,1,0.6123110355211715,train_dev
2/5/2025,0.004054638,0.004004586,0.014881752,0.1350668290783229,1,-0.009069291,0.007416347,0.8632764218617507,-1.478367876,60.50698016164589,0,0.6282339556994077,train_dev
2/6/2025,0.003475555,0.002115563,0.030052835,0.5402429600936617,1,-0.005625256,0.007269114,0.8952032842467619,-0.973910651,63.24909747292423,1,0.6158559937937058,train_dev
2/7/2025,-0.009153582,-0.001744708,0.019135185,-0.260981303,1,-0.014727347,0.007747437,0.9154182660330732,0.1835471656024429,52.899472823123006,1,0.6102522724161911,train_dev
2/10/2025,0.006791285,0.01184402,0.041964547,0.325100765,1,-0.00803608,0.006592256,0.8639298665726659,-1.618567897,51.67847817978372,1,0.6670723307693999,train_dev
2/11/2025,0.000760519,0.005865931,0.041142779,0.3882454985248011,1,-0.007281673,0.006021311,0.7885941216080478,-1.175567691,48.88538173209696,1,0.6746224651597622,train_dev
2/12/2025,-0.00322149,-0.001423323,0.036362699,0.039129599,1,-0.010479705,0.005926002,0.7670803991615104,0.004324008,43.52321102777216,1,0.6543263025540635,train_dev
2/13/2025,0.010557544,0.005624093,0.028594082,1.0167447269931795,1,-3.28E-05,0.006609625,0.9400277454320966,-0.262660314,51.63204748,0,0.6057246397470043,train_dev
2/14/2025,-4.92E-05,0.014864258,0.030525319,0.8800739930606809,1,-8.20E-05,0.006269236,0.8960383901123492,-1.254140685,61.389195148842376,0,0.635875099,train_dev
2/18/2025,0.00293587,0.010977928,0.023277218,0.947085693,1,0,0.005599749,0.8337359381110127,-1.145042807,58.29959514170044,0,0.634643145,train_dev
2/19/2025,0.002354904,0.012588591,0.016383384,0.9988992663973076,1,0,0.005382764,0.8334580015579404,-0.765164649,63.65422396856585,0,0.6035823483716528,train_dev
2/20/2025,-0.004160345,0.011634845,0.006496933,0.4767203745283757,1,-0.004160345,0.005630201,0.8733067781576318,-0.309325761,56.66833166833173,0,0.605915691,train_dev
2/21/2025,-0.017104099,-0.016056287,-0.016088561,-1.138015246,1,-0.021193285,0.007928628,1.0703653856725688,2.1905681098523893,48.011002962336015,0,0.5336690345152624,train_dev
2/24/2025,-0.004550455,-0.020485485,-0.017698242,-1.530115913,1,-0.025647301,0.007528021,1.0116880602146958,0.4815140685228768,49.39050936003489,0,0.573797507,train_dev
2/25/2025,-0.004973125,-0.028209783,-0.008558987,-1.848111009,1,-0.030492878,0.00716033,1.0471805595693515,1.0665672466440026,41.60356347438754,0,0.5794731307153617,train_dev
2/26/2025,0.000504847,-0.030003426,-0.016508966,-1.623557132,1,-0.030003426,0.00715084,1.0986587894448363,0.049867726,38.68101029,0,0.6042546605389234,train_dev
2/27/2025,-0.01596192,-0.041498738,-0.027849321,-2.899649971,1,-0.045486434,0.008454245,1.1570587643751689,1.8391387081302035,28.793619142572084,0,0.5778239174805959,train_dev
2/28/2025,0.015605504,-0.00960096,-0.017949226,-1.129182017,1,-0.030590769,0.009448858,1.1638998857763625,2.213196493500296,43.86748557602822,0,0.46472487857936184,train_dev
3/3/2025,-0.017519943,-0.022504647,-0.029992357,-2.440451023,1,-0.047574764,0.01049448,1.180293467907539,1.3904077020387962,32.450882450882304,0,0.5678632126594323,train_dev
3/4/2025,-0.011836854,-0.029247442,-0.034980009,-3.034072381,0,-0.058848482,0.010404154,1.1407563673264327,2.548613826096964,28.61223876108849,0,0.5912173950496885,train_dev
3/5/2025,0.010747842,-0.019309046,-0.031107714,-1.497323132,0,-0.048733134,0.011420744,1.2203043712991972,0.8355065297643576,35.65573770491791,0,0.5876269686866482,train_dev
3/6/2025,-0.017751175,-0.021092214,-0.052149879,-2.626174008,0,-0.065619239,0.012107662,1.2197696311826038,1.0906514225875787,25.23414504,0,0.6275381173160396,train_dev
3/7/2025,0.005604931,-0.030731428,-0.050138541,-1.678861775,0,-0.060382099,0.011981739,1.1974325680920606,1.025925960374091,28.32392197125237,0,0.5875194902335669,train_dev
3/10/2025,-0.026635644,-0.039724549,-0.066897482,-3.695470296,0,-0.085409427,0.013963352,1.2360798240522963,1.5566085655984636,22.17120367333537,1,0.6142485488762502,train_dev
3/11/2025,-0.008312819,-0.036299969,-0.08089609,-3.863147828,0,-0.093012253,0.013970112,1.2605557091873754,1.0246148993073063,19.89650438272245,1,0.5884987111569461,train_dev
3/12/2025,0.005306519,-0.041488012,-0.076721019,-2.753126892,0,-0.088199305,0.014317937,1.274506295045177,0.2409390335118374,22.91513303186447,1,0.5856610527431498,train_dev
3/13/2025,-0.01333047,-0.037174137,-0.086084593,-3.484682206,0,-0.100354037,0.01413911,1.2373805743459054,0.3681086,23.65906623235601,1,0.5979173730182232,train_dev
3/14/2025,0.020655761,-0.022763578,-0.076952094,-0.947215026,0,-0.081771165,0.01504997,1.222337029,-0.146823046,32.92973402,1,0.5339382241938689,train_dev
3/17/2025,0.007711306,0.011720004,-0.069788421,0.1094381586147255,0,-0.074690421,0.014889155,1.185370441974922,-0.815963205,36.73749143248797,1,0.5643148691317635,train_dev
3/18/2025,-0.010808428,0.009173982,-0.0825361,-0.694933675,0,-0.084691563,0.014823083,1.1798008501767792,-0.157308219,34.475731752500906,1,0.5657676179999024,train_dev
3/19/2025,0.010890877,0.014779824,-0.074723052,0.6704499665396375,0,-0.070857499,0.014837543,1.1467610394701797,-0.244769771,41.43239625167336,1,0.5223691986304845,train_dev
3/20/2025,-0.002891753,0.025515941,-0.073544349,0.5081483245679739,0,-0.057422409,0.013871672,1.0720091886891052,-0.570676842,35.22504892367907,1,0.5913624223239737,train_dev
3/21/2025,-0.002670251,0.002078854,-0.059939327,0.4529448540085745,0,-0.055642069,0.0136672,1.088886503397757,0.6676987641406003,38.77990701893639,0,0.5585750675693375,train_dev
3/24/2025,0.017908436,0.01221899,-0.038730095,2.0066206220115257,0,-0.03441316,0.011892579,0.8885923022506914,-0.88840082,48.47887940468375,0,0.5906416728711338,train_dev
3/25/2025,0.002403846,0.025738833,-0.031603393,1.8980382157484468,0,-0.032092038,0.011282571,0.8422494074463608,-1.913810102,45.609981515711695,0,0.6649488110911299,train_dev
3/26/2025,-0.011938275,0.002574366,-0.043647189,0.5085617618828039,0,-0.043067757,0.012254762,0.9021172093140722,-1.197259256,47.52046220510351,0,0.6543615713666151,train_dev
3/27/2025,-0.002655692,0.002811721,-0.030715323,-0.03507974,0,-0.045609075,0.011211536,0.849866784,-1.575631168,44.56869009584671,0,0.6741483795587249,train_dev
3/28/2025,-0.020138252,-0.014752296,-0.06482884,-1.924583983,0,-0.048152526,0.011436539,0.8678897981900896,0.088904807,46.82416731216108,0,0.633094652,train_dev
3/31/2025,0.006712738,-0.025588768,-0.041763023,-1.130812248,0,-0.040596165,0.011353964,0.8795485582887633,1.2977967461703594,52.26708480334509,0,0.553930423,train_dev
4/1/2025,0.002824505,-0.025179856,-0.027545678,-0.850679501,0,-0.037886324,0.010897183,0.8554131736560778,-0.829397287,51.397019691325184,0,0.6506447592602951,train_dev
4/2/2025,0.006328324,-0.007158058,-0.031797757,-0.177181436,0,-0.019794416,0.010480136,0.8346861472237752,0.4429706206872331,59.19169239404996,0,0.5860861962552123,train_dev
4/3/2025,-0.049280805,-0.053572688,-0.062876499,-4.610916691,0,-0.068099736,0.018724166,1.1586431985276329,2.6279078759927343,35.11232751739088,0,0.6109633190821698,train_dev
4/4/2025,-0.058542948,-0.090666955,-0.122655924,-9.248472896,0,-0.12195461,0.025163786,1.245760714743209,3.593406826660231,23.04609218436876,1,0.5573698464965368,train_dev
4/7/2025,-0.001781191,-0.098339262,-0.100253309,-8.261686459,0,-0.123518576,0.023389762,1.190869076795101,3.0629569921665656,24.146430527661156,1,0.49241603477836143,train_dev
4/8/2025,-0.015662794,-0.114961584,-0.106921859,-8.382465561,0,-0.137246724,0.022791589,1.152667950993764,1.3012988301189483,18.27000808407439,1,0.5870937528582449,train_dev
4/9/2025,0.1050193361263294,-0.028165521,-0.01834058,1.6136082443675568,0,-0.046640948,0.044178001,1.3963473633658436,2.1283479521544497,44.78774022,0,0.2882106577549523,train_dev
4/10/2025,-0.043819037,-0.022582448,-0.048674332,-2.068110623,0,-0.088416224,0.046049656,1.3956009474399618,0.8696798842317017,39.31438489911044,1,0.5520615463405718,train_dev
4/11/2025,0.017842846,0.056721026,-0.051296175,0.08510064,0,-0.072150975,0.046395433,1.4101717197314847,-0.094360268,39.0698181,0,0.4454818555335741,train_dev
4/14/2025,0.009701465,0.068876641,-0.049422551,1.4415034838058898,0,-0.06314948,0.046474768,1.4111113204647503,-0.551728804,40.30519688400383,0,0.4678850893509072,train_dev
4/15/2025,-0.002800861,0.082843216,-0.041727568,1.6039748791868744,0,-0.065773468,0.046433998,1.4126077017313587,-0.706879457,41.49181588487311,0,0.4889632482171384,train_dev
4/16/2025,-0.022228009,-0.041850461,-0.073122564,0.080535073,0,-0.086539464,0.046653676,1.4119905606410377,-0.32884411,39.24155844155842,1,0.5291314903952613,train_dev
4/17/2025,0.001426778,0.003488505,-0.069108207,0.4200622653603146,0,-0.085236159,0.044133172,1.335027744674507,-0.397802265,41.956772809767365,1,0.47623778746720963,train_dev
4/21/2025,-0.023802739,-0.037569764,-0.088832937,-2.130771633,0,-0.107010044,0.040309338,1.207565820015333,-0.541293292,38.06326391438912,1,0.5483264949263402,train_dev
4/22/2025,0.026017747,-0.022017362,-0.081573997,-0.019910686,0,-0.083776457,0.040943323,1.2145753651122906,-0.459788646,41.67078351941507,1,0.45399892097360506,train_dev
4/23/2025,0.015495495,-0.004073585,-0.069579119,0.7851308896581332,0,-0.05833729,0.040363296,1.1885084104802903,-0.287259165,42.97237248840803,1,0.48725717880000063,train_dev
4/24/2025,0.021048896,0.040006849,-0.03851633,2.9439456479166286,0,-0.035956126,0.023005056,0.6705663759837485,-0.709331469,52.62218489159537,1,0.5409448076819938,train_dev
4/25/2025,0.007225301,0.046028761,-0.028990619,3.1814144533431183,0,-0.02458726,0.017146576,0.4990388683741811,-0.782233954,63.91240338608762,1,0.5733346092371865,train_dev
4/28/2025,0.000381374,0.071942866,-0.008656373,2.894725536234961,0,-0.024215263,0.016572042,0.4865513284903847,-0.960915292,64.31343559416007,1,0.6005504014022377,train_dev
4/29/2025,0.006299356,0.051341868,-0.009063444,3.249744352947532,0,-0.018068448,0.016459342,0.4833005922765183,-0.90176099,68.31538948701711,1,0.5896365198179168,train_dev
4/30/2025,0.000396883,0.035710284,-0.011462289,2.966024591229289,0,-0.017678736,0.016366946,0.4806715573908979,-0.247086772,52.79297980751084,1,0.6215675610549953,train_dev
5/1/2025,0.007086955,0.021547861,-0.010717069,3.067840183668092,0,0,0.013711105,0.4025804358762125,-0.694272099,69.73331780598579,1,0.6157304981570704,train_dev
5/2/2025,0.014844128,0.029275025,0.056008944,3.824636093514724,0,0,0.013852484,0.4310215376846334,-0.67478196,69.35141509,0,0.6424869077905065,train_dev
5/5/2025,-0.00573435,0.022982663,0.1152430335655478,2.2991948733309666,0,-0.00573435,0.009942533,0.3453023584617435,-0.930808576,64.71581995897188,1,0.7479666321441198,train_dev
5/6/2025,-0.008358325,0.008081974,0.1078948411911653,0.8664259927797753,0,-0.014044746,0.009453232,0.3268448460925284,-0.754137363,62.309747879632816,1,0.7549796685913664,train_dev
5/7/2025,0.00420544,0.011919789,0.1302570093457942,0.8223539409924661,1,-0.00989837,0.008829334,0.3098565303956964,-0.529120693,73.20517850137308,1,0.6668741793050685,train_dev
5/8/2025,0.006967834,0.011800097,0.029966097,1.190881252126549,1,-0.002999506,0.006837458,0.4116007688224125,-0.237511909,74.26849177445685,1,0.5768568858720516,train_dev
5/9/2025,-0.001274201,-0.004269885,0.075793969,0.8146057379684983,1,-0.004269885,0.006827912,0.5347895694320254,-1.589967729,87.20141551164855,1,0.6420935689565714,train_dev
5/12/2025,0.033047454,0.03456904,0.091864254,3.551725240411084,1,0,0.011750851,0.8369088831543003,0.9185289922711984,88.12585499,1,0.4451885803728077,train_dev
5/13/2025,0.006603887,0.050178955,0.088514616,3.6369351836481054,1,0,0.011752833,0.8396459207211003,0.2277296145375018,87.38005234079681,1,0.5089846748621041,train_dev
5/14/2025,0.001278031,0.047117527,0.092967021,3.167231731662307,1,0,0.011711231,0.8414874861263051,0.094804003,85.10127016821151,0,0.5375967739271458,train_dev
5/15/2025,0.004884358,0.044950979,0.1232735989042348,3.092099519860329,1,0,0.011706442,0.9432315758525674,0.4623603209758024,84.81986708639391,0,0.538377526,train_dev
5/16/2025,0.006334045,0.052911365,0.1287779487471745,3.250424852387691,1,0,0.011264497,0.9109034471871214,0.7956935707642322,85.70252017789497,0,0.5238818957756005,train_dev
5/19/2025,0.001093908,0.020343402,0.1575659687086479,2.8035283463641543,1,0,0.010750518,1.047016146533137,0.2805960767295686,85.00604594921408,0,0.5856578017123404,train_dev
5/20/2025,-0.003362192,0.010241292,0.1244191559981033,1.8584856872376665,1,-0.003362192,0.010134481,1.0624739988875145,-0.170049782,82.10155857214687,0,0.5992353050266378,train_dev
5/21/2025,-0.016850805,-0.008049831,0.088603339,-0.230056624,1,-0.020156342,0.012463454,1.1845482628942838,2.069219568434902,68.55317206754908,1,0.543904268,train_dev
5/22/2025,0.000394606,-0.012481794,0.066582524,-0.497775624,1,-0.01976969,0.012455385,1.273649494194285,0.4619864618719249,64.15814114791057,1,0.5660079515328234,train_dev
5/23/2025,-0.006825704,-0.02539549,0.051703472,-1.425400522,1,-0.026460452,0.012796742,1.281851231381558,0.7371757990222251,63.35616438356167,1,0.5634618456618649,train_dev
5/27/2025,0.020790523,-0.006220055,0.073159662,0.484446711,1,-0.006220055,0.009798519,0.910617751,0.4505205080468571,74.60824585425229,1,0.5378050126856803,train_dev
5/28/2025,-0.005785334,-0.008636249,0.060272045,-0.112000734,1,-0.011969404,0.009855298,0.9010106722572968,0.1160169180773218,69.89520958,1,0.5976550195594129,train_dev
5/29/2025,0.003947391,0.012335724,0.064035056,0.2403866572663813,1,-0.008069261,0.0099238,0.9085564227611064,0.3358601250362134,69.1611716,1,0.5706162926128973,train_dev
5/30/2025,-0.001118549,0.010804507,0.055365552,0.1464671179620963,1,-0.009178785,0.00980745,0.8979852952555494,1.6359858419479645,69.22486569455104,1,0.5259133110520322,train_dev
6/2/2025,0.005632943,0.023484312,0.045786576,0.7360901731706974,1,-0.003597546,0.009758424,0.922902593,-0.372600022,59.755118426334846,1,0.5984034431505293,train_dev
6/3/2025,0.00570262,0.008356593,0.057816188,1.2892032835856382,1,0,0.00993401,0.952918521,-0.361975079,59.37183383991896,1,0.6109370446128638,train_dev
6/4/2025,-0.000268416,0.013951985,0.066445956,1.209046705988834,1,-0.000268416,0.009856802,0.9741009289199544,-0.930332959,58.552091878588925,1,0.645987861,train_dev
6/5/2025,-0.004832782,0.005084315,0.056847545,0.5459200108505887,1,-0.005099901,0.008068218,0.7851895951930247,1.6932189646202982,52.655320893992126,1,0.585904737,train_dev
6/6/2025,0.010268949,0.016542527,0.060312179,1.3027636173036643,1,0,0.008475974,0.8172187183622283,-0.312066229,54.83176838810636,0,0.62108753,train_dev
6/9/2025,0.000901292,0.011759545,0.062621824,1.0426425293011512,1,0,0.007833789,0.7579070425738292,-1.644374689,54.73436581062529,1,0.6896574239570435,train_dev
6/10/2025,0.005669691,0.011726417,0.034460282,1.411671725367208,1,0,0.005119867,0.6723675749646901,-0.406369287,59.75958786491128,0,0.6147643529956491,train_dev
6/11/2025,-0.002852026,0.009111808,0.02474269,0.8912033930153296,1,-0.002852026,0.00468945,0.6179117949387491,0.2369486866950884,70.95604893520611,0,0.5769597775543946,train_dev
6/12/2025,0.003974325,0.018042324,0.02750217,1.0598944122875429,1,0,0.004690506,0.6160676631463959,-0.61050269,72.31101511879044,0,0.5927055343643275,train_dev
6/13/2025,-0.011180124,-0.003571786,0.01107611,-0.197098193,1,-0.011180124,0.006307565,0.7826395429550834,1.4865704058891454,68.22906052577946,1,0.5353857239427157,train_dev
6/16/2025,0.009514238,0.005002668,0.014271289,0.5848031296313446,1,-0.001772257,0.006710262,0.8174471813256896,0.6629763715964122,63.49800983376255,1,0.5415784926618524,train_dev
6/17/2025,-0.008545165,-0.009202759,0.004505337,-0.298671828,1,-0.010302277,0.007254115,0.8568616770474261,0.7788687835110774,61.02610261026096,1,0.5679922134557142,train_dev
6/18/2025,-0.00015062,-0.006518558,0.007742262,-0.338798708,1,-0.010451346,0.007253248,0.8610249907138419,0.2590790830705188,58.75384979862603,1,0.5795747625053581,train_dev
6/20/2025,-0.005289234,-0.0156853,0.019593041,-0.886266374,1,-0.0156853,0.007290317,0.9687853742037288,1.7528561890658116,55.46857526280471,1,0.5484921306525313,train_dev
6/23/2025,0.009877499,0.005276382,0.029257919,0.075871902,1,-0.005962733,0.007231243,0.9295042729846704,1.0823841719131126,57.87134997884039,1,0.5444738283457041,train_dev
6/24/2025,0.011047238,0.006802947,0.047780214,1.0617832962750144,1,0,0.0080115,1.0267333484762025,-0.504709015,60.58206295783005,1,0.5981750948659641,train_dev
6/25/2025,0.000560335,0.016049403,0.02701514,1.0504170210499568,1,0,0.007856667,1.210700403602803,-0.901755561,61.03768001578225,1,0.5999252034867926,train_dev
6/26/2025,0.007823824,0.024153053,0.041073282,1.6631774831356114,1,0,0.008044132,1.2540633650442854,0.3746901013624769,67.90334855403351,1,0.5239804245877456,train_dev
6/27/2025,0.004968376,0.034714276,0.042132023,1.9791832510746643,1,0,0.008080551,1.255813871248389,0.9087269645211484,65.92607554029487,1,0.5083300318363185,train_dev
6/30/2025,0.004781187,0.029492627,0.048287212,2.1136711835666326,1,0,0.006671545,1.0399731001204102,1.377259,67.50144480832213,1,0.5076605944687016,train_dev
7/1/2025,-0.000323703,0.017914236,0.042077913,1.8286792029781127,1,-0.000323703,0.00639918,1.0007487813814888,-0.411792333,64.95586121946204,1,0.5923542938764285,train_dev
7/2/2025,0.004533312,0.021956121,0.040866312,1.905231174,1,0,0.00510157,0.8015254546597079,-0.710888852,69.17051617,1,0.5945249838297058,train_dev
7/3/2025,0.007881376,0.02201448,0.049351434,2.2398796677784203,1,0,0.00504545,0.7797798846598812,-1.8478364,70.64448269267547,0,0.6301753316699351,train_dev
7/7/2025,-0.007451946,0.009383487,0.046589664,1.0418701569316888,1,-0.007451946,0.005538084,0.8329010216524744,0.053991224,73.58565737051781,1,0.5826064555103938,train_dev
7/8/2025,-0.000547786,0.004030104,0.03538405,0.6556882292523684,1,-0.00799565,0.005364612,0.8379310873466075,-1.164680143,69.68345965225149,1,0.6197928082810968,train_dev
7/9/2025,0.005996711,0.010378046,0.040655016,0.976170944,1,-0.002046886,0.004760815,0.736135244,-0.70188023,80.54340317752698,1,0.5770033605987334,train_dev
7/10/2025,0.002820242,0.008655008,0.03770644,0.9554813138311689,1,0,0.004694697,0.7319782907351475,-1.337003899,81.46341463414616,1,0.6036763178488554,train_dev
7/11/2025,-0.003515388,-0.002750504,0.037016097,0.4102583919416753,1,-0.003515388,0.004781644,0.7423663922547109,-0.783977497,83.23516085183495,1,0.5941979251240045,train_dev
7/14/2025,0.001908213,0.006653992,0.034881988,0.4417566094697849,1,-0.001613883,0.004660864,0.7258140037823014,-1.579432717,81.24683223517471,1,0.6156813778148533,train_dev
7/15/2025,-0.004273299,0.002901635,0.042110553,-0.056386357,1,-0.005880285,0.004851564,0.8292157964689253,0.1729072043314819,71.63380281690135,1,0.5886273301974435,train_dev
7/16/2025,0.003343299,0.000256386,0.03574036,0.1720297585806448,1,-0.002556646,0.004903662,0.8763927780277302,1.2484194559586963,72.95918367346934,1,0.5279302114462983,train_dev
7/17/2025,0.006119637,0.003547346,0.051060198,0.6624384724005402,1,0,0.005051594,0.9881675096856898,-0.2327054,72.26659322500679,1,0.581811956,train_dev
7/18/2025,-0.000732437,0.006350021,0.050448581,0.5526083466451865,1,-0.000732437,0.004494755,0.8762356850493728,-0.441202579,68.78150014823609,1,0.6149145852655589,train_dev
7/21/2025,0.001896173,0.006337927,0.058036616,0.6128588344480953,1,0,0.003563617,0.742727909,-0.539750395,67.07317073170731,1,0.6326011970178517,train_dev
7/22/2025,0.000143137,0.010801427,0.04783804,0.4902587441194492,1,0,0.00353032,0.7788965384580615,-0.739005603,67.58707248195807,1,0.6310192418738683,train_dev
7/23/2025,0.008507458,0.016003973,0.045205841,1.1810653039930985,1,0,0.003959121,0.9194760872938624,0.168659036,69.98837884950618,1,0.5611150476669612,train_dev
7/24/2025,0.000331121,0.010158589,0.044966399,1.0758889666017055,1,0,0.003953638,0.9171467614293498,0.1997995320312361,65.26563550773369,0,0.5888857997657801,train_dev
7/25/2025,0.004224331,0.015169381,0.041234249,1.2853429568452135,1,0,0.003635136,0.8789663997842151,-0.976080371,79.57492795389086,0,0.5847392868301772,train_dev
7/28/2025,-0.000251138,0.012993622,0.035826381,1.065011393,1,-0.000251138,0.003714157,0.9047625170214312,-1.056506934,80.09427121102273,0,0.5905388713181152,train_dev
7/29/2025,-0.002637611,0.010177146,0.02817836,0.5890363239066271,1,-0.002888087,0.003436189,0.8272882494744161,-0.470702588,71.92638997650755,0,0.5950252195326392,train_dev
7/30/2025,-0.001259327,0.000394191,0.027216061,0.2997325171840253,1,-0.004143776,0.003556463,0.8509981817318841,1.5698405298761158,67.57526444,0,0.5322782318969501,train_dev
7/31/2025,-0.003751222,-0.003688408,0.01874446,-0.140291452,1,-0.007879454,0.003542987,0.8322592702998824,2.8189556687520185,67.08400646203577,1,0.48755035333357427,train_dev
8/1/2025,-0.01639033,-0.024140637,-0.005788851,-1.686006243,1,-0.024140637,0.006470678,1.1845892564761418,3.379900177168708,45.44650751547313,1,0.5042934685492922,train_dev
8/4/2025,0.015199768,-0.009058938,0.016900818,-0.229520946,1,-0.009307801,0.008239547,1.3299563064349964,0.082973796,61.09064112011792,1,0.5345513965222283,train_dev
8/5/2025,-0.005069949,-0.011475616,0.012299707,-0.721385287,1,-0.01433056,0.008421329,1.330309393899335,-0.196298937,54.48242887879516,1,0.5921187548277294,test_holdout
8/6/2025,0.007659602,-0.002647921,0.013973015,0.061670804,1,-0.006780725,0.008328691,1.298335102116999,-0.375496268,55.53479682,1,0.5754250465940919,test_holdout
8/7/2025,-0.000837574,0.000268953,0.01027452,0.01218021,1,-0.00761262,0.008328696,1.3005840101013133,0.074261882,55.44415947773371,1,0.569388529,test_holdout
8/8/2025,0.007797548,0.024866499,0.021744011,0.7907545465618272,1,0,0.008616583,1.3203311696065505,-0.439585975,59.01779969976411,1,0.5635049533767997,test_holdout
8/11/2025,-0.001977463,0.007525706,0.017781406,0.6076772049063501,1,-0.001977463,0.008640458,1.3174651969879865,-0.737086034,57.38493724,1,0.5980301250445155,test_holdout
8/12/2025,0.010645993,0.02344061,0.033031151,1.5593642446059164,1,0,0.00921362,1.358265775621869,-0.398793826,58.61438439658681,0,0.5581380395030249,test_holdout
8/13/2025,0.003423112,0.019137773,0.033113325,1.7393293524646378,1,0,0.009193613,1.3551018891404436,-0.57276357,60.22261277094324,0,0.5732349907709704,test_holdout
8/14/2025,9.303912295122174e-05,0.020086991,0.026925037,1.5426228682268184,1,0,0.009020485,1.344537292254263,-0.582296279,58.07779378472942,0,0.5819547061322957,test_holdout
8/15/2025,-0.002341267,0.009824539,0.025271679,0.9596374842309562,1,-0.002341267,0.006597132,0.9781020334392216,-0.11563852,56.50780937124551,1,0.6021409169614822,test_holdout
8/18/2025,-0.000217581,0.011605233,0.023108609,0.7459238853817272,1,-0.002558338,0.005202671,0.7706446895644873,-1.279804433,58.30578512396693,0,0.6469114848552492,test_holdout
8/19/2025,-0.005425152,-0.004481165,0.017412461,0.013912315,1,-0.00796961,0.005256611,0.7609023754999207,-0.029817632,55.23585828929332,1,0.6223735217230886,test_holdout
8/20/2025,-0.002657039,-0.010513421,0.006149383,-0.3348671,1,-0.010605473,0.005002966,0.7457853827823467,0.8529341904123934,55.98095615949215,1,0.5797364306834502,test_holdout
8/21/2025,-0.004011847,-0.014574773,0.001781154,-0.785845416,1,-0.014574773,0.005218039,0.7698336737867121,-0.745559428,66.22858483923957,1,0.6095475537515497,test_holdout
8/22/2025,0.015356778,0.002906254,0.012886517,0.6100745715991651,1,0,0.006719035,0.890269456,0.5862863434000783,66.47250698974837,0,0.5238809736002513,test_holdout
8/25/2025,-0.004400986,-0.001290222,0.008682136,0.065103761,1,-0.004400986,0.006891436,0.9031597460076156,-0.964312053,67.03477443609026,0,0.6096038827111457,test_holdout
8/26/2025,0.004186966,0.008361857,0.01558417,0.4454311776913852,1,-0.000232446,0.006155101,0.8059427560933187,-0.913754903,65.30662710187934,0,0.6069399902812852,test_holdout
8/27/2025,0.002278505,0.01335193,0.019181666,0.6470310814617773,1,0,0.006103072,0.8001013247620313,-0.968970336,67.37554374093764,1,0.6068878485181571,test_holdout
8/28/2025,0.003541438,0.021036897,0.026642197,0.9410922892653008,1,0,0.006187783,0.8180634382038179,-0.291296068,65.15229736706249,0,0.5855868426056642,test_holdout
8/29/2025,-0.005963755,-0.000402907,0.037524931,0.3139817520461697,1,-0.005963755,0.006480243,0.9860942153193162,0.8965105412481487,61.03990326481256,1,0.5754094722639501,test_holdout
9/2/2025,-0.007410278,-0.003424284,0.014417669,-0.382432382,1,-0.01332984,0.006924186,1.1382090628453283,1.4418816561332466,46.92581300812999,1,0.5660734714031094,test_holdout
9/3/2025,0.005419589,-0.002201004,0.025112665,0.096249384,1,-0.007982494,0.006907724,1.1496698024551717,0.4999697489587422,48.58478956436134,1,0.5827456755151191,test_holdout
9/4/2025,0.008357411,0.003850734,0.025822561,0.7602969162804164,1,0,0.007196756,1.1896529196073302,0.032903382,54.537540805223024,1,0.5778594450858104,test_holdout
9/5/2025,-0.002896229,-0.002588917,0.023708976,0.2864929941694332,1,-0.002896229,0.007105837,1.1639608980166325,1.5519216050876226,54.10189982728839,1,0.5464516640662473,test_holdout
9/8/2025,0.002456585,0.005860011,0.018283687,0.4780539626445797,1,-0.000446759,0.005329696,0.901127998,-0.171581726,55.78815155955631,1,0.605988529,test_holdout
9/9/2025,0.002311854,0.015712121,0.022660083,0.5879086630298168,1,0,0.005051332,0.8588595202126994,0.034707282,61.48973350808227,1,0.58671804,test_holdout
9/10/2025,0.00289084,0.013157486,0.01481274,0.7688100439717318,1,0,0.004983146,0.912286711,0.9005548102836657,65.33942558746742,1,0.5350690226538067,test_holdout
9/11/2025,0.008310207,0.013110057,0.019755307,1.4338288598160724,1,0,0.005481917,0.96298853,0.2392452062818705,72.61368291683749,1,0.52600919,test_holdout
9/12/2025,-0.000334535,0.015712873,0.019319327,1.267285187689754,1,-0.000334535,0.00547441,0.9609334619797232,0.4095950814869212,65.40224032586566,1,0.5530484618526097,test_holdout
9/15/2025,0.005323923,0.018618128,0.027150939,1.5583102452636746,1,0,0.004945158,0.8645245783071589,-0.272441219,73.08462694041057,1,0.5578026663558243,test_holdout
9/16/2025,-0.001376889,0.014869374,0.025959894,1.111924772727975,1,-0.001376889,0.003857983,0.6718062645095181,-0.594478073,69.44444444,1,0.6049111408283993,test_holdout
9/17/2025,-0.001242424,0.010686742,0.030274613,0.7479909397419486,1,-0.002617603,0.003976017,0.7153455513127549,2.305312805748594,66.72887230071976,1,0.5104204332663923,test_holdout
9/18/2025,0.004672472,0.007040433,0.037846139,1.015863331299568,1,0,0.003503127,0.6357066020387705,1.4644898751709088,67.41514360313317,0,0.5424528,test_holdout
9/19/2025,0.002174373,0.00956785,0.044292345,0.9819763071970108,1,0,0.0030517,0.5721601187165088,1.7374693733246225,75.99665458600506,0,0.5234713028091832,test_holdout
9/22/2025,0.004731053,0.008972477,0.03336381,1.182464983529266,1,0,0.003130308,0.7114699483002194,-0.123256288,88.81098451650591,0,0.536559826,test_holdout
9/23/2025,-0.005443585,0.004863636,0.032281663,0.43538507,1,-0.005443585,0.004069629,0.908258644,0.6352001648048706,78.30764757196856,1,0.542061974,test_holdout
9/24/2025,-0.003181496,0.00291271,0.024707049,-0.0187531,1,-0.008607762,0.004359743,0.956297116,-0.418495387,69.24807198,1,0.5914294515397609,test_holdout
9/25/2025,-0.004613523,-0.00635702,0.017660795,-0.486339839,1,-0.013181573,0.003969706,0.8387654596860059,1.140205189607955,66.73892846,1,0.5481590386146517,test_holdout
9/26/2025,0.005729048,-0.002832605,0.019879184,0.017077045,1,-0.007528043,0.004346137,0.9013461435221296,-0.578509767,68.84247171453426,1,0.5853047595507973,test_holdout
9/29/2025,0.002810432,-0.004738768,0.028881482,0.2561995456083398,1,-0.004738768,0.004114035,0.9048593851280492,-0.21054341,69.16451335055964,1,0.5850425942065952,test_holdout
9/30/2025,0.003766876,0.00447822,0.040467303,0.5399923332558572,1,-0.000989743,0.004184539,1.0297931244006413,0.8360135237081501,69.70380818053576,1,0.5441665016527445,test_holdout
10/1/2025,0.003407487,0.011117834,0.038385062,0.7416405311598941,1,0,0.004173377,1.0437169868676228,-0.312986721,66.74922600619188,1,0.5883431859728083,test_holdout
10/2/2025,0.001151919,0.016974394,0.030964999,0.7520042154390462,1,0,0.004012537,1.0848177228611855,-1.513697263,67.97564687975643,1,0.6216069496396796,test_holdout
10/3/2025,-1.49E-05,0.011166178,0.033944132,0.6669915881439715,1,-1.49E-05,0.004004289,1.1212877211277863,-0.375678304,64.13487738419619,0,0.5961443517842681,test_holdout
10/6/2025,0.003586318,0.011948529,0.035109351,0.9555762995431768,1,0,0.003895395,1.084159608782213,-1.550069544,68.81685575364655,0,0.6204186405264123,test_holdout
10/7/2025,-0.003707509,0.004413222,0.028893024,0.4920071368068126,1,-0.003707509,0.003619071,0.9552173749842788,-0.234023355,65.28290282902827,0,0.6004067277138728,test_holdout
10/8/2025,0.005963056,0.006971352,0.032044894,0.9092340096995036,1,0,0.003630309,0.92815957,-1.019452763,66.22793897696675,0,0.6128363318198072,test_holdout
10/9/2025,-0.002897,0.002898897,0.020573879,0.419536894,1,-0.002897,0.003320291,0.8988451290124432,-0.563577623,60.98998232174409,0,0.6202808975543173,test_holdout
10/10/2025,-0.027027832,-0.024192705,-0.00667772,-2.165770754,1,-0.029846533,0.009541071,1.3094229082419362,3.4881585372104844,35.880670208418465,1,0.5284468196774874,test_holdout
10/13/2025,0.015344094,-0.012760382,0.003222829,-0.655067634,1,-0.014960408,0.010871022,1.3582981339177589,0.019754284,49.84637628772811,1,0.5474675217308644,test_holdout
10/14/2025,-0.001221646,-0.010297107,0.003378788,-0.717672863,1,-0.016163777,0.010790943,1.3485496744226615,0.3654538962359313,51.04571534332776,1,0.5595546083579552,test_holdout
10/15/2025,0.004439545,-0.011795992,0.009087048,-0.227842367,1,-0.011795992,0.010837743,1.3465153221772583,0.1006989556852862,56.60237388724037,1,0.5508337191168271,test_holdout
10/16/2025,-0.006810289,-0.015674355,-0.002446169,-0.779627263,1,-0.018525947,0.010999203,1.3507246749519053,1.3029247515494653,48.92099487929767,1,0.535471072,test_holdout
10/17/2025,0.005676314,0.017411412,0.001039626,-0.144134883,1,-0.012954792,0.011214458,1.3623628352403507,0.6986868494832532,50.62754109952275,1,0.5209366493597847,test_holdout
10/20/2025,0.010400518,0.01245777,0.006688261,0.8991189175702402,1,-0.002689011,0.01169811,1.3772988700807407,-0.833892648,54.19809773696295,1,0.5663655977128764,test_holdout
10/21/2025,-1.49E-05,0.013681047,0.01218317,0.8647178585649133,1,-0.002703867,0.011625573,1.386628316765302,-0.93762628,52.41825613079012,1,0.5959508539329488,test_holdout
10/22/2025,-0.005198945,0.003953876,0.010134624,0.4204485988054109,1,-0.007888755,0.011566217,1.369696065335238,0.052671511,48.84440104166661,1,0.5797245341419526,test_holdout
10/23/2025,0.005929919,0.016832163,0.020834283,1.0068203962325295,1,-0.002005616,0.011718368,1.3892701521700053,-0.52411493,51.94983942498849,1,0.5769850786258411,test_holdout
10/24/2025,0.008172562,0.019356101,0.023314496,1.4626502089179316,1,0,0.006972831,0.8180957297458714,-0.168668145,54.11799065,1,0.5934430238832601,test_holdout
10/27/2025,0.011797711,0.020765679,0.032485535,2.3193725017059723,1,0,0.006378028,0.7211561440579444,-0.604968147,60.89483644228172,0,0.5919035908696331,test_holdout
10/28/2025,0.002656004,0.023492082,0.03134288,2.212172153706542,1,0,0.006186423,0.7003308167944509,-0.61610713,59.71313187578329,0,0.6109368861402722,test_holdout
10/29/2025,0.000480307,0.02933513,0.028334206,1.924342983220932,1,0,0.00626043,0.709318741,0.3338005640647997,61.56147599373134,0,0.5733441719124263,test_holdout
10/30/2025,-0.010998123,0.012013219,0.015854278,0.5173502323566623,1,-0.010998123,0.007096761,0.7668639072329758,-0.080398737,72.48783761,0,0.5729015728634168,test_holdout
10/31/2025,0.003280232,0.007102252,0.019201745,0.584281328,1,-0.007753968,0.007032396,0.7587993909250214,0.3402392429823079,68.35198764955624,0,0.5513780454629946,test_holdout
11/3/2025,0.001876668,-0.002772751,0.017465493,0.5944336981195419,1,-0.005891852,0.006483846,0.7009200213325748,-0.926977894,70.18550392044375,0,0.6030615680260896,test_holdout
11/4/2025,-0.011853543,-0.017203738,0.009146341,-0.655733364,1,-0.017675555,0.007799063,0.8093950188109676,-0.046984863,58.76414273,1,0.612345001,test_holdout
11/5/2025,0.003465435,-0.014271374,0.006640817,-0.454695706,1,-0.014271374,0.007559077,0.7892830142956067,-0.250892409,65.32754252623964,1,0.5777579378535054,test_holdout
11/6/2025,-0.01072936,-0.014003501,-0.001266464,-1.501770679,1,-0.024847612,0.008271734,0.8377691251092779,0.1692796009867433,55.03572643756375,1,0.6002037101092957,test_holdout
11/7/2025,0.000984619,-0.016259567,0.027487673,-1.313718742,1,-0.023887458,0.007761326,1.0273426858096342,1.522486696628744,49.68589377498579,1,0.5582686999114967,test_holdout
11/10/2025,0.015604274,-0.002780461,0.027750965,0.2822572337613802,1,-0.00865593,0.008510675,1.1227442346459744,-0.147891228,58.05683441816165,0,0.5635561667737218,test_holdout
11/11/2025,0.00228927,0.01149221,0.031363726,0.5719199665447288,1,-0.006386476,0.008496231,1.1242817277544863,-1.166177655,62.44677367,0,0.6088582461723793,test_holdout
11/12/2025,0.000556369,0.008559875,0.02737646,0.6873282600207861,1,-0.005833661,0.0084973,1.1285609616755372,-0.863419452,60.10786360473206,0,0.6043132746357731,test_holdout
11/13/2025,-0.016593989,0.002580895,0.017255994,-0.869698615,1,-0.022330846,0.009398137,1.1240165048467463,1.9421158991963772,45.88662561187429,0,0.55745639,test_holdout
11/14/2025,-0.000163681,0.001430764,0.011348756,-0.737602357,1,-0.022490871,0.009281681,1.120046720156007,1.4837811291990817,37.998196573489615,0,0.5608628628679859,test_holdout
11/17/2025,-0.009316447,-0.02314217,-0.008386712,-1.40500862,1,-0.031597783,0.009507242,1.154933742807223,0.9460309812019468,32.14226081,1,0.5984324302925281,test_holdout
11/18/2025,-0.008397554,-0.033557833,-0.016699191,-2.012944599,1,-0.039729993,0.009190032,1.091064155,2.182021679151398,29.040675364543432,1,0.5584321820043264,test_holdout
11/19/2025,0.003863168,-0.03036378,-0.007741839,-1.415617166,1,-0.036020309,0.009218238,1.0950500008576514,0.8804036980381128,35.70003326,1,0.5721262872308022,test_holdout
11/20/2025,-0.015242292,-0.02903101,-0.028626295,-2.660781333,1,-0.050713569,0.009776304,1.0980383687388828,3.2416907280603118,28.289957359211968,1,0.5147891720578072,test_holdout
11/21/2025,0.009961228,-0.019198428,-0.026902916,-1.515751532,1,-0.04125751,0.010529374,1.168231035556314,1.3922812097239674,33.40161136146388,1,0.5183917432211416,test_holdout
11/24/2025,0.014718602,0.004596872,-0.024093748,0.1239702830654928,0,-0.027146162,0.010369752,1.120175200086029,-0.3235504,45.65014031805427,1,0.609448784,test_holdout
11/25/2025,0.009405889,0.02263362,-0.017523943,1.1866215762459909,0,-0.017995607,0.010913977,1.1459927504493392,-0.346286689,48.37522213759834,1,0.6090325185919466,test_holdout
11/26/2025,0.006903499,0.0257308,-0.01121634,1.9417038879073083,0,-0.005414264,0.011203089,1.1576377926590056,-0.683263187,56.15071550479192,1,0.6149052312595785,test_holdout
11/28/2025,0.005458451,0.047292845,0.005236603,2.323958740411679,0,0,0.009757207,1.0340087972338938,-1.453923086,57.83892956324159,1,0.6549310123516762,test_holdout
12/1/2025,-0.004565475,0.032229185,-0.002624403,1.7297664284443182,0,-0.004565475,0.009948988,1.0506843695541024,-0.927635485,49.18603033254482,1,0.6718553395649669,test_holdout
12/2/2025,0.001852206,0.019140759,-0.002648755,1.677037815032021,0,-0.002721726,0.009228184,0.9745897165568168,-0.882732236,48.97303339,1,0.6724115394299263,test_holdout
12/3/2025,0.003462797,0.013140351,0.01281026,1.6679798415270533,1,0,0.008413021,0.9266830326678668,-1.027968256,50.34670292318151,1,0.6252397624647534,test_holdout
12/4/2025,0.000731112,0.006929732,0.010050474,1.4142485841214116,1,0,0.008459555,0.9342436583733328,-0.821355036,59.84691436772447,1,0.6010287211638401,test_holdout
12/5/2025,0.001899502,0.003365575,0.022944608,1.1100592483801834,1,0,0.00551678,0.637077274,-0.191979285,60.76682316118945,0,0.6089957733332735,test_holdout
12/8/2025,-0.003004273,0.004939215,0.018868206,0.4419486881117454,1,-0.003004273,0.005735963,0.6585632807741508,-0.954085209,65.04187605,0,0.6303328056243394,test_holdout
12/9/2025,-0.00086304,0.002215603,0.002347969,0.1447101618202641,1,-0.00386472,0.004356545,0.5443370213426713,-0.801395741,70.98720292504558,0,0.6054165267856897,test_holdout
12/10/2025,0.006632115,0.005380982,0.006691069,0.6237304407382992,1,0,0.003906771,0.4809764876026118,0.1012297561841358,72.00070571630198,0,0.5642374765841078,test_holdout
12/11/2025,0.002327036,0.006984322,0.008472592,0.7180050770397689,1,0,0.003495511,0.4297184960635626,0.078032681,88.02407638024061,0,0.5352010374997467,test_holdout
12/12/2025,-0.010752064,-0.005731453,0.014463425,-0.341181183,1,-0.010752064,0.004883821,0.6446646160223819,1.0088884875170323,73.15135465471577,0,0.554808883,test_holdout
12/15/2025,-0.001510796,-0.004242061,0.013096602,-0.498435993,1,-0.012246615,0.004673378,0.6157090080505231,0.2343575149619654,64.84413656605639,1,0.588022298,test_holdout
12/16/2025,-0.002732361,-0.00610506,0.019829645,-0.731713737,1,-0.014945514,0.004704699,0.6471422173170629,1.2277676336150969,55.34870797443737,1,0.5815913900925829,test_holdout
12/17/2025,-0.011003579,-0.023517605,0.017149436,-1.644387475,1,-0.025784639,0.005541205,0.7419877024663305,0.8536227721672724,39.32989690721657,1,0.6420811071535129,test_holdout
12/18/2025,0.007551385,-0.018427964,0.020886468,-0.786556239,1,-0.018427964,0.006263757,0.8252414824932616,0.7525775822638952,41.38446215139451,1,0.6060496289481174,test_holdout
12/19/2025,0.00609044,-0.001716146,0.043001854,-0.107584802,1,-0.012449758,0.006620198,1.000827327778178,0.8613464611265809,50.38872691933922,1,0.5834628218802722,test_holdout
12/22/2025,0.006229889,0.006022946,0.039148445,0.4970335009678076,1,-0.00629743,0.006905067,1.0735037333974953,-0.498900978,53.73810602628008,1,0.614240503,test_holdout
12/23/2025,0.004570477,0.013389898,0.028756,0.8835152910467973,1,-0.001755735,0.007025129,1.2252481307576906,-0.670664488,54.531284791805874,0,0.6036722752632111,test_holdout
12/24/2025,0.003517646,0.028269288,0.022754881,1.1966884388521923,1,0,0.006800341,1.248511754539137,-1.598298843,56.39547298740123,0,0.6217246148662596,test_holdout
12/26/2025,-0.000101393,0.020459148,0.015639713,1.1695220787595304,1,-0.000101393,0.006768308,1.282054533040631,-1.369184811,55.06578947368408,0,0.6188966551305892,test_holdout
12/29/2025,-0.003563616,0.010667215,0.006526288,0.7190978989338643,1,-0.003664648,0.005788316,1.1036584618331793,-0.576816873,54.58695652173916,1,0.6059237134746982,test_holdout
12/30/2025,-0.001221196,0.003183272,0.009907831,0.5036814240593802,1,-0.00488137,0.005775598,1.125366898606003,-1.143823427,54.29189189189192,1,0.6272281052206151,test_holdout
12/31/2025,-0.007408917,-0.00877958,0.000572242,-0.285433531,1,-0.012254121,0.006273318,1.158648785359658,-0.098008768,43.96496475112145,1,0.6199458716101421,test_holdout
1/2/2026,0.00183306,-0.010443524,-0.001052801,-0.274286949,1,-0.010443524,0.004807718,0.8949162045428802,0.450528672,43.54283254412398,1,0.6039248010677769,test_holdout
1/5/2026,0.006660129,-0.003751938,0.004865647,0.2253072835753102,1,-0.003852951,0.004695161,0.84192747,-0.276192421,56.83486238532112,1,0.5962861945526521,test_holdout
1/6/2026,0.005947188,0.005757069,0.008925316,0.6567767017413015,1,0,0.004680339,0.819497354,-0.362664865,61.873124732104486,1,0.5891999810170498,test_holdout
1/7/2026,-0.003223428,0.003740848,0.008703538,0.2630235936089313,1,-0.003223428,0.004605783,0.8054273598682058,-0.151255771,61.38634913884759,1,0.599738397,test_holdout
1/8/2026,-0.000101511,0.011130338,0.009472359,0.2302573241889311,1,-0.003324612,0.004402114,0.770709406,-0.650364074,72.84885188,1,0.5838882260692946,test_holdout
1/9/2026,0.006613392,0.015955033,0.009453583,0.8390297764766694,1,0,0.004753533,0.8323891015293684,0.0374876,72.49488753,0,0.5408437447490574,test_holdout
1/12/2026,0.001570447,0.010818356,0.008691615,0.9262754435378489,1,0,0.004757735,0.8346360917132424,-0.590641033,70.18564699,0,0.5787613821783704,test_holdout
1/13/2026,-0.00199954,0.002833148,0.01761617,0.6379719512832005,1,-0.00199954,0.004625483,0.9070359746881432,0.085712221,63.447653429602845,0,0.5840153331688689,test_holdout
1/14/2026,-0.004915174,0.001131123,0.014146578,0.094677885,1,-0.006904885,0.004947097,0.9443390868066304,0.7995117413114363,53.579952267303085,0,0.582916434,test_holdout
1/15/2026,0.002723217,0.003959333,0.019694492,0.2173034966897902,1,-0.004200472,0.00411554,0.7927423235220437,0.1750299709761175,52.81989084293514,0,0.6086015284577555,test_holdout
1/16/2026,-0.00083786,-0.003472272,0.030175752,0.010410823,1,-0.005034812,0.004178488,0.951461095,0.3581482543884611,52.015527022991975,1,0.6130564284898898,test_holdout
1/20/2026,-0.020356823,-0.025289142,0.001640871,-1.881623114,1,-0.025289142,0.007611325,1.1968433561757053,2.0975123337154264,38.61671469740633,1,0.5795303229117007,test_holdout
1/21/2026,0.011541073,-0.012064517,0.007067397,-0.657020319,1,-0.014039933,0.008382525,1.2445562286617535,2.537477358833842,48.45459781148011,1,0.4795100063192421,test_holdout
1/22/2026,0.005223227,-0.001998957,0.006059898,-0.129444115,1,-0.00889004,0.008546202,1.276902912975713,0.1217661033120365,56.97904310003962,1,0.551657476,test_holdout
1/23/2026,0.000362855,-0.004348203,0.001846038,-0.089150461,1,-0.00853041,0.008547177,1.2914841762854763,-0.537662521,56.11133521581291,1,0.5829235294674621,test_holdout
1/26/2026,0.005078131,0.001547003,0.003403922,0.4377195666010844,1,-0.003495598,0.008427994,1.2636896374235078,-0.757637331,55.16175561508348,1,0.586690465,test_holdout
1/27/2026,0.003984236,0.026432303,0.007503875,0.8330627015240409,1,0,0.008517188,1.2670082410835817,-1.100428616,53.89830508474584,0,0.5976822933981274,test_holdout
1/28/2026,-0.000100648,0.0146192,0.011005306,0.7988010012914866,1,-0.000100648,0.008486778,1.274435809,-0.793035185,56.48312611012424,0,0.5941625551297456,test_holdout
1/29/2026,-0.001984412,0.00734419,0.010232748,0.5451434713890271,1,-0.002084861,0.008337098,1.2495249358565037,1.0392704838674114,54.88673139158575,0,0.5389434346338198,test_holdout
1/30/2026,-0.002982537,0.003975451,0.014737799,0.2491850778703408,1,-0.00506118,0.008368041,1.2943196605520118,1.1591101161435926,47.606019151846745,0,0.5565920692137176,test_holdout
2/2/2026,0.004971314,0.003868751,0.017916478,0.6928506787330271,1,-0.000115027,0.008504501,1.3022577506263424,-0.012621478,50.27050421986584,0,0.581887798,test_holdout
2/3/2026,-0.008455444,-0.008569498,0.002631885,-0.331010957,1,-0.008569498,0.00557987,0.8325262703440541,1.3546308812224952,45.81854043392502,1,0.5899223949801511,test_holdout
2/4/2026,-0.004843879,-0.013272555,-0.008123618,-0.825120429,1,-0.013371867,0.00473091,0.7119030056823796,1.0987391234795687,45.881888208572015,1,0.5933923026950236,test_holdout
2/5/2026,-0.012489252,-0.023658579,-0.01734389,-1.902678632,1,-0.025694115,0.005804193,0.8109903334604144,1.3535028207788036,37.247034193998566,1,0.6045954942023098,test_holdout
2/6/2026,0.019184794,-0.001950952,0.001609839,-0.040816208,1,-0.007002257,0.008804396,1.0424037132532529,0.1388519314888311,49.25437338686553,0,0.5567229282909824,test_holdout
2/9/2026,0.004821754,-0.002099481,-0.000172893,0.4234295769756253,1,-0.002214266,0.00878909,1.0484483043996808,-0.583601826,63.87523309035432,0,0.5700147083869991,test_holdout
2/10/2026,-0.002637078,0.003756182,-0.004373094,0.2074745868967967,1,-0.004845505,0.008722369,1.0390074388908046,-1.010129411,56.33962264150946,0,0.6108910173664676,test_holdout
2/11/2026,-0.000231174,0.00840875,-0.002608934,0.2345217798160495,1,-0.005075558,0.008721884,1.0402885184023745,-0.463017479,53.00524405,0,0.5948637029807609,test_holdout
2/12/2026,-0.01544887,0.0053865,-0.013167043,-1.131099579,1,-0.020446016,0.009937197,1.1028856402344995,1.4486772166108837,43.36887704098631,1,0.5591564455205595,test_holdout
2/13/2026,0.000704566,-0.012843532,-0.015153704,-0.914479058,1,-0.019755856,0.009957282,1.108585168059718,0.3758488136213409,40.36842105263157,1,0.5818769421294175,test_holdout
2/17/2026,0.001613495,-0.015995389,-0.012737472,-0.573104286,0,-0.018174237,0.009771859,1.0861166209377882,-0.311746183,38.57968919407302,1,0.678775512,test_holdout
2/18/2026,0.00503771,-0.008423395,0.012854571,-0.025056012,0,-0.013228084,0.009678528,1.2455021409626283,-0.594987559,42.224493272014975,1,0.682570026,test_holdout
2/19/2026,-0.002637369,-0.010809873,-0.001342282,-0.263882231,0,-0.015830566,0.009591449,1.3027240479290605,-1.221247567,41.91748393642208,1,0.7023328056920662,test_holdout
2/20/2026,0.007231767,0.01197763,0.000653139,0.2848115995996884,1,-0.008713281,0.008778748,1.1781398393199958,0.80128464,47.95227346017407,0,0.5385388026481908,test_holdout
2/23/2026,-0.010211334,0.000938761,-0.009924118,-0.620258677,0,-0.018835641,0.007048299,0.904109175,0.268696401,40.07924413288632,1,0.6837561723431905,test_holdout
2/24/2026,0.007268571,0.006590027,-0.007766374,0.1983996827937625,0,-0.011703978,0.007316982,0.9270595680265302,-0.646723687,48.31530139103558,0,0.6665238370429689,test_holdout
2/25/2026,0.008438205,0.009995774,-0.003364534,1.0287250106399717,0,-0.003264214,0.00784891,0.9711269830316912,-1.580382506,55.18165574746868,0,0.6800190940186825,test_holdout
2/26/2026,-0.005554353,0.007041842,-0.008800437,0.5065424757883263,0,-0.008786184,0.008057378,0.9859184286767516,-0.818835889,59.35297885970528,0,0.6622191004599415,test_holdout
2/27/2026,-0.004801973,-0.004989629,-0.011598755,-0.044878464,0,-0.013545966,0.006367655,0.7741698695149656,-0.140660122,45.61137440758293,0,0.6850783711634494,test_holdout
3/2/2026,0.000568521,0.005847096,-0.008078385,-0.055477815,0,-0.012985145,0.00636781,0.7757865377193638,0.133745186,42.40112427223441,0,0.6745602236651544,test_holdout
3/3/2026,-0.008814359,-0.010213137,-0.021685049,-0.900061033,0,-0.019626774,0.007021064,0.8444980004695416,1.027870144,39.089394780677374,0,0.6590124288097748,test_holdout
3/4/2026,0.0070554,-0.011570367,-0.006381158,-0.184005373,0,-0.012709849,0.007219213,0.8685879834739277,-0.332325912,44.17930799386392,0,0.6781283741342825,test_holdout
3/5/2026,-0.005575584,-0.01159147,-0.007111733,-0.694675225,0,-0.018214569,0.007389672,0.8866761079987062,1.231515129216323,50.03861004,0,0.6292059624344515,test_holdout
3/6/2026,-0.013107102,-0.019839939,-0.007732948,-1.75211983,0,-0.031082931,0.007829556,0.9340248485967382,0.9804252904942664,42.22406639004145,0,0.6632950420529268,test_holdout
3/9/2026,0.008759927,-0.011815612,-0.017882482,-0.831775004,0,-0.022595288,0.008041826,1.0917279362473808,1.029632761,46.47908979089786,0,0.5980313972134439,test_holdout
3/10/2026,-0.00160703,-0.004630106,-0.024166006,-0.843702686,0,-0.023039746,0.007554851,1.0429582782656248,-0.233513446,42.73408837135104,0,0.6629563958947977,test_holdout
3/11/2026,-0.001255205,-0.012844278,-0.022813963,-0.723659102,0,-0.024266032,0.006718787,0.9285470813455956,-1.027281759,43.398671634537486,0,0.69505334,test_holdout
3/12/2026,-0.015184895,-0.02238335,-0.037429909,-1.896496872,0,-0.03908245,0.007816426,0.9916846275678696,1.2478472400545249,32.572706935122994,0,0.6504467343303325,test_holdout
3/13/2026,-0.005660151,-0.015006395,-0.027859733,-2.110067606,0,-0.044521388,0.007838256,1.0773688088127276,0.6950955517427034,34.242709313264285,0,0.646349874,test_holdout
3/16/2026,0.010176811,-0.013622894,-0.018657866,-0.859622631,0,-0.034797663,0.008906113,1.1545739638727543,-0.217936368,36.028065893837635,0,0.6479021572681034,test_holdout
3/17/2026,0.002630674,-0.009436191,-0.017661273,-0.458095468,0,-0.03225853,0.008741403,1.1301650800571943,0.088547279,31.82704811443429,0,0.6595229788957433,test_holdout
3/18/2026,-0.013953696,-0.022030666,-0.036223754,-1.500654498,0,-0.045762101,0.009010185,1.1085410432358709,-0.265172489,29.21080113382064,0,0.6896180297160728,test_holdout
3/19/2026,-0.002464358,-0.009398553,-0.036056568,-1.427640897,0,-0.048113684,0.008983368,1.1053550599049526,1.498084158250946,29.96174445294561,0,0.6033873630743655,test_holdout
3/20/2026,-0.017020309,-0.020716001,-0.05926635,-2.759473743,0,-0.064315083,0.009532921,1.1204038986117344,3.195995415481795,25.18703241895261,0,0.5581094934064043,test_holdout
3/23/2026,0.010500023,-0.020402673,-0.039581471,-1.400059577,0,-0.05449037,0.009795024,1.107972427025715,1.6668197669646858,33.788174139051264,0,0.5589267692476443,test_holdout
3/24/2026,-0.003356831,-0.026252627,-0.049712665,-1.374934696,0,-0.057664286,0.009775366,1.1405705819855358,0.047678422,28.51378614660385,0,0.6417239889744766,test_holdout
3/25/2026,0.005572736,-0.006969747,-0.052412898,-0.532305572,0,-0.047120267,0.010184064,1.212363353687886,-0.288438627,33.49062963462322,0,0.6170192786499699,test_holdout
3/26/2026,-0.017858774,-0.022294635,-0.064137531,-1.997453809,0,-0.060156182,0.010570904,1.168154411901051,-0.083544519,32.27231388852802,1,0.6482144934274292,test_holdout
3/27/2026,-0.017051884,-0.02232604,-0.07565708,-3.25410654,0,-0.07618229,0.011449556,1.197824437984328,0.207262439,23.087231968810958,1,0.6417715397772203,test_holdout
3/30/2026,-0.003343374,-0.035719735,-0.079270958,-3.029252185,0,-0.077591114,0.010292177,1.0830886800308688,-0.029014165,22.80110696667072,1,0.6352936586321365,test_holdout
3/31/2026,0.029067835,-0.004347959,-0.044081549,0.1035915322773054,0,-0.050778684,0.014979286,1.2519058673351957,2.100117327048661,37.086355957467966,1,0.4665617874300729,test_holdout
4/1/2026,0.00753452,-0.00240553,-0.043626757,0.9540126462141486,0,-0.03826452,0.014771732,1.2325059740472963,-0.229069031,44.32080621457069,1,0.5777773721225127,test_holdout
4/2/2026,0.000900433,0.01664884,-0.037398541,1.1067584880004768,0,-0.03308417,0.014768994,1.2332718648699077,-1.338791617,46.49218071242402,1,0.6242833505240413,test_holdout
4/6/2026,0.004726835,0.03917425,-0.020003569,1.422685077583486,0,-0.028513719,0.013623738,1.1590773464981254,-2.091810949,44.289914066033454,1,0.6611186655918107,test_holdout
4/7/2026,0.000440107,0.043119135,-0.02808616,1.4073847318215835,0,-0.026521752,0.013265922,1.1497930288970457,-0.919377256,43.34828101644249,1,0.6263167181886446,test_holdout
4/8/2026,0.025469494,0.039471661,-0.001727753,3.626252004279877,0,-0.000473142,0.015275108,1.1747602449921528,-0.124115723,57.72245762711867,1,0.5448504373537602,test_holdout
4/9/2026,0.005769145,0.037650327,0.005293274,3.8564879945865207,0,0,0.01527813,1.1696647249880132,-1.342149555,60.40136547015621,1,0.6201984190805111,test_holdout
4/10/2026,-0.000661852,0.036030679,0.020118308,3.245707339310137,0,-0.000661852,0.013458129,1.0726406912556454,-1.61282571,67.98230294562812,1,0.6454104068192011,test_holdout
4/13/2026,0.009772466,0.041233515,0.035951018,3.437202717921423,0,0,0.010951056,0.8701345515027042,-1.126329976,67.91880541297247,1,0.635652448,test_holdout
4/14/2026,0.012184813,0.053457116,0.038010254,3.720409230079917,0,0,0.01024731,0.8092177058053764,-0.801701094,72.46408358728782,1,0.6086412636857602,test_holdout
4/15/2026,0.007891023,0.035398885,0.043456223,3.770144252865052,1,0,0.007606811,0.5974230366769018,-0.895263792,73.00469483568078,1,0.5744131157676053,test_holdout
4/16/2026,0.002457353,0.031989528,0.060822763,3.3141329186986006,1,0,0.007764832,0.6389725700215386,-1.057585478,83.78927248835268,1,0.578319725,test_holdout
4/17/2026,0.012085626,0.045153504,0.076295847,3.733221537782857,1,0,0.00760943,0.6216224188325798,-1.866707626,96.83458554,1,0.5629736557722251,test_holdout
4/20/2026,0,0.035038624,0.094931927,2.963010218876509,1,0,0.007974338,0.70729318,-0.946473737,99.43088402681175,1,0.5631663662189237,test_holdout
4/21/2026,-0.008533529,0.01385249,0.074308035,1.424682003486092,1,-0.008533529,0.009262964,0.8019475993570042,-0.421934794,90.24865188735784,1,0.5704395455171565,test_holdout
4/22/2026,0.01012669,0.01610138,0.088842279,1.934901320032678,1,0,0.006719751,0.5836498597259039,-0.852439076,90.56384983330932,1,0.5845526814431251,test_holdout
4/23/2026,-0.00388071,0.009677052,0.078606011,1.1256644646313494,1,-0.00388071,0.007283665,0.6250613027994443,-0.37128476,86.97301855,1,0.5939543573596557,test_holdout
4/24/2026,0.007749312,0.005351058,0.1067292935869412,1.4102032351721272,1,0,0.007151457,0.6817292323887969,-0.646437699,87.39632902787235,1,0.6050389473273091,test_holdout
4/27/2026,0.001722834,0.00708311,0.127868284,1.1671775691415651,1,0,0.007004262,0.7650470504445988,-0.937847534,87.55537656061229,1,0.6376388607935387,test_holdout
4/28/2026,-0.004865976,0.010808431,0.1261452284127411,0.4301184519122493,1,-0.004865976,0.006913984,0.7479695854306031,-0.537793334,79.15985616214473,1,0.6538780745459634,test_holdout
4/29/2026,-0.000154562,0.00052024,0.094166128,0.2499274449638513,1,-0.005019786,0.006677831,0.8831185134235643,-0.585416075,77.59191496776467,1,0.6265961801824198,test_holdout
4/30/2026,0.009949689,0.014411744,0.096788963,1.005472898331145,1,0,0.007177512,0.9405718288261212,0.8937752580168113,80.61543267728847,1,0.5408100837380717,test_holdout
5/1/2026,0.002769042,0.009398549,0.098836589,1.135768787619792,1,0,0.006339178,0.8347682261022539,-0.451181799,79.09718713154805,1,0.6148026781706608,test_holdout
5/4/2026,-0.003663359,0.003971084,0.08966051,0.6541023685627047,1,-0.003663359,0.00653749,0.8356102072625018,0.040497982,71.94780987884447,1,0.6206037431051378,test_holdout
5/5/2026,0.008022172,0.016973682,0.097918752,1.1822796454139648,1,0,0.005884301,0.7535456931500069,-0.779813226,72.09345447802717,1,0.6356691367559906,test_holdout
5/6/2026,0.013899443,0.031268445,0.085531279,2.265268438839145,1,0,0.006496909,0.9978899435098916,0.4495511312915937,75.83105829452401,1,0.5347533156761585,test_holdout
5/7/2026,-0.003066105,0.017977903,0.075995352,1.6241415331273763,1,-0.003066105,0.006403327,0.9570111185445042,0.3515161744816923,69.12919343326209,1,0.5866445565317508,test_holdout
5/8/2026,0.008256103,0.023548186,0.085597386,2.127223588312182,1,0,0.006444885,0.964396187,-0.029104899,72.13273196,1,0.5774041560359755,test_holdout
5/11/2026,0.002277596,0.029651398,0.077539717,2.0189907392202477,1,0,0.006432301,0.980665702,-0.247679308,80.51993067590996,0,0.5657594153766379,test_holdout
5/12/2026,-0.001514947,0.01990964,0.06295539,1.4934320338558875,1,-0.001514947,0.006031988,0.95066922,0.6384846656720834,76.08821822402791,0,0.5487096316488234,test_holdout
5/13/2026,0.005594841,0.01155581,0.06053376,1.6318656719483102,1,0,0.005898679,0.9402292020623572,-0.148442283,81.90727478326431,0,0.552845374,test_holdout
5/14/2026,0.007894276,0.022676946,0.066285665,2.0219761039187683,1,0,0.005710922,0.8968505908106237,-0.032405832,82.03256597417189,0,0.5440664261378594,test_holdout
5/15/2026,-0.012029352,0.002101353,0.040879263,0.5408096366401248,1,-0.012029352,0.007662648,1.115882219427225,1.4587803627320413,69.60784313725496,1,0.527917978,test_holdout
5/18/2026,-0.000703492,-0.00087921,0.040147013,0.1888077172441586,1,-0.012724381,0.007449443,1.0828277324190272,-0.068911669,73.14560439560438,1,0.5600969712292108,test_holdout
5/19/2026,-0.0066608,-0.00602834,0.042111692,-0.612797222,1,-0.019300426,0.007760127,1.1513296285848498,0.7547180529146733,67.56542426645522,1,0.5536184503689617,test_holdout
5/20/2026,0.010249002,-0.001427975,0.042237876,0.3050084168249921,1,-0.009249235,0.007169953,1.062549905254908,-0.323586259,67.79020318160346,1,0.5701296739379141,test_holdout
5/21/2026,0.001983137,-0.007284441,0.048373209,0.352650282,1,-0.007284441,0.007025808,1.0644400847159108,-0.559330581,67.52421788153096,1,0.6019364490445884,test_holdout
5/22/2026,0.003931495,0.008753061,0.04440149,0.6381324637743688,1,-0.003381584,0.006691241,1.030771507997882,-0.729572264,71.84189723320162,1,0.5889115219036729,test_holdout
5/26/2026,0.006638592,0.016164625,0.049526686,1.152092674124488,1,0,0.006914742,1.0532206174151488,-0.929625457,71.47661755,1,0.5912132292732296,test_holdout
5/27/2026,-0.000173197,0.022801303,0.054475966,0.9674828359584524,1,-0.000173197,0.006861728,1.0769472184279387,-0.784400528,65.83507903256526,1,0.6128360543358603,test_holdout
5/28/2026,0.005516616,0.018010118,0.060457011,1.3568874597379676,1,0,0.006856803,1.0772497498304352,-0.854741989,71.15808823529416,1,0.5961035619523603,test_holdout
5/29/2026,0.002491386,0.018526497,0.05262572,1.4961178217941429,1,0,0.006515772,1.0596899083632358,1.286254890296235,68.76990445859877,0,0.5237514155198302,test_holdout
6/1/2026,0.002723139,0.017300574,0.052577534,1.508699713355084,1,0,0.004593118,0.7470075049606675,-0.602560396,69.00434610825765,0,0.6117106589201141,test_holdout
6/2/2026,0.001357872,0.011963922,0.057882202,1.3627665281480932,1,0,0.004473094,0.7479574785055898,-2.131822467,71.16564417177925,0,0.6677763879804587,test_holdout
6/3/2026,-0.007017128,0.005036911,0.042099009,0.3767588623505996,1,-0.007017128,0.004557507,0.7310828821050148,0.6673089963698827,61.53102648366525,0,0.6011463442224578,test_holdout
6/4/2026,0.003778638,0.003299761,0.031696714,0.5440953634363108,1,-0.003265005,0.003768795,0.6726349005186996,0.4781732312902203,59.15435139573078,0,0.5951924394204957,test_holdout
6/5/2026,-0.025809349,-0.025023794,0.00816042,-1.983584859,1,-0.028990086,0.009607819,1.161954140081828,3.640397465,48.633142085723925,1,0.5074363466860363,test_holdout
6/8/2026,0.002264253,-0.025469982,0.002169139,-1.677763974,1,-0.026791474,0.009533542,1.1803513536525587,0.022530322,50.47177619599408,1,0.5806701461065656,test_holdout
6/9/2026,-0.002935527,-0.029648354,-0.003043419,-1.789521373,1,-0.029648354,0.009174957,1.1343420381099898,2.4292622812094207,52.87894554283725,1,0.494113453,test_holdout
6/10/2026,-0.015765552,-0.038197391,-0.01727221,-3.014397502,1,-0.044946483,0.010145113,1.1511723907624236,0.5820930762405945,37.19235751,1,0.6070863999291979,test_holdout
6/11/2026,0.016996816,-0.025531971,-0.006129515,-1.143384703,1,-0.028713614,0.01177694,1.2286187336853966,1.935492607882219,46.58496282015973,1,0.4753919890004356,test_holdout
6/12/2026,0.005408263,0.005694529,-0.008580937,-0.412180124,1,-0.023460642,0.011940795,1.2582768230891517,0.1699292460206077,47.360564527072896,1,0.5419919519110222,test_holdout
6/15/2026,0.017633974,0.021116853,0.021185925,1.3944541533402672,1,-0.006240373,0.013421411,1.3578361199453777,0.3551656920998732,52.591053532143725,0,0.5127553115371932,test_holdout
6/16/2026,-0.005961607,0.018017774,0.015812631,0.9152348609663512,1,-0.012164777,0.01351363,1.3508252307791122,0.7029082837344292,49.92458521870287,0,0.5429266272841142,test_holdout
6/17/2026,-0.012487839,0.021407993,0.009853761,-0.16666734,1,-0.024500704,0.013883627,1.3461272623673246,1.5956060672179466,42.53992561802673,0,0.5302167024864142,test_holdout
6/18/2026,0.007800691,0.01217198,0.007406408,0.7526019952453006,1,-0.016891136,0.0141159,1.3830387925448084,1.1858008441803751,44.89089383,0,0.5033118730068724,test_holdout
6/22/2026,-0.003147012,0.003559151,0.002248492,0.3429283166587266,1,-0.019984992,0.011274453,1.102151806667368,-0.643559722,42.60014642819793,0,0.6139754301937553,test_holdout
6/23/2026,-0.014521958,-0.028152034,-0.016174025,-1.039010795,1,-0.034216728,0.012267957,1.147253191566045,0.3761290311501153,37.66960812221277,1,0.5997445891338848,test_holdout
6/24/2026,-0.00046348,-0.022776645,-0.023115149,-1.034011292,1,-0.03466435,0.01224274,1.1602650285866376,-0.185570637,39.54183266932274,1,0.5828535307438446,test_holdout
6/25/2026,0.001445639,-0.008988339,-0.021533459,-1.009452836,1,-0.033268823,0.010996936,1.0408359566050134,-0.415589244,38.44437683804888,1,0.5963841002291743,test_holdout
6/26/2026,-0.007231377,-0.023769987,-0.03393851,-1.608965179,1,-0.040259621,0.009744802,0.9250857820335912,0.4868125244297738,44.92770798767484,1,0.5646949934652834,test_holdout
6/29/2026,0.016474849,-0.004554064,-0.020463198,0.022137153,1,-0.024448043,0.011105968,0.986003484,-0.293979529,50.93961148648647,1,0.537138317,test_holdout
6/30/2026,0.007786775,0.017980316,-0.01551665,0.9107738875451008,1,-0.01685164,0.009713454,0.8515295335973271,-0.488186554,54.943043124491474,0,0.5546559450942695,test_holdout
7/1/2026,-0.001352491,0.0170749,-0.018181339,0.8365638010040946,1,-0.014965196,0.009561639,0.8389476705778188,-1.15035852,61.58932846881773,1,0.5792429997769152,test_holdout
7/2/2026,-0.001314096,0.014272096,-0.012542427,0.6520666797305303,1,-0.016259626,0.008620708,0.7624980303831089,-0.483779837,54.59664745940282,1,0.5841811346549712,test_holdout
7/6/2026,0.008727409,0.030576551,-0.007674121,1.468242552427102,1,-0.004703046,0.008711839,0.7602501929253597,-0.951157503,56.04158742234056,0,0.5828774475508098,test_holdout
7/7/2026,-0.00475189,0.009055331,0.013775337,0.9408146707148566,1,-0.009432587,0.008803661,0.8939216841378058,-1.344142859,44.86735870818914,1,0.6618111912346358,test_holdout
7/8/2026,-0.003089433,-0.001834568,0.008360163,0.4686470159302213,1,-0.012492879,0.00724303,0.7333090422530517,-1.28997155,46.33020694,1,0.6651449115991693,test_holdout
7/9/2026,0.008465254,0.007978438,0.019890102,1.0675343184048909,1,-0.004133381,0.007502894,0.7503657182720139,-1.356266521,58.38402745281548,0,0.627501308,test_holdout
7/10/2026,0.004310173,0.013655039,0.040693106,1.222120174033147,1,0,0.007512162,0.8165737743594272,-1.183725777,56.66720806,0,0.6450504077197634,test_holdout
7/13/2026,-0.007656136,-0.00280854,0.015465734,0.1761041274154155,1,-0.007656136,0.007576129,0.8679096989766623,-0.990953875,53.67692307692306,0,0.6501810923256275,test_holdout
7/14/2026,0.003550596,0.005510158,0.013589484,0.3864148605488479,1,-0.004132724,0.00589166,0.6781862963081813,-1.501199781,66.05101143359714,0,0.6299844243012652,test_holdout
7/15/2026,0.003963662,0.012624094,-2.65E-05,0.676234428,1,-0.000185443,0.005550193,0.7137815210863973,-0.787051268,68.12909732728184,NaN,0.5864479192885631,test_holdout
7/16/2026,-0.005418582,-0.001316997,0.000519771,0.064513033,1,-0.00560302,0.005887333,0.7591987820092264,-0.53306383,63.13179782469616,NaN,0.6077143503010881,test_holdout
7/17/2026,-0.009897165,-0.015444731,0.003144569,-0.906161552,1,-0.015444731,0.006769678,0.8962721122517556,0.8917900801768539,61.06126237623757,NaN,0.565866618,test_holdout
7/20/2026,-0.001614444,-0.009450459,-0.006227067,-0.944781411,1,-0.017034241,0.006004491,0.8176095030774447,-0.054873817,51.012446591120224,NaN,0.605629027,test_holdout
7/21/2026,0.008341306,-0.004721812,0.005225755,-0.126130335,1,-0.008835022,0.006550012,0.8670089655538881,-1.606027669,51.39170506912442,NaN,0.6468963837131064,test_holdout
